date,open,high,low,close,volume
2005-01-03,0.186260,0.188858,0.179385,0.180148,1066716000.000000
2005-01-04,0.181447,0.181753,0.168918,0.171668,790224000.000000
2005-01-05,0.169834,0.175335,0.168918,0.173272,724812000.000000
2005-01-06,0.176328,0.178391,0.170369,0.171592,563568000.000000
2005-01-07,0.171973,0.173272,0.165785,0.168306,763092000.000000
2005-01-10,0.168842,0.170369,0.167696,0.168688,579552000.000000
2005-01-11,0.167084,0.168001,0.160972,0.163493,1093380000.000000
2005-01-12,0.164945,0.165556,0.158145,0.162118,1057800000.000000
2005-01-13,0.162500,0.168077,0.158909,0.163799,898764000.000000
2005-01-14,0.166855,0.167237,0.162729,0.164334,573912000.000000
2005-01-18,0.162500,0.167313,0.162118,0.166931,464556000.000000
2005-01-19,0.167696,0.168077,0.162424,0.163112,336492000.000000
2005-01-20,0.159826,0.167466,0.159826,0.163493,640080000.000000
2005-01-21,0.163722,0.167008,0.163188,0.163799,596352000.000000
2005-01-24,0.162882,0.165250,0.156312,0.157229,463704000.000000
2005-01-25,0.157916,0.162195,0.156999,0.159979,439704000.000000
2005-01-26,0.160513,0.164258,0.157840,0.162042,429120000.000000
2005-01-27,0.162347,0.175793,0.161354,0.175030,1002912000.000000
2005-01-28,0.175717,0.176405,0.170980,0.174801,671052000.000000
2005-01-31,0.176252,0.178391,0.172661,0.175106,562968000.000000
2005-02-01,0.174953,0.179155,0.173884,0.178391,507180000.000000
2005-02-02,0.185420,0.189774,0.180148,0.188323,2035404000.000000
2005-02-03,0.186337,0.187636,0.183739,0.186337,690120000.000000
2005-02-04,0.186413,0.197567,0.186337,0.197033,806448000.000000
2005-02-07,0.197262,0.200929,0.192907,0.194664,521628000.000000
2005-02-08,0.193442,0.199706,0.192830,0.196574,455772000.000000
2005-02-09,0.197109,0.197720,0.188705,0.189698,783756000.000000
2005-02-10,0.190691,0.195122,0.190004,0.194129,602376000.000000
2005-02-11,0.192907,0.201234,0.192219,0.199783,556512000.000000
2005-02-14,0.199706,0.200471,0.194817,0.195580,432900000.000000
2005-02-15,0.196880,0.203602,0.196574,0.197338,748500000.000000
2005-02-16,0.196726,0.199554,0.193136,0.196650,466464000.000000
2005-02-17,0.199325,0.199401,0.193365,0.194893,1017408000.000000
2005-02-18,0.209868,0.216208,0.204061,0.215979,3132120000.000000
2005-02-22,0.214528,0.223772,0.212618,0.218729,1420800000.000000
2005-02-23,0.215215,0.217890,0.208110,0.211624,1107840000.000000
2005-02-24,0.208722,0.217507,0.208722,0.217202,695496000.000000
2005-02-25,0.217507,0.221480,0.215139,0.220334,525132000.000000
2005-02-28,0.219265,0.221557,0.217354,0.221480,758064000.000000
2005-03-01,0.222473,0.226141,0.218729,0.220945,737148000.000000
2005-03-02,0.218500,0.219723,0.213153,0.214452,947460000.000000
2005-03-03,0.213916,0.215291,0.208415,0.211548,761292000.000000
2005-03-04,0.212160,0.213993,0.208874,0.210631,593124000.000000
2005-03-07,0.211548,0.217202,0.210097,0.212770,511176000.000000
2005-03-08,0.212236,0.212694,0.200623,0.201998,1332384000.000000
2005-03-09,0.200700,0.204443,0.196116,0.196726,910140000.000000
2005-03-10,0.197338,0.199095,0.193518,0.196650,689280000.000000
2005-03-11,0.198408,0.198713,0.190462,0.192219,732180000.000000
2005-03-14,0.196192,0.198484,0.194817,0.197643,572148000.000000
2005-03-15,0.198637,0.200547,0.193518,0.193671,378108000.000000
2005-03-16,0.192907,0.195963,0.190309,0.190386,535356000.000000
2005-03-17,0.190997,0.191684,0.188017,0.188475,442584000.000000
2005-03-18,0.188629,0.189240,0.181218,0.184656,639012000.000000
2005-03-21,0.184579,0.191455,0.183433,0.190997,654456000.000000
2005-03-22,0.191150,0.192907,0.186871,0.187559,622992000.000000
2005-03-23,0.187329,0.192907,0.186948,0.191608,728784000.000000
2005-03-24,0.192142,0.197338,0.191837,0.191990,865356000.000000
2005-03-28,0.192066,0.194817,0.188017,0.189851,511188000.000000
2005-03-29,0.189621,0.191761,0.184808,0.185649,587400000.000000
2005-03-30,0.185725,0.188323,0.179308,0.185649,858708000.000000
2005-03-31,0.184579,0.185878,0.180683,0.181523,518316000.000000
2005-04-01,0.183739,0.184808,0.178697,0.179766,510756000.000000
2005-04-04,0.178773,0.179308,0.174724,0.178697,421428000.000000
2005-04-05,0.178773,0.182516,0.174494,0.175564,430128000.000000
2005-04-06,0.178849,0.181829,0.177627,0.178239,567468000.000000
2005-04-07,0.179155,0.183357,0.176099,0.181523,506352000.000000
2005-04-08,0.182287,0.186336,0.178773,0.179155,621540000.000000
2005-04-11,0.180453,0.181065,0.175106,0.175640,328380000.000000
2005-04-12,0.175106,0.178085,0.171210,0.177780,512232000.000000
2005-04-13,0.178009,0.178468,0.169223,0.170369,498408000.000000
2005-04-14,0.170751,0.172356,0.168383,0.168994,352080000.000000
2005-04-15,0.166855,0.168077,0.161583,0.163112,630156000.000000
2005-04-18,0.162118,0.165633,0.161201,0.161966,473100000.000000
2005-04-19,0.164639,0.168842,0.163875,0.167619,365460000.000000
2005-04-20,0.170446,0.171515,0.162347,0.162500,564672000.000000
2005-04-21,0.165785,0.172126,0.164334,0.171515,538152000.000000
2005-04-22,0.170446,0.171592,0.167925,0.169910,336276000.000000
2005-04-25,0.171363,0.173884,0.170522,0.172585,318168000.000000
2005-04-26,0.172661,0.176252,0.168306,0.171821,353148000.000000
2005-04-27,0.167313,0.167925,0.161813,0.165250,609348000.000000
2005-04-28,0.164716,0.168001,0.163112,0.165785,372948000.000000
2005-04-29,0.167389,0.168688,0.159826,0.167542,478356000.000000
2005-05-02,0.169529,0.171439,0.164410,0.166931,334908000.000000
2005-05-03,0.167084,0.170140,0.165327,0.166014,439512000.000000
2005-05-04,0.166779,0.172509,0.166243,0.171286,468816000.000000
2005-05-05,0.172279,0.176786,0.171363,0.174648,619272000.000000
2005-05-06,0.176710,0.177093,0.172661,0.177015,355728000.000000
2005-05-09,0.177780,0.181523,0.176710,0.180301,745332000.000000
2005-05-10,0.178009,0.178085,0.171286,0.173272,735120000.000000
2005-05-11,0.174189,0.174953,0.170064,0.170369,555420000.000000
2005-05-12,0.170369,0.176405,0.170217,0.174113,835584000.000000
2005-05-13,0.189851,0.194588,0.181829,0.193518,2650320000.000000
2005-05-16,0.191226,0.195504,0.191150,0.194205,664104000.000000
2005-05-17,0.193059,0.197262,0.192907,0.196345,639804000.000000
2005-05-18,0.195887,0.198255,0.193824,0.197796,550056000.000000
2005-05-19,0.198255,0.199095,0.195199,0.197414,452880000.000000
2005-05-20,0.197185,0.201005,0.194893,0.200929,517008000.000000
2005-05-23,0.202304,0.207652,0.201693,0.205589,703668000.000000
2005-05-24,0.204596,0.209256,0.203602,0.208492,522192000.000000
2005-05-25,0.208034,0.209103,0.203831,0.205818,535272000.000000
2005-05-26,0.207652,0.213229,0.207269,0.211624,788784000.000000
2005-05-27,0.212236,0.212236,0.208034,0.210249,322740000.000000
2005-05-31,0.209332,0.211090,0.203602,0.207040,763176000.000000
2005-06-01,0.205665,0.212770,0.203221,0.208951,796632000.000000
2005-06-02,0.208186,0.216743,0.208186,0.216743,684348000.000000
2005-06-03,0.215979,0.217966,0.213916,0.216208,559620000.000000
2005-06-06,0.212312,0.216514,0.212160,0.214145,512892000.000000
2005-06-07,0.212694,0.216208,0.208186,0.208951,974136000.000000
2005-06-08,0.209485,0.212389,0.205284,0.207499,618720000.000000
2005-06-09,0.205894,0.216285,0.205665,0.216208,619908000.000000
2005-06-10,0.215979,0.216208,0.212312,0.213764,465096000.000000
2005-06-13,0.213916,0.224536,0.213306,0.218500,1409916000.000000
2005-06-14,0.218577,0.222167,0.198713,0.205589,2408412000.000000
2005-06-15,0.204290,0.205894,0.196880,0.204978,1669788000.000000
2005-06-16,0.204901,0.207423,0.201922,0.206047,489240000.000000
2005-06-17,0.208569,0.208951,0.205054,0.205589,456348000.000000
2005-06-20,0.205589,0.210097,0.202227,0.208722,606060000.000000
2005-06-21,0.210097,0.211701,0.208110,0.210707,428172000.000000
2005-06-22,0.212923,0.214375,0.207881,0.210478,700668000.000000
2005-06-23,0.210097,0.216361,0.209332,0.213764,836976000.000000
2005-06-24,0.213382,0.213458,0.205818,0.206964,475632000.000000
2005-06-27,0.205665,0.207346,0.203450,0.205284,354588000.000000
2005-06-28,0.206123,0.207957,0.203832,0.206582,262308000.000000
2005-06-29,0.206659,0.207040,0.202992,0.204672,283572000.000000
2005-06-30,0.206047,0.207957,0.202533,0.204138,593232000.000000
2005-07-01,0.203450,0.205360,0.200929,0.205054,315168000.000000
2005-07-05,0.205818,0.209103,0.203831,0.208263,388440000.000000
2005-07-06,0.208951,0.214757,0.206582,0.213840,703632000.000000
2005-07-07,0.210478,0.213916,0.209791,0.212312,465900000.000000
2005-07-08,0.213611,0.215674,0.210861,0.214986,408132000.000000
2005-07-11,0.216896,0.220411,0.215979,0.218195,399492000.000000
2005-07-12,0.218042,0.218653,0.212541,0.216973,564252000.000000
2005-07-13,0.217889,0.218500,0.213611,0.217278,594780000.000000
2005-07-14,0.219570,0.223849,0.207346,0.207652,1871496000.000000
2005-07-15,0.207040,0.207652,0.201846,0.205436,1223352000.000000
2005-07-18,0.204825,0.204901,0.198255,0.200317,1044900000.000000
2005-07-19,0.201540,0.203526,0.200012,0.203068,517896000.000000
2005-07-20,0.200700,0.206964,0.197949,0.206123,526500000.000000
2005-07-21,0.203450,0.204367,0.198408,0.202609,594528000.000000
2005-07-22,0.203602,0.206506,0.195887,0.197338,699264000.000000
2005-07-25,0.195046,0.204596,0.194205,0.198484,974952000.000000
2005-07-26,0.197643,0.202915,0.196880,0.202609,759492000.000000
2005-07-27,0.202915,0.207652,0.199477,0.206735,807828000.000000
2005-07-28,0.206353,0.209332,0.203526,0.208339,411240000.000000
2005-07-29,0.207499,0.209715,0.205055,0.206735,351660000.000000
2005-08-01,0.207957,0.210784,0.206582,0.209868,389040000.000000
2005-08-02,0.210097,0.213382,0.209791,0.212694,422652000.000000
2005-08-03,0.212694,0.214681,0.210784,0.212694,518256000.000000
2005-08-04,0.211090,0.212007,0.210020,0.210478,356424000.000000
2005-08-05,0.210173,0.216285,0.208722,0.215827,684096000.000000
2005-08-08,0.217278,0.221327,0.215062,0.216590,725544000.000000
2005-08-09,0.216896,0.217431,0.213687,0.216056,291900000.000000
2005-08-10,0.216973,0.218042,0.210631,0.212847,440556000.000000
2005-08-11,0.212847,0.216208,0.210784,0.215827,701556000.000000
2005-08-12,0.228509,0.230801,0.220716,0.228814,2295420000.000000
2005-08-15,0.229578,0.236989,0.226675,0.234621,882804000.000000
2005-08-16,0.232405,0.234468,0.228967,0.230648,637488000.000000
2005-08-17,0.229655,0.233475,0.229502,0.230648,607572000.000000
2005-08-18,0.228891,0.230037,0.223696,0.224688,822732000.000000
2005-08-19,0.225071,0.225758,0.222396,0.223084,422232000.000000
2005-08-22,0.222703,0.226293,0.218653,0.221250,547224000.000000
2005-08-23,0.221021,0.223849,0.220258,0.222703,254460000.000000
2005-08-24,0.221250,0.227592,0.220181,0.222855,514620000.000000
2005-08-25,0.223849,0.225605,0.221938,0.224383,296484000.000000
2005-08-26,0.224612,0.224612,0.218806,0.220945,323436000.000000
2005-08-29,0.218882,0.221557,0.217125,0.221327,343392000.000000
2005-08-30,0.220945,0.229808,0.220640,0.229272,948852000.000000
2005-08-31,0.228738,0.237294,0.228050,0.234392,906804000.000000
2005-09-01,0.233704,0.236607,0.232481,0.234468,556884000.000000
2005-09-02,0.234926,0.234926,0.229884,0.230648,469800000.000000
2005-09-06,0.231488,0.233780,0.227974,0.232558,423096000.000000
2005-09-07,0.232252,0.240580,0.231641,0.239968,588012000.000000
2005-09-08,0.238517,0.245774,0.238517,0.242795,646116000.000000
2005-09-09,0.245393,0.246462,0.241420,0.245927,454236000.000000
2005-09-12,0.246157,0.246920,0.242184,0.245087,556584000.000000
2005-09-13,0.243941,0.253720,0.243941,0.252498,854724000.000000
2005-09-14,0.250587,0.253949,0.248296,0.249442,503448000.000000
2005-09-15,0.253262,0.256700,0.251734,0.253873,759756000.000000
2005-09-16,0.256012,0.257387,0.251963,0.254026,519828000.000000
2005-09-19,0.253720,0.254561,0.249060,0.250435,428316000.000000
2005-09-20,0.252345,0.258151,0.252040,0.255324,522192000.000000
2005-09-21,0.254332,0.259374,0.250894,0.253109,625656000.000000
2005-09-22,0.253720,0.253720,0.241802,0.246310,739152000.000000
2005-09-23,0.245774,0.252040,0.243712,0.249900,314640000.000000
2005-09-26,0.251811,0.253720,0.247303,0.251963,406776000.000000
2005-09-27,0.253033,0.255248,0.250894,0.252803,404160000.000000
2005-09-28,0.253567,0.255019,0.250665,0.254332,353556000.000000
2005-09-29,0.254408,0.259755,0.252345,0.259603,513372000.000000
2005-09-30,0.259755,0.264263,0.259221,0.261895,458832000.000000
2005-10-03,0.264951,0.270986,0.262812,0.269076,549888000.000000
2005-10-04,0.270222,0.274653,0.264951,0.265562,514476000.000000
2005-10-05,0.265868,0.265868,0.255172,0.256776,599184000.000000
2005-10-06,0.256471,0.260443,0.248143,0.255859,685512000.000000
2005-10-07,0.256318,0.258916,0.250588,0.252574,551952000.000000
2005-10-10,0.253873,0.254332,0.246081,0.246157,459216000.000000
2005-10-11,0.247073,0.249212,0.240274,0.243101,540048000.000000
2005-10-12,0.242413,0.249748,0.242107,0.246004,657660000.000000
2005-10-13,0.245469,0.245851,0.235308,0.244705,509304000.000000
2005-10-14,0.246462,0.249519,0.240656,0.244705,311256000.000000
2005-10-17,0.244858,0.249518,0.244858,0.247073,243912000.000000
2005-10-18,0.247990,0.248449,0.241420,0.243024,299832000.000000
2005-10-19,0.239892,0.241344,0.233092,0.240961,635952000.000000
2005-10-20,0.241344,0.247685,0.240274,0.242643,359520000.000000
2005-10-21,0.246768,0.247532,0.242336,0.244018,298368000.000000
2005-10-24,0.246157,0.250665,0.243941,0.250665,291012000.000000
2005-10-25,0.248983,0.253033,0.247914,0.252269,334680000.000000
2005-10-26,0.252345,0.252880,0.245011,0.245393,415344000.000000
2005-10-27,0.245851,0.246615,0.239510,0.240274,227784000.000000
2005-10-28,0.240885,0.248143,0.234926,0.247685,464640000.000000
2005-10-31,0.248678,0.258075,0.248678,0.256317,432420000.000000
2005-11-01,0.256317,0.258228,0.251199,0.253186,400488000.000000
2005-11-02,0.253262,0.268160,0.252116,0.267854,523668000.000000
2005-11-03,0.269688,0.271215,0.262583,0.264722,465072000.000000
2005-11-04,0.264875,0.265485,0.257463,0.260214,570276000.000000
2005-11-07,0.261589,0.262506,0.257999,0.259068,370824000.000000
2005-11-08,0.260062,0.260291,0.253109,0.254255,538968000.000000
2005-11-09,0.254790,0.267396,0.251887,0.265714,818880000.000000
2005-11-10,0.274959,0.280918,0.250894,0.255859,2503620000.000000
2005-11-11,0.258075,0.263117,0.256929,0.260062,545928000.000000
2005-11-14,0.260138,0.267396,0.256165,0.265562,493668000.000000
2005-11-15,0.267167,0.269688,0.265333,0.266173,496200000.000000
2005-11-16,0.266479,0.267930,0.260061,0.265256,455280000.000000
2005-11-17,0.267472,0.277251,0.264339,0.277022,703260000.000000
2005-11-18,0.277939,0.280231,0.271063,0.276487,465768000.000000
2005-11-21,0.276793,0.281835,0.274959,0.281377,454704000.000000
2005-11-22,0.282828,0.291614,0.280612,0.288863,731700000.000000
2005-11-23,0.289169,0.292225,0.286495,0.288023,411948000.000000
2005-11-25,0.289399,0.291308,0.287412,0.290850,116676000.000000
2005-11-28,0.291614,0.294135,0.284203,0.289399,424524000.000000
2005-11-29,0.272285,0.280002,0.269840,0.271063,1043136000.000000
2005-11-30,0.269152,0.277557,0.269076,0.276181,575448000.000000
2005-12-01,0.278473,0.280765,0.275494,0.279466,562032000.000000
2005-12-02,0.280765,0.281453,0.275799,0.279543,334476000.000000
2005-12-05,0.280154,0.280154,0.273431,0.274348,387708000.000000
2005-12-06,0.274806,0.279237,0.274424,0.275494,375252000.000000
2005-12-07,0.276564,0.278244,0.271215,0.275952,352668000.000000
2005-12-08,0.274501,0.278091,0.270605,0.273736,386664000.000000
2005-12-09,0.274577,0.278015,0.270757,0.277633,262896000.000000
2005-12-12,0.278397,0.282294,0.277939,0.281682,281136000.000000
2005-12-13,0.282217,0.287794,0.280154,0.285349,443412000.000000
2005-12-14,0.283210,0.284586,0.279314,0.282675,287472000.000000
2005-12-15,0.282446,0.284586,0.276181,0.279085,332724000.000000
2005-12-16,0.280078,0.282752,0.277404,0.281529,1065600000.000000
2005-12-19,0.282141,0.284203,0.276181,0.276869,292296000.000000
2005-12-20,0.276564,0.280765,0.273049,0.276716,304356000.000000
2005-12-21,0.278015,0.280307,0.273660,0.276181,289380000.000000
2005-12-22,0.275952,0.284891,0.275876,0.284586,318336000.000000
2005-12-23,0.285349,0.287183,0.283440,0.286801,214536000.000000
2005-12-27,0.286495,0.291691,0.285579,0.288558,367968000.000000
2005-12-28,0.288558,0.292149,0.286724,0.291232,264420000.000000
2005-12-29,0.291079,0.291996,0.283516,0.284738,310464000.000000
2005-12-30,0.283133,0.283210,0.278168,0.279314,229608000.000000
2006-01-03,0.280918,0.294135,0.280002,0.291996,472812000.000000
2006-01-04,0.294212,0.300629,0.291155,0.300171,510072000.000000
2006-01-05,0.300247,0.307505,0.299713,0.306970,646092000.000000
2006-01-06,0.310485,0.313158,0.298338,0.312012,623388000.000000
2006-01-09,0.311860,0.322403,0.311172,0.320722,560484000.000000
2006-01-10,0.319194,0.320798,0.315145,0.320798,339660000.000000
2006-01-11,0.321104,0.334244,0.320569,0.332411,626304000.000000
2006-01-12,0.332335,0.337453,0.325306,0.327674,495504000.000000
2006-01-13,0.326910,0.329584,0.320187,0.324771,421296000.000000
2006-01-17,0.320340,0.324695,0.316062,0.324542,329232000.000000
2006-01-18,0.314686,0.327292,0.311707,0.326222,459948000.000000
2006-01-19,0.330577,0.348837,0.329966,0.344329,914760000.000000
2006-01-20,0.344864,0.348837,0.334627,0.334703,461604000.000000
2006-01-23,0.337301,0.339439,0.332717,0.336613,334884000.000000
2006-01-24,0.337377,0.345323,0.336460,0.338294,388896000.000000
2006-01-25,0.339974,0.342190,0.331265,0.335314,400236000.000000
2006-01-26,0.340203,0.347079,0.338064,0.346774,448836000.000000
2006-01-27,0.351282,0.357241,0.348378,0.353344,385044000.000000
2006-01-30,0.354872,0.355254,0.347767,0.349371,315780000.000000
2006-01-31,0.347615,0.349524,0.340815,0.343489,384456000.000000
2006-02-01,0.337301,0.345093,0.336002,0.343718,450852000.000000
2006-02-02,0.346850,0.347079,0.332717,0.333251,473736000.000000
2006-02-03,0.331112,0.340432,0.330043,0.336307,504252000.000000
2006-02-06,0.335390,0.346162,0.333939,0.345781,363468000.000000
2006-02-07,0.346468,0.346468,0.333327,0.333480,399408000.000000
2006-02-08,0.334473,0.343107,0.334473,0.343107,393072000.000000
2006-02-09,0.344177,0.349524,0.335161,0.337301,437100000.000000
2006-02-10,0.338523,0.340051,0.327521,0.335390,414996000.000000
2006-02-13,0.334321,0.338905,0.332029,0.336536,280740000.000000
2006-02-14,0.336536,0.338370,0.332717,0.337148,342348000.000000
2006-02-15,0.336460,0.344558,0.335619,0.343641,493296000.000000
2006-02-16,0.350059,0.361366,0.347691,0.360602,1305888000.000000
2006-02-17,0.387112,0.387495,0.360602,0.362665,2356956000.000000
2006-02-21,0.361901,0.362512,0.351816,0.354949,684060000.000000
2006-02-22,0.349907,0.357164,0.341502,0.354337,939756000.000000
2006-02-23,0.353267,0.355636,0.347920,0.348913,385128000.000000
2006-02-24,0.350441,0.354643,0.347003,0.348837,416412000.000000
2006-02-27,0.351511,0.365186,0.347844,0.362971,666468000.000000
2006-02-28,0.361366,0.364422,0.356553,0.360067,563316000.000000
2006-03-01,0.361366,0.375882,0.359074,0.373743,703932000.000000
2006-03-02,0.373361,0.379549,0.369464,0.374278,545460000.000000
2006-03-03,0.370839,0.382070,0.370152,0.375576,595800000.000000
2006-03-06,0.382911,0.385432,0.372978,0.374812,529020000.000000
2006-03-07,0.374889,0.377791,0.360984,0.368394,606204000.000000
2006-03-08,0.368471,0.370381,0.353421,0.366561,670800000.000000
2006-03-09,0.370993,0.377181,0.368242,0.368471,536700000.000000
2006-03-10,0.368089,0.372749,0.358768,0.362054,521580000.000000
2006-03-13,0.365721,0.368165,0.362971,0.366409,372132000.000000
2006-03-14,0.366714,0.378098,0.365339,0.376569,627792000.000000
2006-03-15,0.377333,0.383140,0.375882,0.382605,510600000.000000
2006-03-16,0.383292,0.383751,0.368318,0.369617,568416000.000000
2006-03-17,0.367860,0.373590,0.362359,0.372597,618588000.000000
2006-03-20,0.375882,0.375958,0.369388,0.369770,293772000.000000
2006-03-21,0.388029,0.394981,0.377868,0.388029,1235472000.000000
2006-03-22,0.378174,0.380007,0.368394,0.376875,1158576000.000000
2006-03-23,0.378174,0.385432,0.373895,0.383904,661992000.000000
2006-03-24,0.384896,0.397579,0.384286,0.396892,687936000.000000
2006-03-27,0.397197,0.407893,0.395898,0.407587,651444000.000000
2006-03-28,0.405753,0.419276,0.404914,0.413852,795204000.000000
2006-03-29,0.415609,0.436848,0.412171,0.436084,987096000.000000
2006-03-30,0.436543,0.441432,0.428673,0.439064,1063308000.000000
2006-03-31,0.438758,0.444870,0.434785,0.437459,835560000.000000
2006-04-03,0.439751,0.448461,0.434251,0.442349,968916000.000000
2006-04-04,0.442960,0.463740,0.442502,0.463052,1200612000.000000
2006-04-05,0.462213,0.469089,0.452357,0.466797,1112976000.000000
2006-04-06,0.465573,0.471227,0.459156,0.467713,789312000.000000
2006-04-07,0.465727,0.469852,0.457322,0.466490,682674000.000000
2006-04-10,0.465421,0.468172,0.454878,0.458392,634230000.000000
2006-04-11,0.459921,0.459921,0.444488,0.447238,702072000.000000
2006-04-12,0.450141,0.467713,0.447696,0.465268,598308000.000000
2006-04-13,0.455337,0.460531,0.450447,0.452280,738360000.000000
2006-04-17,0.451516,0.464810,0.449836,0.453503,443868000.000000
2006-04-18,0.445404,0.445557,0.430736,0.442807,1165488000.000000
2006-04-19,0.440057,0.450447,0.433945,0.445558,517476000.000000
2006-04-20,0.441585,0.452892,0.434251,0.444946,552684000.000000
2006-04-21,0.446321,0.448155,0.423708,0.428902,770016000.000000
2006-04-24,0.431652,0.446321,0.424013,0.442043,676848000.000000
2006-04-25,0.437001,0.442807,0.429361,0.441737,719766000.000000
2006-04-26,0.443419,0.450141,0.433944,0.438682,330528000.000000
2006-04-27,0.437001,0.449836,0.427527,0.445710,462966000.000000
2006-04-28,0.446016,0.452128,0.442196,0.446474,284736000.000000
2006-05-01,0.449530,0.480854,0.449530,0.472144,902472000.000000
2006-05-02,0.475658,0.481312,0.463435,0.471533,539700000.000000
2006-05-03,0.466185,0.479784,0.465727,0.474589,378114000.000000
2006-05-04,0.465268,0.476728,0.462823,0.471533,511128000.000000
2006-05-05,0.473978,0.479632,0.467407,0.477950,338184000.000000
2006-05-08,0.476728,0.487118,0.471380,0.475811,503622000.000000
2006-05-09,0.475200,0.477645,0.460684,0.461296,561648000.000000
2006-05-10,0.455795,0.461143,0.446474,0.451058,753264000.000000
2006-05-11,0.455642,0.459921,0.431500,0.435014,1201110000.000000
2006-05-12,0.424624,0.426763,0.393301,0.402315,1568172000.000000
2006-05-15,0.401552,0.411636,0.398038,0.408122,553380000.000000
2006-05-16,0.410414,0.410566,0.394829,0.397426,497532000.000000
2006-05-17,0.396051,0.398343,0.374353,0.381382,841074000.000000
2006-05-18,0.384438,0.388105,0.363658,0.364117,686730000.000000
2006-05-19,0.367478,0.380466,0.363810,0.371756,932808000.000000
2006-05-22,0.369770,0.370534,0.356629,0.366714,734886000.000000
2006-05-23,0.374353,0.383063,0.361213,0.362741,532314000.000000
2006-05-24,0.365950,0.378327,0.357699,0.367478,579522000.000000
2006-05-25,0.374354,0.379854,0.363505,0.365492,423666000.000000
2006-05-26,0.366867,0.369311,0.362435,0.366256,294642000.000000
2006-05-30,0.366867,0.367019,0.350823,0.350975,448788000.000000
2006-05-31,0.355713,0.359074,0.348990,0.351129,598422000.000000
2006-06-01,0.355101,0.369464,0.349600,0.369464,537126000.000000
2006-06-02,0.375423,0.377257,0.360450,0.364117,673710000.000000
2006-06-05,0.362130,0.368853,0.347767,0.348837,581052000.000000
2006-06-06,0.353267,0.353574,0.330043,0.339516,824130000.000000
2006-06-07,0.343183,0.343794,0.330806,0.333404,565380000.000000
2006-06-08,0.329584,0.333863,0.314152,0.327292,730572000.000000
2006-06-09,0.331571,0.337224,0.323472,0.326222,433824000.000000
2006-06-12,0.320569,0.324847,0.306359,0.308193,463230000.000000
2006-06-13,0.308040,0.314304,0.300552,0.303456,532548000.000000
2006-06-14,0.305289,0.313235,0.302081,0.312318,480492000.000000
2006-06-15,0.323778,0.340739,0.321180,0.339669,837336000.000000
2006-06-16,0.337377,0.338294,0.327751,0.330959,503448000.000000
2006-06-19,0.334626,0.336307,0.320263,0.321028,388044000.000000
2006-06-20,0.312165,0.323166,0.310943,0.315985,535818000.000000
2006-06-21,0.314610,0.324542,0.314610,0.319500,441174000.000000
2006-06-22,0.323014,0.323930,0.308040,0.310179,532338000.000000
2006-06-23,0.309568,0.316749,0.306665,0.310332,335202000.000000
2006-06-26,0.309873,0.313235,0.305901,0.307428,281736000.000000
2006-06-27,0.309262,0.309568,0.293524,0.297650,608514000.000000
2006-06-28,0.299942,0.319041,0.292149,0.314152,833376000.000000
2006-06-29,0.305595,0.328362,0.304526,0.328362,687666000.000000
2006-06-30,0.331571,0.336765,0.322861,0.325305,468240000.000000
2006-07-03,0.332793,0.333098,0.327751,0.330043,174696000.000000
2006-07-05,0.324847,0.327751,0.315221,0.315221,459708000.000000
2006-07-06,0.315221,0.318277,0.302234,0.305442,470634000.000000
2006-07-07,0.307581,0.308193,0.292607,0.295968,541230000.000000
2006-07-10,0.296733,0.298872,0.280536,0.283134,449922000.000000
2006-07-11,0.282217,0.293676,0.278091,0.292607,600582000.000000
2006-07-12,0.291538,0.294899,0.278244,0.278549,461034000.000000
2006-07-13,0.274272,0.281148,0.269993,0.271368,540582000.000000
2006-07-14,0.276411,0.277939,0.262353,0.269993,572148000.000000
2006-07-17,0.268771,0.275189,0.267396,0.272132,502806000.000000
2006-07-18,0.281453,0.289857,0.271368,0.286954,979332000.000000
2006-07-19,0.285732,0.303150,0.283592,0.299483,1055550000.000000
2006-07-20,0.304831,0.310178,0.293066,0.293524,505602000.000000
2006-07-21,0.283592,0.284815,0.269382,0.271521,633918000.000000
2006-07-24,0.281606,0.305748,0.280078,0.298872,983178000.000000
2006-07-25,0.302539,0.312624,0.298108,0.309415,574104000.000000
2006-07-26,0.309415,0.313082,0.300247,0.309415,495318000.000000
2006-07-27,0.313387,0.326222,0.308193,0.313846,694338000.000000
2006-07-28,0.321945,0.347003,0.320111,0.346392,815298000.000000
2006-07-31,0.342724,0.346239,0.337377,0.338294,594762000.000000
2006-08-01,0.334168,0.334780,0.318583,0.324695,600966000.000000
2006-08-02,0.331876,0.351282,0.331112,0.349600,756774000.000000
2006-08-03,0.348378,0.381077,0.343489,0.371603,890568000.000000
2006-08-04,0.381382,0.381994,0.357088,0.366561,818232000.000000
2006-08-07,0.360143,0.366867,0.355254,0.362283,436146000.000000
2006-08-08,0.365186,0.379702,0.364269,0.371909,619806000.000000
2006-08-09,0.379244,0.389634,0.369006,0.371756,584706000.000000
2006-08-10,0.367631,0.371298,0.361366,0.369159,1072140000.000000
2006-08-11,0.342266,0.366867,0.341044,0.357546,1603272000.000000
2006-08-14,0.361977,0.365644,0.353726,0.355713,809412000.000000
2006-08-15,0.364880,0.391926,0.361366,0.389939,902172000.000000
2006-08-16,0.392079,0.419582,0.381994,0.417901,1029246000.000000
2006-08-17,0.412706,0.423555,0.407205,0.411331,814224000.000000
2006-08-18,0.411789,0.420193,0.397426,0.418054,665898000.000000
2006-08-21,0.411789,0.412553,0.401705,0.402622,500220000.000000
2006-08-22,0.401399,0.413165,0.401093,0.402010,473928000.000000
2006-08-23,0.405066,0.409191,0.392842,0.401705,485412000.000000
2006-08-24,0.402774,0.407969,0.396356,0.405830,260802000.000000
2006-08-25,0.402774,0.411789,0.398801,0.404607,238314000.000000
2006-08-28,0.411331,0.430430,0.410566,0.418512,764562000.000000
2006-08-29,0.422485,0.439445,0.419429,0.437459,727962000.000000
2006-08-30,0.439904,0.451058,0.438835,0.446474,681564000.000000
2006-08-31,0.445404,0.447391,0.435168,0.444794,511278000.000000
2006-09-01,0.438223,0.441737,0.424471,0.426152,605742000.000000
2006-09-05,0.427527,0.437153,0.421263,0.435473,549354000.000000
2006-09-06,0.427833,0.428444,0.412553,0.413623,493572000.000000
2006-09-07,0.406899,0.431194,0.402469,0.421874,742836000.000000
2006-09-08,0.428597,0.430431,0.413928,0.423249,447978000.000000
2006-09-11,0.413775,0.434709,0.409039,0.429819,598266000.000000
2006-09-12,0.427833,0.443877,0.426763,0.441127,498432000.000000
2006-09-13,0.442196,0.450447,0.440820,0.444641,476286000.000000
2006-09-14,0.442502,0.450753,0.437153,0.442960,428814000.000000
2006-09-15,0.444488,0.453808,0.442349,0.451670,649764000.000000
2006-09-18,0.452892,0.469547,0.451517,0.468782,793896000.000000
2006-09-19,0.465727,0.469089,0.452739,0.456559,708054000.000000
2006-09-20,0.462518,0.473825,0.461601,0.473214,511884000.000000
2006-09-21,0.472756,0.477492,0.464963,0.469394,539106000.000000
2006-09-22,0.468019,0.470922,0.450294,0.455489,653334000.000000
2006-09-25,0.462365,0.473825,0.449836,0.471839,684486000.000000
2006-09-26,0.471381,0.472603,0.455947,0.461906,516120000.000000
2006-09-27,0.460531,0.475200,0.456100,0.460531,578142000.000000
2006-09-28,0.442502,0.453655,0.440515,0.451822,647346000.000000
2006-09-29,0.454878,0.458392,0.449683,0.452128,373890000.000000
2006-10-02,0.449988,0.452892,0.437001,0.440668,647442000.000000
2006-10-03,0.432417,0.435778,0.422791,0.432417,907692000.000000
2006-10-04,0.433028,0.475048,0.431806,0.474895,1460382000.000000
2006-10-05,0.473061,0.477798,0.460226,0.461448,662682000.000000
2006-10-06,0.462213,0.477492,0.460837,0.472603,593610000.000000
2006-10-09,0.471533,0.509274,0.470157,0.503010,932304000.000000
2006-10-10,0.500412,0.502398,0.485896,0.491550,624648000.000000
2006-10-11,0.488952,0.503010,0.481465,0.494300,481944000.000000
2006-10-12,0.497050,0.506523,0.489104,0.496286,414720000.000000
2006-10-13,0.494606,0.518900,0.486508,0.515997,584190000.000000
2006-10-16,0.517678,0.526082,0.505912,0.515080,478968000.000000
2006-10-17,0.506677,0.510191,0.490480,0.495369,526506000.000000
2006-10-18,0.502703,0.508052,0.478715,0.482229,822750000.000000
2006-10-19,0.480395,0.495064,0.476575,0.491397,473040000.000000
2006-10-20,0.495217,0.495522,0.478715,0.485743,359478000.000000
2006-10-23,0.484674,0.496439,0.481312,0.482534,280248000.000000
2006-10-24,0.483451,0.502093,0.482076,0.496592,519288000.000000
2006-10-25,0.501328,0.508815,0.492925,0.501176,389436000.000000
2006-10-26,0.502398,0.518747,0.502398,0.517067,366690000.000000
2006-10-27,0.517067,0.528527,0.488952,0.494759,566988000.000000
2006-10-30,0.498120,0.509579,0.492772,0.500718,479592000.000000
2006-10-31,0.511719,0.532805,0.509121,0.532805,996174000.000000
2006-11-01,0.525776,0.530665,0.484368,0.491702,1176540000.000000
2006-11-02,0.493994,0.504690,0.481617,0.488341,862944000.000000
2006-11-03,0.493842,0.498731,0.485896,0.498120,548070000.000000
2006-11-06,0.499495,0.520122,0.493230,0.513246,739602000.000000
2006-11-07,0.517067,0.526540,0.514163,0.521039,553254000.000000
2006-11-08,0.517372,0.535097,0.516150,0.528679,648324000.000000
2006-11-09,0.539528,0.553126,0.534639,0.539223,1207758000.000000
2006-11-10,0.534639,0.537236,0.512941,0.526235,1317192000.000000
2006-11-13,0.527305,0.551599,0.527151,0.550071,852282000.000000
2006-11-14,0.548084,0.556642,0.536319,0.555572,628530000.000000
2006-11-15,0.553891,0.561531,0.543348,0.546404,491892000.000000
2006-11-16,0.548696,0.555418,0.543959,0.553433,457182000.000000
2006-11-17,0.549612,0.556488,0.546251,0.554960,361608000.000000
2006-11-20,0.548084,0.563211,0.543959,0.560155,608634000.000000
2006-11-21,0.561836,0.562753,0.547626,0.551446,387384000.000000
2006-11-22,0.553433,0.561531,0.550529,0.560919,240258000.000000
2006-11-24,0.558169,0.566268,0.553127,0.565045,144336000.000000
2006-11-27,0.561684,0.569170,0.535708,0.539528,585294000.000000
2006-11-28,0.537694,0.554502,0.529290,0.549612,480966000.000000
2006-11-29,0.554655,0.564434,0.552516,0.557711,579792000.000000
2006-11-30,0.557711,0.569782,0.550988,0.565198,583632000.000000
2006-12-01,0.558933,0.559697,0.538153,0.543042,785010000.000000
2006-12-04,0.550071,0.572074,0.548084,0.565045,621570000.000000
2006-12-05,0.559086,0.562448,0.552974,0.559239,663354000.000000
2006-12-06,0.561072,0.561072,0.550835,0.558475,478242000.000000
2006-12-07,0.558475,0.561531,0.540139,0.545029,486894000.000000
2006-12-08,0.541056,0.550682,0.533263,0.543195,564858000.000000
2006-12-11,0.543348,0.559086,0.542125,0.552516,515484000.000000
2006-12-12,0.548390,0.550224,0.539528,0.546862,568116000.000000
2006-12-13,0.551293,0.557710,0.551293,0.553280,491952000.000000
2006-12-14,0.557711,0.570087,0.557252,0.563059,715380000.000000
2006-12-15,0.566726,0.572990,0.563211,0.572990,746094000.000000
2006-12-18,0.573602,0.589798,0.573296,0.582922,688356000.000000
2006-12-19,0.575436,0.594382,0.574671,0.591326,545622000.000000
2006-12-20,0.588270,0.595298,0.584145,0.584603,306594000.000000
2006-12-21,0.587812,0.589492,0.572990,0.579561,367920000.000000
2006-12-22,0.578644,0.580630,0.563059,0.565809,370170000.000000
2006-12-26,0.568865,0.573907,0.563364,0.565656,228192000.000000
2006-12-27,0.568101,0.575129,0.568101,0.573144,264954000.000000
2006-12-28,0.573754,0.574366,0.566420,0.569018,213912000.000000
2006-12-29,0.569018,0.580936,0.564893,0.565503,386094000.000000
2007-01-03,0.566420,0.573296,0.531582,0.551293,1154820000.000000
2007-01-04,0.549307,0.551293,0.535249,0.548696,797298000.000000
2007-01-05,0.535708,0.537847,0.510649,0.514316,1243344000.000000
2007-01-08,0.516150,0.528068,0.507287,0.518137,657270000.000000
2007-01-09,0.518900,0.522414,0.507440,0.508052,764166000.000000
2007-01-10,0.502703,0.537847,0.495064,0.533110,1108746000.000000
2007-01-11,0.533110,0.537236,0.522414,0.531124,924504000.000000
2007-01-12,0.523179,0.540445,0.520734,0.538306,698190000.000000
2007-01-16,0.542431,0.542737,0.533110,0.539223,711864000.000000
2007-01-17,0.531735,0.534944,0.525929,0.527915,707934000.000000
2007-01-18,0.523331,0.523331,0.477645,0.484216,1501638000.000000
2007-01-19,0.479020,0.497203,0.475658,0.487118,942606000.000000
2007-01-22,0.491702,0.499648,0.485284,0.487118,730644000.000000
2007-01-23,0.484826,0.495064,0.475811,0.487271,630354000.000000
2007-01-24,0.493535,0.508968,0.491243,0.502398,685722000.000000
2007-01-25,0.506982,0.508815,0.482382,0.484826,616284000.000000
2007-01-26,0.488951,0.493688,0.472144,0.480853,829584000.000000
2007-01-29,0.478715,0.479020,0.457017,0.461143,1258284000.000000
2007-01-30,0.464199,0.473061,0.460073,0.470005,636174000.000000
2007-01-31,0.467713,0.472756,0.461906,0.468324,467976000.000000
2007-02-01,0.463893,0.476728,0.462976,0.474283,650898000.000000
2007-02-02,0.476881,0.488952,0.472908,0.486660,586590000.000000
2007-02-05,0.488952,0.498731,0.488188,0.494605,579906000.000000
2007-02-06,0.505760,0.518595,0.498272,0.512177,775386000.000000
2007-02-07,0.516303,0.533416,0.513246,0.532194,761058000.000000
2007-02-08,0.524095,0.532805,0.519512,0.525318,726276000.000000
2007-02-09,0.527915,0.532347,0.496897,0.498884,937956000.000000
2007-02-12,0.502551,0.520734,0.497203,0.509885,789360000.000000
2007-02-13,0.518137,0.523637,0.512941,0.519512,849732000.000000
2007-02-14,0.524095,0.527151,0.511413,0.512636,1081848000.000000
2007-02-15,0.512329,0.518289,0.507440,0.515691,488682000.000000
2007-02-16,0.513553,0.514163,0.498426,0.499953,915060000.000000
2007-02-20,0.500718,0.507135,0.497203,0.504385,625578000.000000
2007-02-21,0.500259,0.505607,0.491855,0.496897,655332000.000000
2007-02-22,0.504690,0.512788,0.498884,0.500106,655452000.000000
2007-02-23,0.504843,0.505148,0.498731,0.498884,403050000.000000
2007-02-26,0.500259,0.504078,0.490480,0.491243,494070000.000000
2007-02-27,0.485896,0.497356,0.475658,0.476423,714630000.000000
2007-02-28,0.475048,0.483909,0.469241,0.473672,780048000.000000
2007-03-01,0.463435,0.476575,0.457322,0.467865,837228000.000000
2007-03-02,0.463740,0.469394,0.453961,0.454878,682728000.000000
2007-03-05,0.446933,0.455795,0.437918,0.439445,663558000.000000
2007-03-06,0.449071,0.470464,0.447238,0.465421,805974000.000000
2007-03-07,0.463130,0.465268,0.450295,0.452280,811656000.000000
2007-03-08,0.461754,0.476117,0.461448,0.470922,770622000.000000
2007-03-09,0.477492,0.482840,0.460837,0.466185,555306000.000000
2007-03-12,0.460837,0.470157,0.460226,0.463435,428010000.000000
2007-03-13,0.458698,0.461448,0.443571,0.443877,617070000.000000
2007-03-14,0.445099,0.447696,0.428444,0.441737,971610000.000000
2007-03-15,0.440668,0.444641,0.430583,0.437306,655752000.000000
2007-03-16,0.437612,0.438376,0.430125,0.433181,525648000.000000
2007-03-19,0.435473,0.442349,0.433945,0.435320,461508000.000000
2007-03-20,0.433945,0.443877,0.431500,0.433181,656490000.000000
2007-03-21,0.450753,0.465115,0.442195,0.457934,1268376000.000000
2007-03-22,0.458392,0.470769,0.456254,0.468019,810954000.000000
2007-03-23,0.464505,0.472756,0.459462,0.462823,524640000.000000
2007-03-26,0.463129,0.467560,0.455337,0.463740,447336000.000000
2007-03-27,0.462671,0.463588,0.454572,0.455031,469020000.000000
2007-03-28,0.451211,0.455031,0.445557,0.446321,459504000.000000
2007-03-29,0.453045,0.453655,0.431347,0.438529,719016000.000000
2007-03-30,0.444488,0.447696,0.437459,0.439751,581244000.000000
2007-04-02,0.438682,0.442349,0.432111,0.439293,400830000.000000
2007-04-03,0.439293,0.444182,0.433486,0.437612,473724000.000000
2007-04-04,0.437001,0.440515,0.435473,0.436695,361692000.000000
2007-04-05,0.438528,0.472602,0.438528,0.472144,1332900000.000000
2007-04-09,0.472144,0.477492,0.462671,0.463588,640950000.000000
2007-04-10,0.462976,0.468324,0.457934,0.458851,794220000.000000
2007-04-11,0.459768,0.464351,0.449071,0.450600,810150000.000000
2007-04-12,0.448155,0.464810,0.445252,0.463435,743640000.000000
2007-04-13,0.461906,0.468172,0.456254,0.467255,638694000.000000
2007-04-16,0.466032,0.469547,0.458851,0.464810,671838000.000000
2007-04-17,0.476575,0.487424,0.466949,0.469241,1059108000.000000
2007-04-18,0.468477,0.479173,0.466032,0.475048,683802000.000000
2007-04-19,0.471227,0.484368,0.469852,0.481617,568056000.000000
2007-04-20,0.488646,0.488952,0.480854,0.487271,590052000.000000
2007-04-23,0.484979,0.485896,0.477950,0.479325,595272000.000000
2007-04-24,0.487424,0.501787,0.484216,0.497356,1028088000.000000
2007-04-25,0.496592,0.508662,0.494300,0.505912,509640000.000000
2007-04-26,0.505912,0.515996,0.501328,0.512177,500070000.000000
2007-04-27,0.510496,0.516150,0.497203,0.505301,554058000.000000
2007-04-30,0.512177,0.518595,0.502398,0.502551,563388000.000000
2007-05-01,0.511719,0.515080,0.503773,0.507899,544554000.000000
2007-05-02,0.510496,0.512636,0.499342,0.501940,659658000.000000
2007-05-03,0.506677,0.514775,0.505760,0.511413,500250000.000000
2007-05-04,0.514163,0.517678,0.509274,0.515080,405246000.000000
2007-05-07,0.522567,0.528373,0.504232,0.504843,557100000.000000
2007-05-08,0.501787,0.509885,0.492008,0.508662,737100000.000000
2007-05-09,0.504995,0.513858,0.499189,0.510954,417870000.000000
2007-05-10,0.513094,0.519817,0.497050,0.501481,802584000.000000
2007-05-11,0.528526,0.542125,0.520429,0.536931,1530630000.000000
2007-05-14,0.534791,0.539833,0.526540,0.531582,731568000.000000
2007-05-15,0.533111,0.536319,0.525623,0.526846,621360000.000000
2007-05-16,0.527304,0.533569,0.517220,0.533569,523104000.000000
2007-05-17,0.532041,0.534791,0.521651,0.524706,443664000.000000
2007-05-18,0.528680,0.536625,0.524248,0.535097,604266000.000000
2007-05-21,0.533569,0.550071,0.530971,0.536777,645768000.000000
2007-05-22,0.537236,0.544570,0.528526,0.539681,401736000.000000
2007-05-23,0.539986,0.543195,0.523789,0.525318,448248000.000000
2007-05-24,0.527763,0.529290,0.504232,0.506371,607800000.000000
2007-05-25,0.510038,0.516914,0.508510,0.514316,308976000.000000
2007-05-29,0.512177,0.521497,0.510649,0.519817,316242000.000000
2007-05-30,0.513705,0.521039,0.507287,0.521039,331650000.000000
2007-05-31,0.524859,0.532499,0.522414,0.529290,481572000.000000
2007-06-01,0.535250,0.543195,0.532041,0.532958,429084000.000000
2007-06-04,0.528068,0.538916,0.525929,0.535861,322002000.000000
2007-06-05,0.537389,0.552668,0.536472,0.551751,698586000.000000
2007-06-06,0.547932,0.564739,0.545640,0.555877,950736000.000000
2007-06-07,0.553280,0.561531,0.549766,0.549918,791862000.000000
2007-06-08,0.545334,0.559239,0.538611,0.558475,533268000.000000
2007-06-11,0.558475,0.563823,0.555419,0.560461,434634000.000000
2007-06-12,0.557558,0.565351,0.554350,0.554655,526770000.000000
2007-06-13,0.560767,0.568101,0.553585,0.567948,587232000.000000
2007-06-14,0.565351,0.580172,0.564586,0.578033,508548000.000000
2007-06-15,0.584603,0.608898,0.584450,0.604314,1081998000.000000
2007-06-18,0.610425,0.612565,0.599730,0.604619,685662000.000000
2007-06-19,0.600799,0.609815,0.596674,0.608440,491952000.000000
2007-06-20,0.611190,0.614246,0.604925,0.609050,822792000.000000
2007-06-21,0.620817,0.662072,0.616080,0.656723,1297326000.000000
2007-06-22,0.657029,0.670323,0.647097,0.666503,882618000.000000
2007-06-25,0.647862,0.663752,0.641903,0.648931,819702000.000000
2007-06-26,0.647250,0.649084,0.617301,0.618830,868482000.000000
2007-06-27,0.618830,0.636249,0.615774,0.635485,613140000.000000
2007-06-28,0.637318,0.648472,0.631053,0.641596,597534000.000000
2007-06-29,0.645875,0.646028,0.630901,0.631206,516570000.000000
2007-07-02,0.640221,0.657793,0.638235,0.657488,563850000.000000
2007-07-03,0.657029,0.663752,0.651681,0.658557,238770000.000000
2007-07-05,0.658710,0.667725,0.655501,0.665586,373290000.000000
2007-07-06,0.664669,0.671392,0.663447,0.668794,282720000.000000
2007-07-09,0.671240,0.691409,0.671087,0.688200,536784000.000000
2007-07-10,0.684685,0.699048,0.677351,0.694923,552654000.000000
2007-07-11,0.694770,0.699507,0.682241,0.691867,582612000.000000
2007-07-12,0.696756,0.705924,0.691867,0.705160,438732000.000000
2007-07-13,0.703174,0.711578,0.700118,0.700882,372630000.000000
2007-07-16,0.701493,0.716467,0.701340,0.713564,541710000.000000
2007-07-17,0.716467,0.730831,0.709897,0.710508,643812000.000000
2007-07-18,0.700270,0.702410,0.683768,0.697520,550656000.000000
2007-07-19,0.707453,0.710967,0.691867,0.696756,407376000.000000
2007-07-20,0.701340,0.703785,0.685755,0.689117,505650000.000000
2007-07-23,0.686672,0.710203,0.685144,0.695993,360474000.000000
2007-07-24,0.693242,0.699048,0.673378,0.677657,457560000.000000
2007-07-25,0.677809,0.687435,0.658863,0.674448,437196000.000000
2007-07-26,0.667266,0.687283,0.658252,0.677809,710268000.000000
2007-07-27,0.676129,0.707300,0.675824,0.676129,615480000.000000
2007-07-30,0.678574,0.696145,0.678421,0.695076,538158000.000000
2007-07-31,0.722579,0.732358,0.698285,0.699201,711492000.000000
2007-08-01,0.689117,0.706077,0.661613,0.694006,705828000.000000
2007-08-02,0.701952,0.702562,0.681629,0.690950,468606000.000000
2007-08-03,0.688659,0.693701,0.649695,0.650000,623412000.000000
2007-08-06,0.655501,0.660390,0.637165,0.655501,524724000.000000
2007-08-07,0.655501,0.676740,0.646792,0.665891,565764000.000000
2007-08-08,0.677962,0.717384,0.672767,0.696603,660744000.000000
2007-08-09,0.701340,0.724260,0.685297,0.704854,1251834000.000000
2007-08-10,0.647097,0.676740,0.632428,0.672156,1141014000.000000
2007-08-13,0.677504,0.682088,0.650917,0.664822,700410000.000000
2007-08-14,0.669406,0.701340,0.667419,0.690644,1092174000.000000
2007-08-15,0.686977,0.696756,0.660543,0.661460,695142000.000000
2007-08-16,0.654890,0.659627,0.618830,0.650459,780030000.000000
2007-08-17,0.668489,0.689422,0.647708,0.688811,728712000.000000
2007-08-20,0.689269,0.696757,0.677657,0.686060,519684000.000000
2007-08-21,0.690186,0.728691,0.679949,0.723190,715338000.000000
2007-08-22,0.741526,0.743971,0.726552,0.739692,566154000.000000
2007-08-23,0.743207,0.751917,0.730219,0.733428,667986000.000000
2007-08-24,0.731289,0.738623,0.725940,0.737248,361644000.000000
2007-08-27,0.737248,0.761695,0.733886,0.753902,635946000.000000
2007-08-28,0.756348,0.759403,0.706230,0.707911,560022000.000000
2007-08-29,0.722732,0.749013,0.721204,0.748096,538560000.000000
2007-08-30,0.740915,0.762307,0.740609,0.743818,465660000.000000
2007-08-31,0.759403,0.784615,0.755277,0.781712,720834000.000000
2007-09-04,0.785226,0.809216,0.773003,0.805854,683268000.000000
2007-09-05,0.802340,0.825106,0.799131,0.799742,656274000.000000
2007-09-06,0.809674,0.817008,0.799895,0.803257,425496000.000000
2007-09-07,0.780948,0.789047,0.758945,0.773920,602304000.000000
2007-09-10,0.790727,0.804479,0.769641,0.776058,872112000.000000
2007-09-11,0.785456,0.798520,0.777204,0.792561,405424000.000000
2007-09-12,0.801041,0.804937,0.753597,0.761390,554452000.000000
2007-09-13,0.775829,0.776746,0.756118,0.761619,452864000.000000
2007-09-14,0.754055,0.754972,0.736866,0.739158,487308000.000000
2007-09-17,0.740304,0.748096,0.729531,0.737553,374828000.000000
2007-09-18,0.745346,0.813646,0.744200,0.802187,844740000.000000
2007-09-19,0.809521,0.825106,0.779725,0.787518,521360000.000000
2007-09-20,0.787976,0.796457,0.774225,0.782934,324172000.000000
2007-09-21,0.790727,0.802187,0.782934,0.790498,457532000.000000
2007-09-24,0.795311,0.822814,0.789581,0.810667,456360000.000000
2007-09-25,0.805854,0.824419,0.803562,0.820981,360748000.000000
2007-09-26,0.825106,0.842296,0.823044,0.840463,518032000.000000
2007-09-27,0.848484,0.852610,0.834045,0.842984,378280000.000000
2007-09-28,0.848026,0.851005,0.828773,0.830607,404292000.000000
2007-10-01,0.837712,0.869800,0.836795,0.865674,398200000.000000
2007-10-02,0.863611,0.865216,0.844817,0.857423,284960000.000000
2007-10-03,0.842296,0.842296,0.807458,0.820981,467196000.000000
2007-10-04,0.820064,0.829461,0.796457,0.824648,378976000.000000
2007-10-05,0.837712,0.851005,0.828773,0.846421,344840000.000000
2007-10-08,0.852381,0.861549,0.842296,0.860173,252484000.000000
2007-10-09,0.860173,0.864070,0.832441,0.845046,403008000.000000
2007-10-10,0.850776,0.850776,0.825565,0.845963,389136000.000000
2007-10-11,0.838170,0.848713,0.799207,0.808375,529104000.000000
2007-10-12,0.817314,0.828086,0.804708,0.828086,409952000.000000
2007-10-15,0.830836,0.844817,0.826940,0.834045,355900000.000000
2007-10-16,0.833128,0.856506,0.830149,0.841609,276360000.000000
2007-10-17,0.874383,0.908763,0.873467,0.906242,717944000.000000
2007-10-18,0.903262,0.909222,0.880572,0.905554,340620000.000000
2007-10-19,0.903492,0.903950,0.856735,0.856965,505768000.000000
2007-10-22,0.851464,0.899366,0.844588,0.897532,537656000.000000
2007-10-23,0.909221,0.909221,0.877363,0.901887,294292000.000000
2007-10-24,0.882405,0.882405,0.828544,0.871404,565500000.000000
2007-10-25,0.844588,0.852610,0.769870,0.795311,806192000.000000
2007-10-26,0.820522,0.826023,0.776975,0.788435,616580000.000000
2007-10-29,0.761390,0.773537,0.746263,0.769870,813896000.000000
2007-10-30,0.776058,0.814334,0.763223,0.798061,525212000.000000
2007-10-31,0.802875,0.811355,0.777892,0.810896,455188000.000000
2007-11-01,0.798291,0.827169,0.787289,0.810896,587236000.000000
2007-11-02,0.822127,0.848026,0.810667,0.842067,491844000.000000
2007-11-05,0.834962,0.862236,0.829690,0.842067,436636000.000000
2007-11-06,0.850089,0.875530,0.846192,0.868654,554620000.000000
2007-11-07,0.868195,0.871633,0.820522,0.827398,546768000.000000
2007-11-08,0.819376,0.834274,0.751993,0.775600,996824000.000000
2007-11-09,0.791873,0.797603,0.748326,0.764598,871056000.000000
2007-11-12,0.764369,0.769870,0.688276,0.688276,715732000.000000
2007-11-13,0.699507,0.749701,0.688276,0.749013,726696000.000000
2007-11-14,0.768036,0.775371,0.733428,0.737324,666720000.000000
2007-11-15,0.732511,0.739387,0.710508,0.727469,496436000.000000
2007-11-16,0.733428,0.745805,0.727469,0.743742,423592000.000000
2007-11-19,0.733199,0.736866,0.689651,0.693548,568412000.000000
2007-11-20,0.706612,0.707758,0.667190,0.688276,622628000.000000
2007-11-21,0.673837,0.697215,0.671774,0.680942,648452000.000000
2007-11-23,0.685755,0.695611,0.677046,0.692631,141976000.000000
2007-11-26,0.692172,0.706383,0.675212,0.676587,385896000.000000
2007-11-27,0.686213,0.707758,0.680942,0.705695,458856000.000000
2007-11-28,0.727927,0.762994,0.724489,0.752909,574548000.000000
2007-11-29,0.751763,0.781559,0.748555,0.759098,489084000.000000
2007-11-30,0.783851,0.783851,0.720593,0.722885,652656000.000000
2007-12-03,0.733428,0.746950,0.722197,0.733428,490688000.000000
2007-12-04,0.736637,0.739158,0.718530,0.732740,371712000.000000
2007-12-05,0.760702,0.784997,0.751305,0.770787,666704000.000000
2007-12-06,0.768953,0.788893,0.762077,0.786372,371152000.000000
2007-12-07,0.789581,0.790497,0.768495,0.776517,320292000.000000
2007-12-10,0.779038,0.794165,0.776746,0.784997,336360000.000000
2007-12-11,0.801728,0.816397,0.784080,0.785914,582436000.000000
2007-12-12,0.819147,0.827169,0.797144,0.812959,617504000.000000
2007-12-13,0.803104,0.808375,0.767349,0.790727,500364000.000000
2007-12-14,0.787060,0.812501,0.781788,0.803791,354016000.000000
2007-12-17,0.795311,0.802874,0.760931,0.762765,507408000.000000
2007-12-18,0.774454,0.790727,0.766661,0.782246,396896000.000000
2007-12-19,0.779496,0.796915,0.776287,0.789581,253536000.000000
2007-12-20,0.802187,0.807917,0.785455,0.806083,279940000.000000
2007-12-21,0.815709,0.822814,0.798520,0.805854,433408000.000000
2007-12-24,0.811813,0.823960,0.805854,0.820064,104008000.000000
2007-12-26,0.821668,0.831065,0.813646,0.831065,215340000.000000
2007-12-27,0.829690,0.834274,0.803333,0.805395,241368000.000000
2007-12-28,0.804020,0.813646,0.790498,0.797374,262064000.000000
2007-12-31,0.790956,0.805395,0.779496,0.779725,276236000.000000
2008-01-02,0.782018,0.784997,0.746263,0.756577,483964000.000000
2008-01-03,0.760931,0.776058,0.747867,0.750617,475308000.000000
2008-01-04,0.728156,0.731824,0.683005,0.687589,736092000.000000
2008-01-07,0.692172,0.697902,0.603932,0.616538,1006800000.000000
2008-01-08,0.619976,0.671316,0.605536,0.629602,1106956000.000000
2008-01-09,0.638082,0.662377,0.628685,0.662148,741036000.000000
2008-01-10,0.644041,0.658710,0.635561,0.648396,554432000.000000
2008-01-11,0.633040,0.646333,0.615392,0.619975,572612000.000000
2008-01-14,0.629144,0.662148,0.619059,0.661231,539188000.000000
2008-01-15,0.636020,0.643583,0.601869,0.612642,725692000.000000
2008-01-16,0.574137,0.581242,0.530818,0.543424,1464472000.000000
2008-01-17,0.551905,0.566573,0.532652,0.534027,1133900000.000000
2008-01-18,0.535631,0.572303,0.516150,0.569323,920428000.000000
2008-01-22,0.515004,0.554196,0.511795,0.540903,709092000.000000
2008-01-23,0.518900,0.567031,0.513858,0.550758,929880000.000000
2008-01-24,0.561531,0.593160,0.556259,0.592931,597092000.000000
2008-01-25,0.615621,0.629373,0.569094,0.571845,688012000.000000
2008-01-28,0.569782,0.575512,0.552821,0.564969,577608000.000000
2008-01-29,0.575053,0.584680,0.560156,0.582388,414484000.000000
2008-01-30,0.572990,0.586055,0.560843,0.577345,530476000.000000
2008-01-31,0.564740,0.574137,0.546175,0.563594,588708000.000000
2008-02-01,0.562447,0.618830,0.557634,0.615621,593104000.000000
2008-02-04,0.628915,0.632352,0.593160,0.596369,565128000.000000
2008-02-05,0.584450,0.584680,0.558780,0.559009,494928000.000000
2008-02-06,0.564969,0.580554,0.546862,0.557176,557380000.000000
2008-02-07,0.541132,0.578491,0.529443,0.562677,664128000.000000
2008-02-08,0.557405,0.577116,0.550071,0.572761,393932000.000000
2008-02-11,0.577574,0.586971,0.570699,0.574595,503732000.000000
2008-02-12,0.583304,0.604161,0.580096,0.595910,609688000.000000
2008-02-13,0.600494,0.621122,0.594077,0.619288,742312000.000000
2008-02-14,0.601182,0.601640,0.516838,0.518213,2184296000.000000
2008-02-15,0.516150,0.530131,0.502169,0.510420,817364000.000000
2008-02-19,0.519817,0.520734,0.498502,0.502856,558608000.000000
2008-02-20,0.488188,0.506524,0.486125,0.499189,759016000.000000
2008-02-21,0.504231,0.506753,0.484979,0.487958,644272000.000000
2008-02-22,0.491855,0.512483,0.488188,0.511566,723052000.000000
2008-02-25,0.511108,0.517067,0.497814,0.511337,671784000.000000
2008-02-26,0.508357,0.523484,0.500564,0.515691,565420000.000000
2008-02-27,0.513170,0.527839,0.509962,0.523713,537816000.000000
2008-02-28,0.519129,0.520046,0.504002,0.504002,503608000.000000
2008-02-29,0.495751,0.502398,0.488188,0.490251,540576000.000000
2008-03-03,0.489563,0.493001,0.478103,0.484521,449028000.000000
2008-03-04,0.481312,0.482229,0.460914,0.479708,778888000.000000
2008-03-05,0.484291,0.496668,0.479249,0.485208,644656000.000000
2008-03-06,0.479249,0.482458,0.454038,0.454725,1075284000.000000
2008-03-07,0.446474,0.465727,0.435473,0.448079,767500000.000000
2008-03-10,0.442578,0.448078,0.421721,0.422408,776100000.000000
2008-03-11,0.435473,0.440744,0.418054,0.436390,857940000.000000
2008-03-12,0.440515,0.444411,0.420804,0.424471,743320000.000000
2008-03-13,0.417825,0.457934,0.415304,0.451517,1220528000.000000
2008-03-14,0.453808,0.454267,0.416679,0.419887,1154972000.000000
2008-03-17,0.401552,0.423555,0.396739,0.409344,800952000.000000
2008-03-18,0.418971,0.435473,0.407053,0.434785,1075256000.000000
2008-03-19,0.424701,0.430660,0.404760,0.404760,880476000.000000
2008-03-20,0.409574,0.425388,0.402239,0.424471,633460000.000000
2008-03-24,0.433868,0.461601,0.432264,0.459080,887440000.000000
2008-03-25,0.461143,0.474436,0.456788,0.465727,735388000.000000
2008-03-26,0.459538,0.462747,0.445787,0.450829,721652000.000000
2008-03-27,0.443953,0.456559,0.437077,0.444411,601308000.000000
2008-03-28,0.452433,0.462747,0.447849,0.451058,561788000.000000
2008-03-31,0.455871,0.464351,0.447849,0.453579,569992000.000000
2008-04-01,0.467102,0.482458,0.460455,0.481312,676872000.000000
2008-04-02,0.482687,0.482687,0.462976,0.466643,616536000.000000
2008-04-03,0.462747,0.463435,0.444411,0.457934,841984000.000000
2008-04-04,0.448766,0.451058,0.429285,0.430431,1535528000.000000
2008-04-07,0.440973,0.447391,0.437306,0.440744,729496000.000000
2008-04-08,0.435473,0.452433,0.435473,0.438223,639476000.000000
2008-04-09,0.443265,0.451516,0.439140,0.446933,675232000.000000
2008-04-10,0.451746,0.470082,0.442120,0.455642,1092184000.000000
2008-04-11,0.446933,0.449683,0.421950,0.424701,1106280000.000000
2008-04-14,0.423096,0.424013,0.407969,0.410490,780004000.000000
2008-04-15,0.412553,0.416908,0.403614,0.415303,439916000.000000
2008-04-16,0.431118,0.437306,0.423555,0.431806,646836000.000000
2008-04-17,0.411866,0.427451,0.411636,0.425847,596968000.000000
2008-04-18,0.438911,0.442807,0.429972,0.435931,573540000.000000
2008-04-21,0.432493,0.458392,0.432493,0.455413,679892000.000000
2008-04-22,0.447162,0.451975,0.437306,0.446933,587668000.000000
2008-04-23,0.453121,0.473519,0.447162,0.468477,1020496000.000000
2008-04-24,0.471227,0.473519,0.450371,0.457246,655764000.000000
2008-04-25,0.461601,0.462976,0.447162,0.461830,552208000.000000
2008-04-28,0.459768,0.466643,0.451746,0.453579,535700000.000000
2008-04-29,0.448537,0.468706,0.448537,0.462976,573408000.000000
2008-04-30,0.468477,0.476040,0.465268,0.470998,1068320000.000000
2008-05-01,0.476728,0.493918,0.474436,0.492772,1014624000.000000
2008-05-02,0.506294,0.516150,0.498731,0.516150,1131016000.000000
2008-05-05,0.512712,0.515004,0.502169,0.503315,943392000.000000
2008-05-06,0.501940,0.517525,0.494147,0.516379,729036000.000000
2008-05-07,0.517754,0.524630,0.500106,0.504461,715632000.000000
2008-05-08,0.508357,0.509962,0.481541,0.503086,1360000000.000000
2008-05-09,0.504461,0.537007,0.503544,0.516379,2030352000.000000
2008-05-12,0.523026,0.523026,0.496668,0.501711,1006652000.000000
2008-05-13,0.504232,0.504232,0.487730,0.491397,854108000.000000
2008-05-14,0.497585,0.518900,0.491397,0.505836,751148000.000000
2008-05-15,0.504690,0.547321,0.502398,0.545029,1165464000.000000
2008-05-16,0.554196,0.560614,0.541591,0.559468,1091556000.000000
2008-05-19,0.559697,0.580095,0.543882,0.547779,1158532000.000000
2008-05-20,0.532881,0.539069,0.527380,0.533569,771404000.000000
2008-05-21,0.534944,0.555572,0.528068,0.529214,1066660000.000000
2008-05-22,0.536777,0.546403,0.528297,0.542049,693108000.000000
2008-05-23,0.541132,0.545487,0.521880,0.529672,802672000.000000
2008-05-27,0.530589,0.536090,0.520505,0.535402,832856000.000000
2008-05-28,0.550071,0.551446,0.534256,0.540445,751736000.000000
2008-05-29,0.540674,0.541591,0.529214,0.539070,693460000.000000
2008-05-30,0.554426,0.567948,0.552821,0.566115,830244000.000000
2008-06-02,0.566115,0.572761,0.559926,0.568406,734660000.000000
2008-06-03,0.570240,0.571157,0.542508,0.549154,840696000.000000
2008-06-04,0.537007,0.556718,0.534027,0.555572,831724000.000000
2008-06-05,0.574824,0.581012,0.563135,0.569552,827860000.000000
2008-06-06,0.562677,0.563364,0.548237,0.551446,784876000.000000
2008-06-09,0.548237,0.555801,0.531964,0.542966,637916000.000000
2008-06-10,0.528297,0.528985,0.507440,0.510878,1225208000.000000
2008-06-11,0.510879,0.523255,0.486355,0.487042,999428000.000000
2008-06-12,0.498043,0.507669,0.485896,0.490021,825992000.000000
2008-06-13,0.490709,0.496439,0.473978,0.488417,705748000.000000
2008-06-16,0.483146,0.487730,0.477874,0.481770,630496000.000000
2008-06-17,0.488646,0.488875,0.468935,0.470081,687912000.000000
2008-06-18,0.465268,0.481312,0.448766,0.456330,1065272000.000000
2008-06-19,0.458851,0.465268,0.444182,0.455184,784928000.000000
2008-06-20,0.445099,0.457934,0.444870,0.452892,741008000.000000
2008-06-23,0.456330,0.456788,0.439598,0.443495,776616000.000000
2008-06-24,0.440974,0.468706,0.440974,0.458163,1078928000.000000
2008-06-25,0.465268,0.468706,0.453350,0.460684,900976000.000000
2008-06-26,0.446933,0.450370,0.437077,0.437077,845532000.000000
2008-06-27,0.438911,0.444411,0.428826,0.441890,584140000.000000
2008-06-30,0.436848,0.440744,0.426076,0.429055,653940000.000000
2008-07-01,0.424013,0.430201,0.416220,0.429743,881464000.000000
2008-07-02,0.427680,0.430431,0.412553,0.413241,763196000.000000
2008-07-03,0.297497,0.300935,0.284203,0.286266,2987520000.000000
2008-07-07,0.290621,0.292454,0.269535,0.277327,2202692000.000000
2008-07-08,0.279161,0.286037,0.270451,0.275723,1805288000.000000
2008-07-09,0.276411,0.280536,0.270910,0.270910,1413168000.000000
2008-07-10,0.272285,0.275494,0.265180,0.270222,1056992000.000000
2008-07-11,0.264722,0.274119,0.259450,0.267472,807760000.000000
2008-07-14,0.269535,0.271597,0.253491,0.255324,882316000.000000
2008-07-15,0.253033,0.263346,0.245240,0.258075,1122484000.000000
2008-07-16,0.258992,0.266326,0.251887,0.259450,1034392000.000000
2008-07-17,0.263576,0.263576,0.250282,0.260367,862080000.000000
2008-07-18,0.258533,0.266555,0.251199,0.264951,899720000.000000
2008-07-21,0.269076,0.272973,0.264263,0.266555,571636000.000000
2008-07-22,0.264034,0.265180,0.255783,0.260825,555924000.000000
2008-07-23,0.262659,0.271368,0.261513,0.268618,594876000.000000
2008-07-24,0.265868,0.268389,0.252116,0.252803,705628000.000000
2008-07-25,0.255325,0.265868,0.250053,0.264951,1039600000.000000
2008-07-28,0.261513,0.272973,0.260367,0.264263,734808000.000000
2008-07-29,0.264722,0.273660,0.261742,0.267014,764636000.000000
2008-07-30,0.272285,0.272744,0.257158,0.263117,588492000.000000
2008-07-31,0.262430,0.267930,0.259450,0.262200,487236000.000000
2008-08-01,0.255325,0.256241,0.245240,0.248449,881060000.000000
2008-08-04,0.248449,0.249824,0.241802,0.242490,522052000.000000
2008-08-05,0.247073,0.256471,0.244323,0.256471,685844000.000000
2008-08-06,0.257158,0.265638,0.248907,0.263346,814864000.000000
2008-08-07,0.261054,0.272743,0.256241,0.259221,819232000.000000
2008-08-08,0.261284,0.263576,0.251199,0.252116,853764000.000000
2008-08-11,0.253949,0.263576,0.253033,0.257387,1196436000.000000
2008-08-12,0.259450,0.260138,0.250053,0.253720,1410868000.000000
2008-08-13,0.273890,0.285120,0.267243,0.280995,2095260000.000000
2008-08-14,0.278932,0.309186,0.278932,0.297955,1635304000.000000
2008-08-15,0.303227,0.306665,0.294976,0.297038,777652000.000000
2008-08-18,0.299101,0.305748,0.295892,0.302997,893968000.000000
2008-08-19,0.296809,0.309415,0.296809,0.307581,1014140000.000000
2008-08-20,0.312165,0.323625,0.309873,0.322708,1143692000.000000
2008-08-21,0.316978,0.319499,0.305748,0.312165,1021560000.000000
2008-08-22,0.314457,0.318124,0.305289,0.311936,459264000.000000
2008-08-25,0.310102,0.317437,0.306435,0.307352,471600000.000000
2008-08-26,0.308957,0.309186,0.296809,0.300018,613112000.000000
2008-08-27,0.293142,0.305977,0.290391,0.302310,454620000.000000
2008-08-28,0.302768,0.305977,0.298184,0.301164,365192000.000000
2008-08-29,0.297038,0.297955,0.288787,0.289704,516004000.000000
2008-09-02,0.294517,0.297038,0.278473,0.282370,693928000.000000
2008-09-03,0.278473,0.279619,0.264722,0.267243,714856000.000000
2008-09-04,0.264263,0.267014,0.261971,0.263576,716128000.000000
2008-09-05,0.261284,0.268160,0.261054,0.267472,791100000.000000
2008-09-08,0.269993,0.269993,0.252116,0.256471,1314840000.000000
2008-09-09,0.255554,0.271139,0.246844,0.247761,1098296000.000000
2008-09-10,0.250741,0.255783,0.246386,0.247990,644284000.000000
2008-09-11,0.233780,0.241114,0.228279,0.236072,1066976000.000000
2008-09-12,0.234009,0.235614,0.220258,0.233551,1209200000.000000
2008-09-15,0.225300,0.228738,0.210402,0.213152,863984000.000000
2008-09-16,0.205589,0.221404,0.201693,0.219799,1240840000.000000
2008-09-17,0.214757,0.234239,0.212694,0.229196,1392580000.000000
2008-09-18,0.231947,0.261742,0.231488,0.249595,1611060000.000000
2008-09-19,0.261513,0.263576,0.249824,0.261513,1107344000.000000
2008-09-22,0.259450,0.267014,0.254637,0.256012,700072000.000000
2008-09-23,0.253949,0.263347,0.247761,0.248678,821468000.000000
2008-09-24,0.245469,0.262888,0.244094,0.257846,866036000.000000
2008-09-25,0.257846,0.269076,0.253491,0.262888,588328000.000000
2008-09-26,0.256471,0.269764,0.251657,0.267930,646852000.000000
2008-09-29,0.260825,0.264034,0.229196,0.231488,975240000.000000
2008-09-30,0.235155,0.247761,0.232634,0.245469,659044000.000000
2008-10-01,0.241802,0.246157,0.234239,0.238593,557208000.000000
2008-10-02,0.240198,0.240198,0.212694,0.213840,787728000.000000
2008-10-03,0.217278,0.223466,0.205589,0.206964,915828000.000000
2008-10-06,0.197109,0.197567,0.167542,0.179919,1677440000.000000
2008-10-07,0.186337,0.186795,0.164563,0.165938,1059984000.000000
2008-10-08,0.159979,0.179231,0.158375,0.169376,1219456000.000000
2008-10-09,0.175564,0.178085,0.156770,0.158604,909636000.000000
2008-10-10,0.144852,0.168001,0.143935,0.156083,1200252000.000000
2008-10-13,0.169376,0.184732,0.167313,0.184503,916536000.000000
2008-10-14,0.191379,0.192525,0.175335,0.180377,1209012000.000000
2008-10-15,0.179231,0.180148,0.160896,0.160896,854064000.000000
2008-10-16,0.165709,0.177398,0.158145,0.176481,1019820000.000000
2008-10-17,0.171439,0.185420,0.168230,0.175335,839416000.000000
2008-10-20,0.181294,0.182669,0.174418,0.178773,595764000.000000
2008-10-21,0.175335,0.177169,0.164104,0.165021,659116000.000000
2008-10-22,0.162729,0.169605,0.154478,0.158833,600996000.000000
2008-10-23,0.158375,0.162271,0.143477,0.149894,832192000.000000
2008-10-24,0.137518,0.159291,0.136830,0.151499,798336000.000000
2008-10-27,0.150582,0.169147,0.145769,0.159750,698936000.000000
2008-10-28,0.168230,0.184045,0.165251,0.183815,849920000.000000
2008-10-29,0.182669,0.201693,0.181753,0.189774,977284000.000000
2008-10-30,0.200547,0.201693,0.185649,0.197796,657176000.000000
2008-10-31,0.191608,0.204672,0.191150,0.200776,608672000.000000
2008-11-03,0.205131,0.208798,0.190233,0.193442,723924000.000000
2008-11-04,0.200088,0.205818,0.194817,0.205818,619560000.000000
2008-11-05,0.198255,0.203985,0.195046,0.195046,787620000.000000
2008-11-06,0.183586,0.190462,0.174189,0.174648,797936000.000000
2008-11-07,0.198942,0.207881,0.185649,0.199859,1132068000.000000
2008-11-10,0.207423,0.208569,0.182669,0.187024,576396000.000000
2008-11-11,0.184274,0.185649,0.176939,0.178773,576484000.000000
2008-11-12,0.173272,0.177398,0.166167,0.168230,646092000.000000
2008-11-13,0.160437,0.182211,0.157229,0.181982,797228000.000000
2008-11-14,0.174647,0.175564,0.163646,0.164334,741024000.000000
2008-11-17,0.162729,0.167084,0.159291,0.160896,388224000.000000
2008-11-18,0.164104,0.165021,0.150353,0.155624,564488000.000000
2008-11-19,0.154249,0.158145,0.142102,0.142789,500220000.000000
2008-11-20,0.141643,0.148748,0.133621,0.135226,847036000.000000
2008-11-21,0.139581,0.146227,0.131788,0.146227,599064000.000000
2008-11-24,0.155166,0.157687,0.146686,0.155853,600308000.000000
2008-11-25,0.162729,0.163188,0.155624,0.160208,528256000.000000
2008-11-26,0.157458,0.174877,0.156541,0.174418,600792000.000000
2008-11-28,0.171668,0.174189,0.168918,0.171210,175248000.000000
2008-12-01,0.164334,0.165938,0.156312,0.156541,547112000.000000
2008-12-02,0.159521,0.167313,0.157458,0.165250,479988000.000000
2008-12-03,0.158833,0.173960,0.157458,0.173731,584632000.000000
2008-12-04,0.170293,0.178773,0.158375,0.162271,466292000.000000
2008-12-05,0.157229,0.169376,0.154478,0.168688,438484000.000000
2008-12-08,0.171897,0.175335,0.159291,0.163188,707992000.000000
2008-12-09,0.161125,0.185420,0.159291,0.179002,829760000.000000
2008-12-10,0.182440,0.200547,0.179461,0.195963,961124000.000000
2008-12-11,0.194817,0.201693,0.185420,0.187712,582700000.000000
2008-12-12,0.182211,0.198255,0.178544,0.197109,679268000.000000
2008-12-15,0.198255,0.199401,0.184503,0.190691,476996000.000000
2008-12-16,0.192525,0.203985,0.190691,0.203526,521940000.000000
2008-12-17,0.199859,0.216590,0.197109,0.213611,674180000.000000
2008-12-18,0.212236,0.212923,0.191379,0.193900,550808000.000000
2008-12-19,0.196421,0.203985,0.194588,0.195275,593120000.000000
2008-12-22,0.198255,0.198713,0.176710,0.183815,522464000.000000
2008-12-23,0.184961,0.188858,0.178544,0.181294,377452000.000000
2008-12-24,0.177627,0.181982,0.173272,0.176939,146616000.000000
2008-12-26,0.176939,0.179231,0.167313,0.172126,226156000.000000
2008-12-29,0.174418,0.177627,0.163188,0.177627,460168000.000000
2008-12-30,0.179919,0.186566,0.175794,0.183815,409860000.000000
2008-12-31,0.181523,0.189545,0.178315,0.184961,441580000.000000
2009-01-02,0.184961,0.201005,0.184274,0.199630,497124000.000000
2009-01-05,0.197338,0.207881,0.195963,0.203297,705736000.000000
2009-01-06,0.209256,0.216132,0.204672,0.210173,657904000.000000
2009-01-07,0.205360,0.205360,0.190462,0.197567,870096000.000000
2009-01-08,0.195046,0.195046,0.180607,0.192525,1014496000.000000
2009-01-09,0.192525,0.192525,0.181294,0.181753,761352000.000000
2009-01-12,0.181753,0.182669,0.171897,0.174418,645532000.000000
2009-01-13,0.168459,0.181982,0.165250,0.175335,1824424000.000000
2009-01-14,0.169147,0.171210,0.165021,0.167542,974908000.000000
2009-01-15,0.168459,0.176252,0.165021,0.173502,998204000.000000
2009-01-16,0.178315,0.184732,0.172585,0.183128,831324000.000000
2009-01-20,0.182669,0.183357,0.163875,0.165250,705788000.000000
2009-01-21,0.168459,0.174418,0.162271,0.173272,648472000.000000
2009-01-22,0.167772,0.174648,0.163875,0.170064,547656000.000000
2009-01-23,0.165250,0.181982,0.165021,0.176710,633616000.000000
2009-01-26,0.177627,0.187941,0.174647,0.182669,581748000.000000
2009-01-27,0.185649,0.194817,0.184961,0.193442,725300000.000000
2009-01-28,0.200317,0.204672,0.193900,0.201463,723752000.000000
2009-01-29,0.194817,0.197109,0.188858,0.189774,413128000.000000
2009-01-30,0.188399,0.193442,0.179919,0.182211,506760000.000000
2009-02-02,0.179461,0.194129,0.178544,0.192066,577992000.000000
2009-02-03,0.192525,0.195963,0.187253,0.194358,396948000.000000
2009-02-04,0.194817,0.209715,0.194817,0.199859,779232000.000000
2009-02-05,0.194588,0.216820,0.192525,0.214528,919192000.000000
2009-02-06,0.215215,0.227592,0.211548,0.226217,1157880000.000000
2009-02-09,0.225300,0.228509,0.217049,0.223237,716128000.000000
2009-02-10,0.223008,0.225987,0.209485,0.213611,1129664000.000000
2009-02-11,0.196650,0.203755,0.180148,0.186795,1983400000.000000
2009-02-12,0.182669,0.191837,0.180148,0.190691,1024020000.000000
2009-02-13,0.186337,0.192754,0.184961,0.190462,764304000.000000
2009-02-17,0.183357,0.187712,0.178773,0.179461,779576000.000000
2009-02-18,0.179461,0.190233,0.179231,0.184274,646252000.000000
2009-02-19,0.187941,0.189545,0.170064,0.170064,743988000.000000
2009-02-20,0.167772,0.177169,0.166167,0.174418,770056000.000000
2009-02-23,0.177398,0.178315,0.165250,0.166396,679548000.000000
2009-02-24,0.167313,0.181523,0.167084,0.181294,659524000.000000
2009-02-25,0.180836,0.188858,0.174648,0.183357,702360000.000000
2009-02-26,0.189774,0.195734,0.187024,0.189316,1117556000.000000
2009-02-27,0.184503,0.194129,0.183128,0.189774,755444000.000000
2009-03-02,0.185191,0.189087,0.173043,0.173731,700064000.000000
2009-03-03,0.176939,0.187482,0.171210,0.180607,1041372000.000000
2009-03-04,0.185420,0.199401,0.183815,0.193900,1108668000.000000
2009-03-05,0.191150,0.198942,0.188399,0.189316,955252000.000000
2009-03-06,0.189316,0.199172,0.186795,0.192296,974756000.000000
2009-03-09,0.190920,0.205360,0.189774,0.190233,682768000.000000
2009-03-10,0.197109,0.211090,0.195275,0.207423,1254800000.000000
2009-03-11,0.207423,0.271597,0.203985,0.213152,864916000.000000
2009-03-12,0.212465,0.228050,0.209715,0.225758,1604604000.000000
2009-03-13,0.222549,0.227821,0.218882,0.224612,1195156000.000000
2009-03-16,0.226904,0.227133,0.214069,0.215903,699344000.000000
2009-03-17,0.216590,0.227133,0.213840,0.226675,1005384000.000000
2009-03-18,0.223237,0.240427,0.223008,0.233780,1359560000.000000
2009-03-19,0.235384,0.235384,0.229425,0.231030,822648000.000000
2009-03-20,0.234468,0.234697,0.212465,0.218424,1093672000.000000
2009-03-23,0.225300,0.234697,0.220258,0.234239,816048000.000000
2009-03-24,0.228509,0.230571,0.223008,0.224154,1114868000.000000
2009-03-25,0.231030,0.238364,0.219112,0.227821,1243852000.000000
2009-03-26,0.231488,0.242489,0.228967,0.242031,1333664000.000000
2009-03-27,0.239510,0.245469,0.236072,0.239739,731892000.000000
2009-03-30,0.230571,0.233551,0.221174,0.224383,780052000.000000
2009-03-31,0.227821,0.231488,0.224383,0.225987,805272000.000000
2009-04-01,0.223237,0.233780,0.214757,0.231717,887920000.000000
2009-04-02,0.240427,0.246844,0.236989,0.242490,1002860000.000000
2009-04-03,0.242719,0.260138,0.238593,0.259450,1003208000.000000
2009-04-06,0.255095,0.262430,0.251657,0.260138,887288000.000000
2009-04-07,0.255095,0.257846,0.249595,0.251199,607804000.000000
2009-04-08,0.253949,0.262201,0.251887,0.261513,731652000.000000
2009-04-09,0.268159,0.276869,0.266097,0.275952,904412000.000000
2009-04-13,0.272514,0.272744,0.261055,0.267014,767628000.000000
2009-04-14,0.263346,0.275035,0.262200,0.268618,711960000.000000
2009-04-15,0.259221,0.262200,0.250053,0.261054,1045368000.000000
2009-04-16,0.265868,0.270910,0.255783,0.267701,1038772000.000000
2009-04-17,0.267701,0.272056,0.261284,0.269535,695764000.000000
2009-04-20,0.259221,0.261513,0.251887,0.253262,590660000.000000
2009-04-21,0.249824,0.263117,0.246157,0.252574,932184000.000000
2009-04-22,0.250282,0.270681,0.246157,0.260138,916404000.000000
2009-04-23,0.262659,0.264951,0.247990,0.256012,753952000.000000
2009-04-24,0.258533,0.263805,0.252345,0.261971,759508000.000000
2009-04-27,0.258533,0.265868,0.250970,0.252574,787024000.000000
2009-04-28,0.249365,0.258533,0.247073,0.253262,634392000.000000
2009-04-29,0.254408,0.255554,0.246386,0.249366,859668000.000000
2009-04-30,0.254179,0.270452,0.252116,0.263117,1110276000.000000
2009-05-01,0.262430,0.273660,0.262200,0.267472,840548000.000000
2009-05-04,0.272056,0.283974,0.268389,0.281911,927704000.000000
2009-05-05,0.275723,0.277557,0.264722,0.270451,837076000.000000
2009-05-06,0.273431,0.275952,0.259679,0.264951,935088000.000000
2009-05-07,0.270910,0.270910,0.242489,0.245927,1289196000.000000
2009-05-08,0.240656,0.240656,0.208798,0.212006,2930564000.000000
2009-05-11,0.208569,0.221404,0.206735,0.216132,1038596000.000000
2009-05-12,0.220945,0.220945,0.201693,0.205818,1201384000.000000
2009-05-13,0.204443,0.205589,0.190920,0.192525,1305608000.000000
2009-05-14,0.192296,0.199401,0.190920,0.195275,1017864000.000000
2009-05-15,0.196650,0.207193,0.194358,0.200317,780308000.000000
2009-05-18,0.205360,0.213840,0.204901,0.212465,938320000.000000
2009-05-19,0.213840,0.219112,0.210402,0.216590,859768000.000000
2009-05-20,0.220487,0.234926,0.219570,0.223008,1309436000.000000
2009-05-21,0.220258,0.224612,0.215444,0.221633,965600000.000000
2009-05-22,0.221633,0.228279,0.217507,0.225071,718260000.000000
2009-05-26,0.223008,0.239052,0.220716,0.237218,865540000.000000
2009-05-27,0.236072,0.244782,0.233780,0.237677,814152000.000000
2009-05-28,0.241344,0.242948,0.230571,0.240885,995288000.000000
2009-05-29,0.241114,0.241573,0.230801,0.239052,834232000.000000
2009-06-01,0.241802,0.252116,0.240885,0.250741,1022764000.000000
2009-06-02,0.250741,0.256241,0.244094,0.248678,907984000.000000
2009-06-03,0.245469,0.246386,0.234926,0.240885,735688000.000000
2009-06-04,0.241573,0.250053,0.241344,0.249595,673180000.000000
2009-06-05,0.254179,0.254179,0.245240,0.248219,559992000.000000
2009-06-08,0.246386,0.250282,0.240656,0.246844,473948000.000000
2009-06-09,0.250282,0.263117,0.248449,0.260367,725032000.000000
2009-06-10,0.261742,0.270222,0.256012,0.268618,833320000.000000
2009-06-11,0.269305,0.279619,0.263576,0.265180,835156000.000000
2009-06-12,0.261284,0.264722,0.255325,0.263805,595000000.000000
2009-06-15,0.258992,0.262430,0.254866,0.259450,445164000.000000
2009-06-16,0.259450,0.262659,0.248678,0.252345,594912000.000000
2009-06-17,0.256241,0.261054,0.246386,0.258533,799016000.000000
2009-06-18,0.257617,0.262430,0.250741,0.253491,566376000.000000
2009-06-19,0.256012,0.262659,0.252803,0.256241,747564000.000000
2009-06-22,0.257158,0.257158,0.240885,0.241802,574864000.000000
2009-06-23,0.244094,0.244552,0.231259,0.240656,589764000.000000
2009-06-24,0.243636,0.254408,0.243636,0.248678,515096000.000000
2009-06-25,0.246386,0.262200,0.243865,0.261742,870444000.000000
2009-06-26,0.260596,0.266097,0.258304,0.265180,513956000.000000
2009-06-29,0.265867,0.269993,0.262430,0.265180,510056000.000000
2009-06-30,0.264263,0.267930,0.253949,0.258763,589844000.000000
2009-07-01,0.260367,0.263346,0.255554,0.259908,696420000.000000
2009-07-02,0.251428,0.254637,0.246386,0.249824,552312000.000000
2009-07-06,0.249595,0.249824,0.237676,0.241802,752456000.000000
2009-07-07,0.242719,0.244094,0.230571,0.231259,1072996000.000000
2009-07-08,0.232634,0.233322,0.222549,0.231717,1205860000.000000
2009-07-09,0.235614,0.240656,0.234926,0.236760,714564000.000000
2009-07-10,0.236760,0.239281,0.231717,0.237677,520008000.000000
2009-07-13,0.242490,0.242490,0.228050,0.240427,556012000.000000
2009-07-14,0.242260,0.246386,0.239510,0.245469,452568000.000000
2009-07-15,0.254408,0.260596,0.252116,0.255554,1022808000.000000
2009-07-16,0.258304,0.269764,0.256929,0.268847,952076000.000000
2009-07-17,0.268847,0.277557,0.266097,0.276640,850356000.000000
2009-07-20,0.278932,0.283057,0.275265,0.280078,782756000.000000
2009-07-21,0.279390,0.280536,0.267930,0.274348,941296000.000000
2009-07-22,0.268847,0.283745,0.267014,0.281224,600908000.000000
2009-07-23,0.281682,0.298872,0.278703,0.297955,1046120000.000000
2009-07-24,0.288787,0.297955,0.286954,0.297038,650592000.000000
2009-07-27,0.294288,0.302768,0.291538,0.298413,677484000.000000
2009-07-28,0.296351,0.302081,0.293829,0.298872,563180000.000000
2009-07-29,0.295434,0.297267,0.289933,0.292913,373972000.000000
2009-07-30,0.297955,0.301851,0.292684,0.295205,468444000.000000
2009-07-31,0.295205,0.300476,0.288329,0.296351,541560000.000000
2009-08-03,0.303456,0.307810,0.297726,0.304372,471900000.000000
2009-08-04,0.299101,0.311707,0.298643,0.306435,695380000.000000
2009-08-05,0.304602,0.309415,0.300935,0.307123,610768000.000000
2009-08-06,0.308269,0.313770,0.298872,0.300705,957588000.000000
2009-08-07,0.316978,0.326146,0.309873,0.314228,1401872000.000000
2009-08-10,0.316520,0.321104,0.302081,0.303914,693312000.000000
2009-08-11,0.301851,0.306435,0.295205,0.296809,481884000.000000
2009-08-12,0.297038,0.311019,0.296809,0.307810,634940000.000000
2009-08-13,0.310102,0.318124,0.304602,0.316978,564028000.000000
2009-08-14,0.316520,0.316978,0.303456,0.307581,427148000.000000
2009-08-17,0.298184,0.299101,0.291537,0.294746,465032000.000000
2009-08-18,0.294746,0.308956,0.294517,0.305518,636200000.000000
2009-08-19,0.300935,0.303914,0.297955,0.302081,552996000.000000
2009-08-20,0.300705,0.315374,0.300018,0.313999,819840000.000000
2009-08-21,0.316520,0.319729,0.310103,0.319270,607324000.000000
2009-08-24,0.317437,0.320875,0.308498,0.310332,461456000.000000
2009-08-25,0.311936,0.316291,0.306665,0.313082,444088000.000000
2009-08-26,0.312394,0.317437,0.311248,0.316749,434308000.000000
2009-08-27,0.318124,0.322479,0.314686,0.321104,551072000.000000
2009-08-28,0.329813,0.344482,0.329355,0.337606,883992000.000000
2009-08-31,0.333710,0.335314,0.328438,0.332793,431796000.000000
2009-09-01,0.332564,0.341961,0.319729,0.321562,736856000.000000
2009-09-02,0.322021,0.329355,0.320187,0.326146,404656000.000000
2009-09-03,0.326146,0.334397,0.325229,0.333939,534020000.000000
2009-09-04,0.332564,0.348607,0.332564,0.346316,513048000.000000
2009-09-08,0.348837,0.355942,0.346086,0.355942,549712000.000000
2009-09-09,0.355254,0.366485,0.350212,0.365797,571684000.000000
2009-09-10,0.366943,0.377944,0.362818,0.377486,607952000.000000
2009-09-11,0.376569,0.377945,0.371298,0.374048,712732000.000000
2009-09-14,0.368548,0.371527,0.364651,0.367860,490516000.000000
2009-09-15,0.371298,0.380007,0.367860,0.375423,546136000.000000
2009-09-16,0.374507,0.375194,0.359838,0.365339,707064000.000000
2009-09-17,0.364422,0.364422,0.343107,0.349295,923096000.000000
2009-09-18,0.352733,0.355254,0.346086,0.348837,604740000.000000
2009-09-21,0.344711,0.353191,0.341732,0.347232,588776000.000000
2009-09-22,0.349754,0.351816,0.345170,0.347920,361388000.000000
2009-09-23,0.349983,0.352962,0.341961,0.342419,478936000.000000
2009-09-24,0.348149,0.348149,0.336689,0.337835,552876000.000000
2009-09-25,0.336002,0.337606,0.329813,0.332335,377556000.000000
2009-09-28,0.333480,0.348378,0.333480,0.339898,467708000.000000
2009-09-29,0.341961,0.346086,0.333022,0.333710,470928000.000000
2009-09-30,0.340586,0.348607,0.333022,0.344482,875956000.000000
2009-10-01,0.343336,0.343336,0.319729,0.319958,999960000.000000
2009-10-02,0.316749,0.324313,0.314916,0.317437,612476000.000000
2009-10-05,0.320875,0.322021,0.310332,0.315832,754276000.000000
2009-10-06,0.319729,0.326605,0.317437,0.321104,761272000.000000
2009-10-07,0.318812,0.322250,0.315145,0.318583,459608000.000000
2009-10-08,0.320416,0.321333,0.309186,0.320646,1241524000.000000
2009-10-09,0.318812,0.325229,0.318353,0.324771,618540000.000000
2009-10-12,0.319270,0.327292,0.319041,0.321104,499008000.000000
2009-10-13,0.322937,0.326604,0.316978,0.319958,602124000.000000
2009-10-14,0.332335,0.332335,0.317895,0.319500,1101948000.000000
2009-10-15,0.319041,0.322021,0.308040,0.310102,1092196000.000000
2009-10-16,0.306206,0.307123,0.297497,0.302997,1018832000.000000
2009-10-19,0.305519,0.316520,0.302997,0.313999,695588000.000000
2009-10-20,0.319270,0.321562,0.311707,0.314228,660180000.000000
2009-10-21,0.313082,0.317895,0.305060,0.306665,503956000.000000
2009-10-22,0.305060,0.310332,0.299789,0.308727,379328000.000000
2009-10-23,0.312853,0.312853,0.299559,0.301393,429528000.000000
2009-10-26,0.303685,0.308269,0.295892,0.297497,481652000.000000
2009-10-27,0.296121,0.300476,0.284432,0.287412,591836000.000000
2009-10-28,0.280995,0.287412,0.274119,0.275494,773632000.000000
2009-10-29,0.279849,0.289016,0.277327,0.287641,637100000.000000
2009-10-30,0.286266,0.287412,0.272743,0.274119,604144000.000000
2009-11-02,0.273660,0.282599,0.268847,0.276640,593136000.000000
2009-11-03,0.267701,0.276640,0.264951,0.275265,876472000.000000
2009-11-04,0.277328,0.280307,0.273431,0.274577,916840000.000000
2009-11-05,0.277786,0.283974,0.276869,0.281224,955156000.000000
2009-11-06,0.298872,0.307811,0.295205,0.301622,1641112000.000000
2009-11-09,0.305748,0.312853,0.305518,0.308498,818124000.000000
2009-11-10,0.309644,0.309644,0.297038,0.300935,781472000.000000
2009-11-11,0.305977,0.316749,0.305519,0.309415,871512000.000000
2009-11-12,0.312165,0.317437,0.307581,0.308498,505864000.000000
2009-11-13,0.308269,0.312394,0.306894,0.310790,388524000.000000
2009-11-16,0.313540,0.318812,0.311936,0.315145,402820000.000000
2009-11-17,0.315374,0.315374,0.308727,0.314686,350124000.000000
2009-11-18,0.311707,0.312853,0.304602,0.309873,455516000.000000
2009-11-19,0.303227,0.303227,0.291996,0.297497,833840000.000000
2009-11-20,0.290621,0.297038,0.289933,0.295663,426748000.000000
2009-11-23,0.300018,0.305519,0.296580,0.297955,390924000.000000
2009-11-24,0.296580,0.298643,0.291308,0.296121,418504000.000000
2009-11-25,0.299560,0.303685,0.297497,0.299560,441760000.000000
2009-11-27,0.288787,0.296580,0.287183,0.293142,279932000.000000
2009-11-30,0.294288,0.299560,0.291079,0.299330,509836000.000000
2009-12-01,0.300935,0.308727,0.299330,0.305289,461936000.000000
2009-12-02,0.305977,0.315145,0.304143,0.314457,602292000.000000
2009-12-03,0.318124,0.323854,0.316520,0.316978,660036000.000000
2009-12-04,0.322937,0.328209,0.317895,0.326834,824564000.000000
2009-12-07,0.363276,0.377028,0.346086,0.368777,2732184000.000000
2009-12-08,0.362818,0.364422,0.348837,0.350899,1075512000.000000
2009-12-09,0.354567,0.362359,0.351129,0.359609,671588000.000000
2009-12-10,0.362130,0.364422,0.352045,0.353191,417012000.000000
2009-12-11,0.356171,0.356629,0.347691,0.348607,416744000.000000
2009-12-14,0.353650,0.360296,0.349753,0.359150,405488000.000000
2009-12-15,0.356629,0.364651,0.355713,0.358692,446152000.000000
2009-12-16,0.371527,0.391696,0.369464,0.387571,1683400000.000000
2009-12-17,0.388717,0.400635,0.380007,0.385737,1016132000.000000
2009-12-18,0.388946,0.390321,0.380924,0.385508,812828000.000000
2009-12-21,0.387800,0.400864,0.387342,0.399260,427792000.000000
2009-12-22,0.399260,0.413928,0.398801,0.409803,793044000.000000
2009-12-23,0.413699,0.416679,0.408428,0.415533,442196000.000000
2009-12-24,0.416679,0.417366,0.413012,0.414616,136812000.000000
2009-12-28,0.413928,0.417595,0.403844,0.407969,465760000.000000
2009-12-29,0.406594,0.414158,0.405677,0.413012,475848000.000000
2009-12-30,0.416908,0.430430,0.413928,0.427909,704008000.000000
2009-12-31,0.428826,0.434327,0.427680,0.428139,700340000.000000
2010-01-04,0.424242,0.426763,0.415074,0.423784,800204000.000000
2010-01-05,0.422179,0.434556,0.422179,0.429972,728648000.000000
2010-01-06,0.429743,0.433639,0.425617,0.432722,649168000.000000
2010-01-07,0.430430,0.432264,0.421033,0.424242,547792000.000000
2010-01-08,0.420804,0.428139,0.418283,0.425159,478168000.000000
2010-01-11,0.427451,0.429284,0.413241,0.419200,556612000.000000
2010-01-12,0.413012,0.414616,0.396280,0.404990,627432000.000000
2010-01-13,0.407740,0.411866,0.391926,0.410490,508868000.000000
2010-01-14,0.405448,0.408428,0.397197,0.404073,608524000.000000
2010-01-15,0.401093,0.404531,0.386883,0.392155,818192000.000000
2010-01-19,0.389175,0.402010,0.388029,0.399489,545328000.000000
2010-01-20,0.394447,0.399489,0.389175,0.397885,719728000.000000
2010-01-21,0.397655,0.404761,0.387112,0.390780,608632000.000000
2010-01-22,0.386196,0.393301,0.374965,0.377257,1067916000.000000
2010-01-25,0.383445,0.391009,0.380695,0.383675,643676000.000000
2010-01-26,0.381841,0.384362,0.371298,0.371527,714636000.000000
2010-01-27,0.371298,0.382987,0.367172,0.381612,812504000.000000
2010-01-28,0.384591,0.385966,0.363505,0.368777,687764000.000000
2010-01-29,0.372902,0.377028,0.347232,0.352733,774700000.000000
2010-02-01,0.354108,0.380466,0.351129,0.379778,949832000.000000
2010-02-02,0.378403,0.388488,0.377257,0.383675,849812000.000000
2010-02-03,0.380236,0.388488,0.378403,0.386883,562296000.000000
2010-02-04,0.383445,0.383445,0.360296,0.364422,783480000.000000
2010-02-05,0.363964,0.372673,0.357546,0.371756,604856000.000000
2010-02-08,0.370610,0.380007,0.363734,0.371069,445160000.000000
2010-02-09,0.377028,0.378861,0.364422,0.368089,930144000.000000
2010-02-10,0.370381,0.378632,0.367860,0.375194,535828000.000000
2010-02-11,0.381153,0.396509,0.378403,0.392384,695980000.000000
2010-02-12,0.389634,0.405677,0.385279,0.397655,780212000.000000
2010-02-16,0.402927,0.406594,0.398114,0.404990,457024000.000000
2010-02-17,0.410032,0.410261,0.397197,0.408886,876560000.000000
2010-02-18,0.386425,0.388488,0.371527,0.382070,1515508000.000000
2010-02-19,0.380466,0.384591,0.378174,0.380007,510548000.000000
2010-02-22,0.381612,0.387342,0.378174,0.380695,458084000.000000
2010-02-23,0.381841,0.383445,0.367631,0.371527,489764000.000000
2010-02-24,0.374736,0.382987,0.373590,0.379320,445868000.000000
2010-02-25,0.370610,0.376799,0.361213,0.375882,576972000.000000
2010-02-26,0.374048,0.376799,0.369006,0.371298,393396000.000000
2010-03-01,0.371527,0.388029,0.368547,0.386196,555868000.000000
2010-03-02,0.389634,0.394447,0.383216,0.385966,538648000.000000
2010-03-03,0.388258,0.390321,0.377944,0.381153,399300000.000000
2010-03-04,0.382758,0.385737,0.377028,0.381841,557396000.000000
2010-03-05,0.379091,0.396280,0.379091,0.393530,632832000.000000
2010-03-08,0.393759,0.394905,0.386196,0.387800,439312000.000000
2010-03-09,0.391696,0.406136,0.391467,0.402239,830832000.000000
2010-03-10,0.401093,0.407511,0.400864,0.403156,418520000.000000
2010-03-11,0.399947,0.401323,0.392384,0.393988,540660000.000000
2010-03-12,0.398343,0.399489,0.393301,0.395364,520352000.000000
2010-03-15,0.394905,0.398801,0.389634,0.393301,358904000.000000
2010-03-16,0.393071,0.409344,0.392842,0.407052,664988000.000000
2010-03-17,0.409344,0.420346,0.409344,0.414845,651168000.000000
2010-03-18,0.415533,0.415533,0.396509,0.400177,740964000.000000
2010-03-19,0.406136,0.407282,0.390321,0.395364,584612000.000000
2010-03-22,0.390321,0.403385,0.390321,0.401781,435336000.000000
2010-03-23,0.404760,0.412095,0.402010,0.410032,493612000.000000
2010-03-24,0.406594,0.407740,0.395593,0.396280,436252000.000000
2010-03-25,0.402010,0.404531,0.396509,0.397426,495184000.000000
2010-03-26,0.400864,0.404990,0.394217,0.397426,344676000.000000
2010-03-29,0.399947,0.403385,0.394447,0.402468,394456000.000000
2010-03-30,0.407052,0.409115,0.397197,0.404073,324104000.000000
2010-03-31,0.402469,0.404302,0.396739,0.398801,389840000.000000
2010-04-01,0.400635,0.405219,0.390550,0.394676,339664000.000000
2010-04-05,0.397197,0.401323,0.396739,0.400635,413636000.000000
2010-04-06,0.395593,0.396509,0.383904,0.390780,809260000.000000
2010-04-07,0.388258,0.399947,0.385050,0.393301,817468000.000000
2010-04-08,0.390779,0.393759,0.384820,0.386883,1037600000.000000
2010-04-09,0.385966,0.390780,0.383904,0.389404,817572000.000000
2010-04-12,0.389863,0.398114,0.389175,0.396509,546460000.000000
2010-04-13,0.398114,0.406136,0.396509,0.404760,648696000.000000
2010-04-14,0.413470,0.415533,0.403385,0.409803,900720000.000000
2010-04-15,0.411178,0.415304,0.407052,0.412782,957596000.000000
2010-04-16,0.396051,0.397655,0.382299,0.391009,1917736000.000000
2010-04-19,0.388029,0.390321,0.376111,0.389175,1094492000.000000
2010-04-20,0.391926,0.396051,0.385508,0.390550,678188000.000000
2010-04-21,0.392613,0.393071,0.375882,0.380466,895908000.000000
2010-04-22,0.374277,0.383216,0.369006,0.382070,656932000.000000
2010-04-23,0.380924,0.381841,0.370152,0.376798,752916000.000000
2010-04-26,0.377257,0.385050,0.376569,0.380466,491092000.000000
2010-04-27,0.377715,0.381612,0.368548,0.369694,606704000.000000
2010-04-28,0.369464,0.375653,0.362818,0.370381,672164000.000000
2010-04-29,0.371527,0.382070,0.366026,0.381612,987128000.000000
2010-04-30,0.377028,0.377715,0.359838,0.360067,1068048000.000000
2010-05-03,0.361901,0.363964,0.350670,0.356171,1078972000.000000
2010-05-04,0.350670,0.351358,0.333022,0.338064,1311376000.000000
2010-05-05,0.331189,0.340815,0.328209,0.332335,1330840000.000000
2010-05-06,0.330043,0.336918,0.298872,0.325459,1002888000.000000
2010-05-07,0.328438,0.328438,0.308498,0.319958,1153712000.000000
2010-05-10,0.339210,0.343336,0.330043,0.333710,979156000.000000
2010-05-11,0.330501,0.336689,0.327521,0.330043,829124000.000000
2010-05-12,0.332335,0.338294,0.330272,0.336460,901236000.000000
2010-05-13,0.335085,0.350441,0.332564,0.335772,1252000000.000000
2010-05-14,0.313082,0.313999,0.288787,0.297038,2493068000.000000
2010-05-17,0.297497,0.301393,0.288329,0.297726,856060000.000000
2010-05-18,0.300247,0.302081,0.286266,0.287870,674112000.000000
2010-05-19,0.286495,0.292913,0.284433,0.292454,826520000.000000
2010-05-20,0.283974,0.292454,0.275265,0.285578,1129136000.000000
2010-05-21,0.277327,0.299789,0.277327,0.291767,1069600000.000000
2010-05-24,0.290850,0.294288,0.282370,0.283286,664564000.000000
2010-05-25,0.274348,0.292225,0.271598,0.290850,966652000.000000
2010-05-26,0.302539,0.308269,0.291308,0.292225,995028000.000000
2010-05-27,0.299559,0.309415,0.298872,0.309415,713560000.000000
2010-05-28,0.308957,0.308957,0.296580,0.301164,545116000.000000
2010-06-01,0.297038,0.300476,0.288100,0.288329,527492000.000000
2010-06-02,0.288787,0.291996,0.286954,0.291538,649088000.000000
2010-06-03,0.285579,0.291767,0.284662,0.291079,586360000.000000
2010-06-04,0.282599,0.287641,0.275723,0.277327,671456000.000000
2010-06-07,0.278473,0.280307,0.262430,0.263576,577248000.000000
2010-06-08,0.262430,0.262430,0.249595,0.256241,967636000.000000
2010-06-09,0.257617,0.264493,0.249136,0.250053,697152000.000000
2010-06-10,0.255095,0.261284,0.254408,0.260138,611768000.000000
2010-06-11,0.257387,0.267243,0.256700,0.266097,442104000.000000
2010-06-14,0.269993,0.270452,0.259679,0.260367,375080000.000000
2010-06-15,0.263346,0.274577,0.262888,0.273202,528632000.000000
2010-06-16,0.271368,0.273889,0.266097,0.269764,366480000.000000
2010-06-17,0.279161,0.280765,0.269535,0.280078,859068000.000000
2010-06-18,0.281682,0.285349,0.279619,0.281911,932832000.000000
2010-06-21,0.287870,0.288558,0.272744,0.275265,579836000.000000
2010-06-22,0.278703,0.282140,0.263576,0.264951,818164000.000000
2010-06-23,0.267472,0.270681,0.259908,0.267930,614060000.000000
2010-06-24,0.266326,0.267701,0.253720,0.254637,725028000.000000
2010-06-25,0.256471,0.256700,0.249824,0.253949,507220000.000000
2010-06-28,0.255783,0.258075,0.249824,0.254408,372008000.000000
2010-06-29,0.248907,0.249136,0.238593,0.240198,660808000.000000
2010-06-30,0.240656,0.243177,0.234009,0.234009,623072000.000000
2010-07-01,0.234697,0.239510,0.227592,0.237906,737008000.000000
2010-07-02,0.238822,0.239281,0.226904,0.234926,737096000.000000
2010-07-06,0.234009,0.241573,0.230342,0.232405,712020000.000000
2010-07-07,0.233322,0.245011,0.232863,0.243636,608412000.000000
2010-07-08,0.245240,0.245469,0.233322,0.236301,783272000.000000
2010-07-09,0.237447,0.238822,0.234238,0.237218,571516000.000000
2010-07-12,0.237218,0.244552,0.236989,0.241573,565396000.000000
2010-07-13,0.245469,0.251887,0.244094,0.250282,723316000.000000
2010-07-14,0.261284,0.263117,0.249136,0.252803,1355664000.000000
2010-07-15,0.253033,0.253262,0.242719,0.245698,953088000.000000
2010-07-16,0.245698,0.246386,0.229425,0.230342,1288604000.000000
2010-07-19,0.233551,0.240656,0.231947,0.239739,798440000.000000
2010-07-20,0.233551,0.247074,0.231488,0.245698,1160988000.000000
2010-07-21,0.247990,0.248220,0.235385,0.237677,624940000.000000
2010-07-22,0.240198,0.244094,0.238823,0.241573,462612000.000000
2010-07-23,0.241344,0.241573,0.235155,0.237447,817604000.000000
2010-07-26,0.236760,0.242719,0.233092,0.241802,683548000.000000
2010-07-27,0.242490,0.242948,0.236760,0.239739,683472000.000000
2010-07-28,0.235843,0.239968,0.231488,0.232176,1320808000.000000
2010-07-29,0.215444,0.220028,0.207881,0.209256,2664476000.000000
2010-07-30,0.207652,0.214298,0.204443,0.210631,984288000.000000
2010-08-02,0.214298,0.215215,0.209485,0.210402,917020000.000000
2010-08-03,0.208798,0.209027,0.203297,0.204901,955444000.000000
2010-08-04,0.206735,0.214298,0.205818,0.213611,855496000.000000
2010-08-05,0.214298,0.216820,0.210402,0.216361,800504000.000000
2010-08-06,0.215444,0.221174,0.213611,0.218882,739904000.000000
2010-08-09,0.221174,0.221404,0.215674,0.220945,466456000.000000
2010-08-10,0.217278,0.217736,0.210861,0.211777,772560000.000000
2010-08-11,0.207423,0.207423,0.202839,0.203526,796148000.000000
2010-08-12,0.199859,0.209944,0.198255,0.205360,1343584000.000000
2010-08-13,0.212007,0.218195,0.211548,0.215215,1797392000.000000
2010-08-16,0.212236,0.216590,0.206964,0.209715,814008000.000000
2010-08-17,0.211777,0.216361,0.209715,0.212465,481224000.000000
2010-08-18,0.211777,0.215444,0.210402,0.213611,352920000.000000
2010-08-19,0.215903,0.227133,0.214757,0.226446,1615100000.000000
2010-08-20,0.224841,0.234009,0.224612,0.228509,1305308000.000000
2010-08-23,0.229196,0.234926,0.224383,0.225071,748620000.000000
2010-08-24,0.217736,0.225071,0.217278,0.222779,641332000.000000
2010-08-25,0.220258,0.229196,0.219112,0.227363,757532000.000000
2010-08-26,0.230342,0.232863,0.224612,0.224612,657596000.000000
2010-08-27,0.225987,0.233780,0.220258,0.231947,1060416000.000000
2010-08-30,0.229196,0.231030,0.220945,0.220945,602804000.000000
2010-08-31,0.217736,0.224612,0.213152,0.213840,931488000.000000
2010-09-01,0.217049,0.219799,0.214298,0.215444,851440000.000000
2010-09-02,0.216132,0.220028,0.214069,0.219341,596292000.000000
2010-09-03,0.224612,0.227592,0.221862,0.226904,566484000.000000
2010-09-07,0.226217,0.234238,0.225758,0.228967,899820000.000000
2010-09-08,0.229425,0.238135,0.226904,0.236530,1224156000.000000
2010-09-09,0.239510,0.239739,0.230342,0.233322,697748000.000000
2010-09-10,0.234926,0.235614,0.228738,0.230801,609292000.000000
2010-09-13,0.234926,0.246844,0.234926,0.243865,1015792000.000000
2010-09-14,0.241802,0.244782,0.239510,0.241573,698536000.000000
2010-09-15,0.239281,0.242260,0.236072,0.242031,555572000.000000
2010-09-16,0.238822,0.244323,0.238822,0.242260,365280000.000000
2010-09-17,0.244552,0.244782,0.241114,0.241802,416884000.000000
2010-09-20,0.241802,0.246386,0.239510,0.245469,443168000.000000
2010-09-21,0.244094,0.262888,0.244094,0.258763,1779624000.000000
2010-09-22,0.257846,0.263346,0.256241,0.261054,999996000.000000
2010-09-23,0.264034,0.274577,0.261742,0.266326,1240872000.000000
2010-09-24,0.272285,0.281911,0.270222,0.280995,1086976000.000000
2010-09-27,0.283057,0.283287,0.271368,0.275036,999504000.000000
2010-09-28,0.275265,0.278244,0.269535,0.274348,723192000.000000
2010-09-29,0.271827,0.280307,0.269306,0.272285,974904000.000000
2010-09-30,0.275723,0.278932,0.265409,0.267701,787632000.000000
2010-10-01,0.271597,0.272056,0.258075,0.260138,999120000.000000
2010-10-04,0.257617,0.261971,0.252345,0.257617,749500000.000000
2010-10-05,0.263117,0.263576,0.258762,0.259450,753588000.000000
2010-10-06,0.259450,0.260596,0.244552,0.247073,1057604000.000000
2010-10-07,0.248219,0.248449,0.237906,0.245240,761488000.000000
2010-10-08,0.244323,0.250970,0.240885,0.248907,706932000.000000
2010-10-11,0.250053,0.252116,0.246615,0.247761,442680000.000000
2010-10-12,0.245698,0.253720,0.243636,0.252574,605208000.000000
2010-10-13,0.256700,0.263576,0.253949,0.259908,968732000.000000
2010-10-14,0.260138,0.260596,0.254637,0.255783,599172000.000000
2010-10-15,0.259909,0.262888,0.255783,0.258763,639940000.000000
2010-10-18,0.258992,0.261513,0.254408,0.260367,448156000.000000
2010-10-19,0.254637,0.260596,0.252574,0.258763,866136000.000000
2010-10-20,0.258992,0.265868,0.254408,0.258763,763532000.000000
2010-10-21,0.258992,0.259450,0.250282,0.254179,1014428000.000000
2010-10-22,0.255783,0.272514,0.253033,0.270451,1322676000.000000
2010-10-25,0.272514,0.275036,0.269993,0.272973,673136000.000000
2010-10-26,0.269764,0.276182,0.267472,0.272056,675248000.000000
2010-10-27,0.269535,0.276869,0.268847,0.275952,496796000.000000
2010-10-28,0.279619,0.280536,0.273660,0.276181,704448000.000000
2010-10-29,0.275723,0.278473,0.272744,0.275494,554664000.000000
2010-11-01,0.277327,0.281682,0.273660,0.275952,473920000.000000
2010-11-02,0.277098,0.286266,0.275494,0.281682,581036000.000000
2010-11-03,0.283516,0.285579,0.276181,0.283745,671748000.000000
2010-11-04,0.286495,0.289475,0.283745,0.284203,700016000.000000
2010-11-05,0.286266,0.291538,0.284891,0.289016,735116000.000000
2010-11-08,0.288787,0.292684,0.286495,0.290162,605156000.000000
2010-11-09,0.290162,0.292454,0.286954,0.288558,633964000.000000
2010-11-10,0.290621,0.291996,0.286495,0.291996,521016000.000000
2010-11-11,0.285120,0.293829,0.281224,0.289016,1089980000.000000
2010-11-12,0.300018,0.313540,0.298643,0.303914,2142560000.000000
2010-11-15,0.305289,0.309644,0.299559,0.300247,733548000.000000
2010-11-16,0.295205,0.299330,0.290850,0.291308,739356000.000000
2010-11-17,0.291079,0.299559,0.288329,0.296121,551764000.000000
2010-11-18,0.300018,0.308269,0.300018,0.305289,993120000.000000
2010-11-19,0.304602,0.316291,0.304143,0.315145,716484000.000000
2010-11-22,0.313082,0.317207,0.310332,0.315374,462668000.000000
2010-11-23,0.311707,0.314916,0.305748,0.308040,457832000.000000
2010-11-24,0.311248,0.316749,0.311019,0.315603,397784000.000000
2010-11-26,0.315374,0.317207,0.311707,0.311707,143104000.000000
2010-11-29,0.310332,0.316291,0.308956,0.315145,468192000.000000
2010-11-30,0.310332,0.313540,0.306206,0.311936,720936000.000000
2010-12-01,0.318124,0.327751,0.317666,0.325688,626536000.000000
2010-12-02,0.325688,0.331647,0.325459,0.329584,529316000.000000
2010-12-03,0.327980,0.338981,0.327292,0.338981,606044000.000000
2010-12-06,0.340127,0.340815,0.331189,0.332564,438424000.000000
2010-12-07,0.340356,0.351358,0.339669,0.343336,1026812000.000000
2010-12-08,0.342878,0.349983,0.340356,0.346316,613252000.000000
2010-12-09,0.338064,0.342878,0.333251,0.340586,942408000.000000
2010-12-10,0.340585,0.345857,0.339669,0.342648,451900000.000000
2010-12-13,0.344024,0.344711,0.333022,0.333939,609108000.000000
2010-12-14,0.340356,0.346545,0.333939,0.334397,755160000.000000
2010-12-15,0.335085,0.339210,0.326605,0.327063,624176000.000000
2010-12-16,0.330501,0.332334,0.326605,0.327521,631872000.000000
2010-12-17,0.327751,0.331189,0.323854,0.329355,593156000.000000
2010-12-20,0.330501,0.332105,0.327751,0.327980,344088000.000000
2010-12-21,0.331189,0.340815,0.330959,0.340815,466952000.000000
2010-12-22,0.340127,0.344940,0.336918,0.344482,477988000.000000
2010-12-23,0.344482,0.344482,0.340586,0.341961,273784000.000000
2010-12-27,0.341044,0.346315,0.334856,0.343794,255500000.000000
2010-12-28,0.343794,0.346086,0.340356,0.342419,194260000.000000
2010-12-29,0.342190,0.344940,0.339210,0.342419,177660000.000000
2010-12-30,0.341961,0.345628,0.340815,0.343565,174488000.000000
2010-12-31,0.343794,0.353421,0.343336,0.352962,391252000.000000
2011-01-03,0.355713,0.366026,0.355254,0.362588,817448000.000000
2011-01-04,0.363276,0.364880,0.353421,0.361442,651384000.000000
2011-01-05,0.368089,0.389634,0.364422,0.389175,1428216000.000000
2011-01-06,0.399260,0.443265,0.398114,0.443036,3493312000.000000
2011-01-07,0.437994,0.456788,0.428139,0.455413,2579984000.000000
2011-01-10,0.447162,0.473748,0.443724,0.472832,1750348000.000000
2011-01-11,0.479249,0.483833,0.455413,0.465497,2711088000.000000
2011-01-12,0.465727,0.535632,0.464122,0.535173,3431896000.000000
2011-01-13,0.529443,0.546404,0.512941,0.536090,2695192000.000000
2011-01-14,0.526922,0.549612,0.523713,0.540674,1595352000.000000
2011-01-18,0.533340,0.537007,0.515004,0.528068,1813348000.000000
2011-01-19,0.528297,0.540903,0.512483,0.513629,1197896000.000000
2011-01-20,0.508586,0.517067,0.499419,0.514087,1111408000.000000
2011-01-21,0.519588,0.526922,0.508357,0.509274,739244000.000000
2011-01-24,0.532652,0.574136,0.526693,0.566802,2056900000.000000
2011-01-25,0.564281,0.570240,0.545716,0.549383,1086856000.000000
2011-01-26,0.555113,0.572990,0.551217,0.562447,1074660000.000000
2011-01-27,0.570469,0.571845,0.550071,0.560843,657396000.000000
2011-01-28,0.562218,0.571615,0.531735,0.544570,1094796000.000000
2011-01-31,0.545487,0.555801,0.536548,0.548237,750160000.000000
2011-02-01,0.553051,0.564969,0.549383,0.560843,654104000.000000
2011-02-02,0.557634,0.599807,0.557634,0.586284,1606616000.000000
2011-02-03,0.587201,0.587201,0.562677,0.575282,1030776000.000000
2011-02-04,0.583304,0.592931,0.581012,0.588347,872900000.000000
2011-02-07,0.580325,0.582846,0.561760,0.563823,934236000.000000
2011-02-08,0.564510,0.568177,0.544570,0.547091,1076584000.000000
2011-02-09,0.549154,0.554655,0.523943,0.533798,1277520000.000000
2011-02-10,0.521880,0.531965,0.517984,0.523026,1042352000.000000
2011-02-11,0.521192,0.554884,0.512712,0.537924,1359276000.000000
2011-02-14,0.544341,0.561531,0.527610,0.529672,1287828000.000000
2011-02-15,0.530589,0.532423,0.514545,0.516837,886980000.000000
2011-02-16,0.523713,0.543424,0.521880,0.535861,1318364000.000000
2011-02-17,0.520734,0.596139,0.518213,0.588576,3470096000.000000
2011-02-18,0.585367,0.594764,0.578262,0.587430,1394412000.000000
2011-02-22,0.568177,0.569782,0.530131,0.531964,1396648000.000000
2011-02-23,0.531964,0.537007,0.499189,0.506753,1491604000.000000
2011-02-24,0.509274,0.528068,0.505607,0.519129,1246120000.000000
2011-02-25,0.533110,0.538611,0.525776,0.529902,775652000.000000
2011-02-28,0.538611,0.538840,0.507440,0.519359,903696000.000000
2011-03-01,0.520276,0.526922,0.496210,0.496210,988448000.000000
2011-03-02,0.495522,0.504919,0.464122,0.475582,1718140000.000000
2011-03-03,0.486583,0.489334,0.463893,0.478332,1593704000.000000
2011-03-04,0.478791,0.483604,0.470540,0.475811,959760000.000000
2011-03-07,0.479249,0.480854,0.457246,0.469165,1019140000.000000
2011-03-08,0.474207,0.476728,0.438223,0.448079,1947184000.000000
2011-03-09,0.446703,0.451058,0.434785,0.438682,1318976000.000000
2011-03-10,0.428597,0.431806,0.410261,0.410719,1722736000.000000
2011-03-11,0.414158,0.425159,0.404761,0.413699,1486832000.000000
2011-03-14,0.416908,0.427451,0.410261,0.417137,1003360000.000000
2011-03-15,0.396739,0.411636,0.389863,0.404760,1256280000.000000
2011-03-16,0.401093,0.420575,0.396509,0.401781,1476520000.000000
2011-03-17,0.412553,0.413241,0.394218,0.409344,1238516000.000000
2011-03-18,0.415762,0.417137,0.403385,0.403844,886960000.000000
2011-03-21,0.412553,0.416679,0.402927,0.407052,751832000.000000
2011-03-22,0.405906,0.409803,0.398114,0.399947,718332000.000000
2011-03-23,0.399260,0.409344,0.390550,0.408198,782396000.000000
2011-03-24,0.416908,0.445787,0.415991,0.440744,1780592000.000000
2011-03-25,0.444641,0.445787,0.426305,0.426993,1196392000.000000
2011-03-28,0.437077,0.450141,0.433181,0.442807,1204284000.000000
2011-03-29,0.442807,0.444411,0.433410,0.439369,715764000.000000
2011-03-30,0.442807,0.444641,0.417366,0.422867,1176320000.000000
2011-03-31,0.423555,0.428139,0.415304,0.423096,655112000.000000
2011-04-01,0.428597,0.429055,0.411407,0.417137,850072000.000000
2011-04-04,0.417137,0.418283,0.399260,0.402239,924328000.000000
2011-04-05,0.408198,0.411407,0.402010,0.402927,821076000.000000
2011-04-06,0.405907,0.406365,0.396739,0.400177,856984000.000000
2011-04-07,0.401093,0.417366,0.399489,0.414845,1021208000.000000
2011-04-08,0.418054,0.418054,0.401093,0.402239,746552000.000000
2011-04-11,0.403844,0.405906,0.392613,0.396968,546208000.000000
2011-04-12,0.393071,0.400864,0.385737,0.398114,840756000.000000
2011-04-13,0.402239,0.409574,0.397197,0.407052,749588000.000000
2011-04-14,0.403385,0.424471,0.401093,0.424242,1254704000.000000
2011-04-15,0.421033,0.434098,0.418971,0.428826,969720000.000000
2011-04-18,0.418741,0.421492,0.407969,0.414616,743584000.000000
2011-04-19,0.414845,0.416450,0.401781,0.413012,659860000.000000
2011-04-20,0.428138,0.434327,0.418741,0.425617,650516000.000000
2011-04-21,0.430201,0.432952,0.423555,0.424471,421300000.000000
2011-04-25,0.426305,0.438223,0.426076,0.431118,619612000.000000
2011-04-26,0.434785,0.446703,0.430430,0.442349,676000000.000000
2011-04-27,0.444641,0.444641,0.433181,0.442349,450004000.000000
2011-04-28,0.442349,0.456100,0.437306,0.447162,684000000.000000
2011-04-29,0.450141,0.468477,0.449454,0.458392,836000000.000000
2011-05-02,0.468019,0.468248,0.449912,0.452204,613824000.000000
2011-05-03,0.446933,0.448308,0.425159,0.430660,808000000.000000
2011-05-04,0.432035,0.436848,0.419429,0.427451,639356000.000000
2011-05-05,0.424013,0.432722,0.418283,0.427680,544000000.000000
2011-05-06,0.436619,0.446933,0.433181,0.442807,841080000.000000
2011-05-09,0.444182,0.454954,0.443036,0.452662,706328000.000000
2011-05-10,0.456330,0.456788,0.448766,0.453350,690976000.000000
2011-05-11,0.455642,0.460226,0.449225,0.455413,616000000.000000
2011-05-12,0.453809,0.470311,0.452663,0.469852,1224000000.000000
2011-05-13,0.440057,0.441203,0.415303,0.418512,2025192000.000000
2011-05-16,0.417366,0.418283,0.405448,0.405677,728188000.000000
2011-05-17,0.404302,0.404531,0.392384,0.404073,1420364000.000000
2011-05-18,0.405677,0.416908,0.404302,0.413470,658844000.000000
2011-05-19,0.416679,0.416908,0.401323,0.407511,650884000.000000
2011-05-20,0.406594,0.415533,0.404760,0.414616,575820000.000000
2011-05-23,0.408657,0.417137,0.403385,0.414158,588000000.000000
2011-05-24,0.416220,0.432493,0.415074,0.415762,720372000.000000
2011-05-25,0.413699,0.423555,0.409574,0.420804,545312000.000000
2011-05-26,0.420804,0.435014,0.419658,0.431347,706436000.000000
2011-05-27,0.433181,0.447620,0.432722,0.446933,658824000.000000
2011-05-31,0.455642,0.459538,0.444641,0.459309,1200716000.000000
2011-06-01,0.457246,0.457934,0.437765,0.438682,762208000.000000
2011-06-02,0.439369,0.442578,0.431347,0.436619,607592000.000000
2011-06-03,0.431576,0.435473,0.421033,0.423096,549300000.000000
2011-06-06,0.422409,0.426305,0.413699,0.414158,435988000.000000
2011-06-07,0.417366,0.419658,0.412095,0.413928,433956000.000000
2011-06-08,0.411866,0.414387,0.399489,0.402698,569288000.000000
2011-06-09,0.402468,0.403385,0.383674,0.398114,741632000.000000
2011-06-10,0.398801,0.401323,0.389175,0.392384,493548000.000000
2011-06-13,0.392384,0.397426,0.386883,0.389634,574760000.000000
2011-06-14,0.393071,0.401552,0.391238,0.392842,534576000.000000
2011-06-15,0.387571,0.389863,0.376340,0.384362,935916000.000000
2011-06-16,0.384591,0.390550,0.365568,0.371069,1024908000.000000
2011-06-17,0.375423,0.375653,0.350899,0.362359,1467884000.000000
2011-06-20,0.359151,0.366714,0.355254,0.358005,745960000.000000
2011-06-21,0.359380,0.368548,0.355942,0.365797,704276000.000000
2011-06-22,0.363276,0.368089,0.360067,0.360755,651720000.000000
2011-06-23,0.356171,0.374048,0.352962,0.371527,744024000.000000
2011-06-24,0.369694,0.372902,0.358463,0.360755,529052000.000000
2011-06-27,0.360755,0.363047,0.340585,0.353191,1142152000.000000
2011-06-28,0.353191,0.359380,0.350670,0.355254,692200000.000000
2011-06-29,0.357546,0.364422,0.345170,0.360755,960544000.000000
2011-06-30,0.361672,0.369235,0.356171,0.365339,652300000.000000
2011-07-01,0.365339,0.371527,0.358005,0.370152,540804000.000000
2011-07-05,0.369694,0.373132,0.360755,0.363964,535296000.000000
2011-07-06,0.363734,0.364422,0.354796,0.359150,529580000.000000
2011-07-07,0.360984,0.362818,0.354108,0.360526,986136000.000000
2011-07-08,0.355483,0.358004,0.350670,0.353650,619516000.000000
2011-07-11,0.347003,0.348378,0.340356,0.341273,714388000.000000
2011-07-12,0.339669,0.342877,0.330959,0.336689,867604000.000000
2011-07-13,0.341273,0.343565,0.332793,0.336002,634368000.000000
2011-07-14,0.337377,0.339439,0.321104,0.322708,1088996000.000000
2011-07-15,0.324542,0.326605,0.316520,0.323167,827736000.000000
2011-07-18,0.320646,0.322479,0.312165,0.316291,818200000.000000
2011-07-19,0.317208,0.326605,0.317208,0.325917,602224000.000000
2011-07-20,0.327063,0.328896,0.320875,0.321791,662956000.000000
2011-07-21,0.322250,0.339210,0.317437,0.336918,1143420000.000000
2011-07-22,0.339898,0.344940,0.335543,0.343794,737192000.000000
2011-07-25,0.338523,0.339898,0.333480,0.338294,566920000.000000
2011-07-26,0.328667,0.336918,0.325229,0.330043,698276000.000000
2011-07-27,0.325458,0.327063,0.316749,0.317666,652212000.000000
2011-07-28,0.316520,0.323625,0.311478,0.316978,648176000.000000
2011-07-29,0.313770,0.319958,0.312165,0.316978,677656000.000000
2011-08-01,0.324313,0.334856,0.321562,0.333939,1019620000.000000
2011-08-02,0.331647,0.352504,0.330501,0.330501,1356432000.000000
2011-08-03,0.331188,0.340585,0.327980,0.339440,765236000.000000
2011-08-04,0.333251,0.333251,0.307123,0.307123,979732000.000000
2011-08-05,0.314228,0.318124,0.288787,0.296809,1270588000.000000
2011-08-08,0.282370,0.292454,0.271597,0.273431,1084180000.000000
2011-08-09,0.278703,0.296809,0.275035,0.296351,1329832000.000000
2011-08-10,0.287641,0.295892,0.281224,0.282828,1140052000.000000
2011-08-11,0.282828,0.311478,0.282828,0.307352,1078792000.000000
2011-08-12,0.340127,0.340586,0.290392,0.295205,3195784000.000000
2011-08-15,0.298184,0.307123,0.296580,0.306435,864152000.000000
2011-08-16,0.302997,0.307123,0.292225,0.297726,716868000.000000
2011-08-17,0.298643,0.303685,0.289704,0.293600,553328000.000000
2011-08-18,0.280307,0.283057,0.270452,0.273660,802564000.000000
2011-08-19,0.269076,0.283974,0.267014,0.268847,761332000.000000
2011-08-22,0.276411,0.279619,0.270681,0.273660,611876000.000000
2011-08-23,0.280307,0.303456,0.279849,0.303227,938312000.000000
2011-08-24,0.302539,0.303456,0.291079,0.298872,687500000.000000
2011-08-25,0.292913,0.298184,0.285578,0.286037,690968000.000000
2011-08-26,0.284891,0.301164,0.279849,0.298184,732660000.000000
2011-08-29,0.306665,0.307352,0.299559,0.306206,601528000.000000
2011-08-30,0.304143,0.316062,0.302081,0.313540,684760000.000000
2011-08-31,0.315832,0.319041,0.302539,0.305060,705808000.000000
2011-09-01,0.309186,0.315832,0.304143,0.304372,762312000.000000
2011-09-02,0.297497,0.301622,0.293829,0.296121,471356000.000000
2011-09-06,0.286495,0.302768,0.283745,0.302081,696248000.000000
2011-09-07,0.326605,0.335543,0.317666,0.326605,1606620000.000000
2011-09-08,0.323396,0.331189,0.319729,0.325000,880164000.000000
2011-09-09,0.322250,0.330959,0.315374,0.318124,869828000.000000
2011-09-12,0.313770,0.328438,0.313770,0.325688,916480000.000000
2011-09-13,0.328438,0.334626,0.323396,0.333022,853836000.000000
2011-09-14,0.341732,0.354567,0.341502,0.350212,1547192000.000000
2011-09-15,0.358004,0.359838,0.352045,0.355254,752908000.000000
2011-09-16,0.355942,0.369006,0.352504,0.354337,1391588000.000000
2011-09-19,0.348378,0.350899,0.338064,0.347003,968204000.000000
2011-09-20,0.351358,0.352733,0.336460,0.338064,792436000.000000
2011-09-21,0.339898,0.345857,0.331418,0.331647,715252000.000000
2011-09-22,0.318583,0.319041,0.303685,0.309644,1314632000.000000
2011-09-23,0.307810,0.325000,0.305977,0.316061,1011440000.000000
2011-09-26,0.319958,0.320875,0.302539,0.316749,972124000.000000
2011-09-27,0.324771,0.327521,0.314686,0.317208,781388000.000000
2011-09-28,0.317895,0.325917,0.302539,0.307581,1236532000.000000
2011-09-29,0.313082,0.318354,0.292225,0.300018,866416000.000000
2011-09-30,0.295205,0.296809,0.286266,0.286725,677784000.000000
2011-10-03,0.283057,0.291996,0.270681,0.270681,949896000.000000
2011-10-04,0.264034,0.295663,0.262888,0.295663,1361548000.000000
2011-10-05,0.294975,0.308956,0.289016,0.306206,856708000.000000
2011-10-06,0.307811,0.319270,0.307352,0.318354,773192000.000000
2011-10-07,0.319729,0.329126,0.313082,0.324313,806976000.000000
2011-10-10,0.329813,0.338752,0.329126,0.338752,534376000.000000
2011-10-11,0.336002,0.341502,0.333939,0.335085,816080000.000000
2011-10-12,0.341502,0.341731,0.334626,0.334856,612064000.000000
2011-10-13,0.333251,0.355025,0.332335,0.354337,854832000.000000
2011-10-14,0.360526,0.364193,0.351587,0.360296,702452000.000000
2011-10-17,0.356171,0.356171,0.340586,0.342419,611780000.000000
2011-10-18,0.340586,0.355713,0.338523,0.354796,590916000.000000
2011-10-19,0.355254,0.361442,0.346774,0.347691,557568000.000000
2011-10-20,0.338293,0.339669,0.317207,0.330272,990308000.000000
2011-10-21,0.334397,0.339898,0.326375,0.331876,628428000.000000
2011-10-24,0.333251,0.349524,0.332564,0.344253,535256000.000000
2011-10-25,0.339440,0.342190,0.330501,0.331188,577996000.000000
2011-10-26,0.337606,0.339440,0.325459,0.335085,503116000.000000
2011-10-27,0.347462,0.352962,0.339669,0.349524,577732000.000000
2011-10-28,0.346545,0.360755,0.345628,0.357546,490156000.000000
2011-10-31,0.346086,0.348149,0.339210,0.339210,519984000.000000
2011-11-01,0.326834,0.327751,0.319041,0.322250,790824000.000000
2011-11-02,0.325459,0.327063,0.310103,0.316749,961608000.000000
2011-11-03,0.320187,0.336460,0.311707,0.335772,749372000.000000
2011-11-04,0.332793,0.340815,0.327521,0.339669,654840000.000000
2011-11-07,0.337148,0.342878,0.330043,0.337835,613536000.000000
2011-11-08,0.342190,0.347691,0.336689,0.345628,549728000.000000
2011-11-09,0.337606,0.341961,0.326834,0.328209,532244000.000000
2011-11-10,0.336231,0.339669,0.323396,0.331647,990484000.000000
2011-11-11,0.341044,0.346086,0.322479,0.343336,1751560000.000000
2011-11-14,0.343336,0.346774,0.335772,0.336689,500292000.000000
2011-11-15,0.333481,0.343565,0.332564,0.341044,505660000.000000
2011-11-16,0.334627,0.343565,0.333022,0.334168,512420000.000000
2011-11-17,0.333480,0.334397,0.316291,0.322250,657504000.000000
2011-11-18,0.324083,0.324083,0.315832,0.319270,501352000.000000
2011-11-21,0.314228,0.338523,0.309415,0.335314,1330788000.000000
2011-11-22,0.338981,0.347462,0.337148,0.345628,1287480000.000000
2011-11-23,0.341961,0.344482,0.330730,0.330959,825340000.000000
2011-11-25,0.326605,0.334168,0.320875,0.321791,406620000.000000
2011-11-28,0.332334,0.344940,0.332334,0.339898,690616000.000000
2011-11-29,0.339440,0.346086,0.336231,0.341732,623440000.000000
2011-11-30,0.352045,0.359151,0.349066,0.358234,730324000.000000
2011-12-01,0.355254,0.363505,0.353650,0.362588,529760000.000000
2011-12-02,0.366485,0.367860,0.356858,0.360296,546464000.000000
2011-12-05,0.366256,0.366714,0.351816,0.354796,644696000.000000
2011-12-06,0.356859,0.357546,0.346086,0.349753,573832000.000000
2011-12-07,0.347461,0.350212,0.340356,0.347691,510016000.000000
2011-12-08,0.344253,0.349982,0.335543,0.336689,491488000.000000
2011-12-09,0.334168,0.344253,0.329584,0.341502,555840000.000000
2011-12-12,0.334168,0.335543,0.326834,0.333022,573208000.000000
2011-12-13,0.337377,0.341502,0.321792,0.323854,516596000.000000
2011-12-14,0.321104,0.322937,0.307811,0.311248,636020000.000000
2011-12-15,0.316520,0.318583,0.307810,0.308498,435148000.000000
2011-12-16,0.311019,0.316978,0.308269,0.309644,619116000.000000
2011-12-19,0.311019,0.314686,0.300476,0.301622,463276000.000000
2011-12-20,0.308498,0.319729,0.308498,0.318583,445208000.000000
2011-12-21,0.316749,0.320187,0.308269,0.314457,548424000.000000
2011-12-22,0.315374,0.328897,0.315374,0.327980,576560000.000000
2011-12-23,0.329584,0.330042,0.322021,0.324771,248948000.000000
2011-12-27,0.323396,0.327292,0.321333,0.322250,195712000.000000
2011-12-28,0.322250,0.322937,0.313999,0.314228,233960000.000000
2011-12-29,0.317437,0.320875,0.312853,0.320187,211112000.000000
2011-12-30,0.319041,0.322479,0.317207,0.317666,186956000.000000
2012-01-03,0.327751,0.330043,0.321104,0.321791,468044000.000000
2012-01-04,0.322021,0.326834,0.319041,0.325459,347372000.000000
2012-01-05,0.323854,0.338752,0.322479,0.337148,563548000.000000
2012-01-06,0.336918,0.337148,0.329355,0.333251,533252000.000000
2012-01-09,0.333480,0.339669,0.330959,0.333251,508244000.000000
2012-01-10,0.338294,0.338523,0.329584,0.331876,546328000.000000
2012-01-11,0.328897,0.331876,0.323854,0.325229,484272000.000000
2012-01-12,0.325917,0.326146,0.316062,0.323167,652364000.000000
2012-01-13,0.320875,0.321562,0.313082,0.314686,504300000.000000
2012-01-17,0.319500,0.319500,0.309415,0.309873,627176000.000000
2012-01-18,0.315832,0.322937,0.314228,0.320416,632676000.000000
2012-01-19,0.323167,0.329355,0.319729,0.328896,608312000.000000
2012-01-20,0.328438,0.332335,0.324771,0.325917,546272000.000000
2012-01-23,0.326146,0.335085,0.322021,0.334856,562792000.000000
2012-01-24,0.332564,0.343794,0.332335,0.342419,730920000.000000
2012-01-25,0.333251,0.341273,0.323625,0.340356,1274152000.000000
2012-01-26,0.345399,0.349295,0.335314,0.337148,799672000.000000
2012-01-27,0.335085,0.343565,0.332334,0.341732,449996000.000000
2012-01-30,0.335772,0.340815,0.330730,0.339210,399076000.000000
2012-01-31,0.340127,0.340356,0.332564,0.338523,357900000.000000
2012-02-01,0.342419,0.346086,0.337606,0.342190,428020000.000000
2012-02-02,0.344023,0.356400,0.340586,0.355025,696236000.000000
2012-02-03,0.360296,0.365568,0.359609,0.362588,495232000.000000
2012-02-06,0.360755,0.361213,0.356629,0.359838,278868000.000000
2012-02-07,0.360296,0.362818,0.354337,0.360755,410296000.000000
2012-02-08,0.360755,0.380924,0.358921,0.373819,847612000.000000
2012-02-09,0.378403,0.380466,0.372902,0.373590,561944000.000000
2012-02-10,0.369923,0.371298,0.362359,0.364422,440268000.000000
2012-02-13,0.373590,0.374965,0.362588,0.370152,610668000.000000
2012-02-14,0.370152,0.375423,0.366943,0.372215,453756000.000000
2012-02-15,0.375653,0.387342,0.369693,0.370610,1110856000.000000
2012-02-16,0.345169,0.380007,0.343794,0.377028,1888588000.000000
2012-02-17,0.377257,0.379778,0.359838,0.363276,1020360000.000000
2012-02-21,0.363047,0.374048,0.362359,0.365110,518176000.000000
2012-02-22,0.363276,0.372215,0.362130,0.362588,492432000.000000
2012-02-23,0.363276,0.366714,0.357546,0.364651,323968000.000000
2012-02-24,0.365797,0.366256,0.360297,0.361901,366668000.000000
2012-02-27,0.357317,0.358921,0.349524,0.354567,745268000.000000
2012-02-28,0.354567,0.358692,0.347691,0.351358,699884000.000000
2012-02-29,0.352504,0.358463,0.347003,0.347232,689196000.000000
2012-03-01,0.348607,0.353650,0.347232,0.349524,449944000.000000
2012-03-02,0.348378,0.357546,0.348378,0.352504,684076000.000000
2012-03-05,0.349983,0.350670,0.338064,0.340586,514848000.000000
2012-03-06,0.336689,0.339440,0.331418,0.337377,471400000.000000
2012-03-07,0.339210,0.340815,0.334626,0.339440,441984000.000000
2012-03-08,0.340356,0.344024,0.338523,0.340586,430852000.000000
2012-03-09,0.341502,0.344024,0.337835,0.339669,367836000.000000
2012-03-12,0.341044,0.343336,0.333480,0.334397,299948000.000000
2012-03-13,0.335772,0.340815,0.334168,0.338981,553288000.000000
2012-03-14,0.338981,0.339669,0.328209,0.329355,735708000.000000
2012-03-15,0.330272,0.336002,0.329126,0.334168,382380000.000000
2012-03-16,0.334397,0.336002,0.332564,0.334626,428340000.000000
2012-03-19,0.336460,0.338064,0.333939,0.335543,405400000.000000
2012-03-20,0.333710,0.333710,0.327063,0.330043,449616000.000000
2012-03-21,0.330042,0.334397,0.326375,0.331418,467840000.000000
2012-03-22,0.328897,0.333710,0.327980,0.330959,425372000.000000
2012-03-23,0.330042,0.334397,0.327750,0.333480,315456000.000000
2012-03-26,0.336689,0.338981,0.333481,0.337377,288600000.000000
2012-03-27,0.338752,0.343794,0.338064,0.339669,419968000.000000
2012-03-28,0.344024,0.352045,0.341502,0.347461,892448000.000000
2012-03-29,0.347003,0.351816,0.342648,0.349066,372700000.000000
2012-03-30,0.352045,0.355025,0.347003,0.352962,527240000.000000
2012-04-02,0.352045,0.355025,0.346315,0.351358,407776000.000000
2012-04-03,0.353879,0.354337,0.343794,0.345628,430476000.000000
2012-04-04,0.340356,0.344711,0.333710,0.335772,495896000.000000
2012-04-05,0.336231,0.340356,0.334168,0.335314,369424000.000000
2012-04-09,0.330043,0.332105,0.324542,0.330959,365504000.000000
2012-04-10,0.329584,0.334168,0.322938,0.324542,470360000.000000
2012-04-11,0.328896,0.335772,0.327751,0.328667,372960000.000000
2012-04-12,0.329126,0.338294,0.327751,0.336460,384868000.000000
2012-04-13,0.333481,0.335314,0.324313,0.324542,311324000.000000
2012-04-16,0.326834,0.327751,0.315374,0.320646,463468000.000000
2012-04-17,0.321562,0.325459,0.320187,0.321333,460696000.000000
2012-04-18,0.319270,0.320875,0.313999,0.317895,400764000.000000
2012-04-19,0.313770,0.325688,0.311478,0.313082,667188000.000000
2012-04-20,0.314916,0.315832,0.306206,0.306894,509592000.000000
2012-04-23,0.301622,0.304602,0.295892,0.303227,706244000.000000
2012-04-24,0.304143,0.306664,0.292225,0.293829,730440000.000000
2012-04-25,0.298184,0.302081,0.292683,0.299789,727112000.000000
2012-04-26,0.299559,0.302539,0.297497,0.300018,539208000.000000
2012-04-27,0.299559,0.301393,0.294288,0.297497,475356000.000000
2012-04-30,0.295892,0.299559,0.293830,0.297955,262268000.000000
2012-05-01,0.296351,0.306435,0.296351,0.303227,408680000.000000
2012-05-02,0.302081,0.303227,0.292913,0.294517,684008000.000000
2012-05-03,0.295205,0.297038,0.287641,0.289475,419536000.000000
2012-05-04,0.287641,0.289246,0.280995,0.280995,545092000.000000
2012-05-07,0.286037,0.290850,0.283516,0.285808,604440000.000000
2012-05-08,0.283286,0.287412,0.278244,0.285578,462312000.000000
2012-05-09,0.280536,0.289016,0.277786,0.286725,520608000.000000
2012-05-10,0.289475,0.289933,0.280078,0.284662,597092000.000000
2012-05-11,0.308269,0.313540,0.301622,0.302768,1435140000.000000
2012-05-14,0.300247,0.305519,0.294059,0.300935,437472000.000000
2012-05-15,0.300935,0.307581,0.296580,0.297955,599940000.000000
2012-05-16,0.298413,0.301851,0.291079,0.291996,470484000.000000
2012-05-17,0.293142,0.295892,0.289933,0.289933,335364000.000000
2012-05-18,0.290621,0.291996,0.275494,0.276869,567288000.000000
2012-05-21,0.277328,0.283058,0.275494,0.281682,416260000.000000
2012-05-22,0.281453,0.281911,0.274119,0.278244,410140000.000000
2012-05-23,0.275265,0.285579,0.271139,0.285120,496000000.000000
2012-05-24,0.286725,0.287183,0.275494,0.277557,520420000.000000
2012-05-25,0.277327,0.286495,0.277327,0.284203,391752000.000000
2012-05-29,0.288787,0.293371,0.287641,0.291538,310000000.000000
2012-05-30,0.288329,0.290392,0.283057,0.288100,379792000.000000
2012-05-31,0.288100,0.289246,0.281224,0.284891,358192000.000000
2012-06-01,0.278932,0.281682,0.274119,0.274577,440984000.000000
2012-06-04,0.275952,0.277557,0.266555,0.268847,432856000.000000
2012-06-05,0.267472,0.277327,0.267472,0.276640,365224000.000000
2012-06-06,0.278703,0.284662,0.276640,0.283974,368968000.000000
2012-06-07,0.288100,0.289704,0.272285,0.272514,526780000.000000
2012-06-08,0.273431,0.278703,0.272973,0.277786,370308000.000000
2012-06-11,0.286724,0.291767,0.280307,0.280995,839080000.000000
2012-06-12,0.284203,0.289475,0.283745,0.286725,496128000.000000
2012-06-13,0.286495,0.287183,0.277786,0.279161,494276000.000000
2012-06-14,0.278703,0.280994,0.272973,0.275723,589884000.000000
2012-06-15,0.277786,0.281912,0.275265,0.281682,385288000.000000
2012-06-18,0.279619,0.286495,0.277327,0.284203,304424000.000000
2012-06-19,0.295892,0.307811,0.294517,0.303456,960476000.000000
2012-06-20,0.306435,0.313999,0.304602,0.308269,972720000.000000
2012-06-21,0.308040,0.308040,0.293600,0.294288,516376000.000000
2012-06-22,0.297955,0.301393,0.293830,0.297955,865360000.000000
2012-06-25,0.298184,0.299101,0.287412,0.288558,494616000.000000
2012-06-26,0.290162,0.293830,0.286037,0.291767,437152000.000000
2012-06-27,0.291996,0.303227,0.291996,0.301164,506064000.000000
2012-06-28,0.298414,0.305289,0.295892,0.303456,545896000.000000
2012-06-29,0.310561,0.317437,0.310332,0.316749,616508000.000000
2012-07-02,0.318353,0.318583,0.305748,0.308269,581684000.000000
2012-07-03,0.308269,0.316978,0.308040,0.316291,219284000.000000
2012-07-05,0.314228,0.315603,0.308269,0.313082,280076000.000000
2012-07-06,0.310790,0.311707,0.303685,0.307123,382760000.000000
2012-07-09,0.305289,0.306665,0.300476,0.302997,306336000.000000
2012-07-10,0.299789,0.308727,0.291537,0.293829,512028000.000000
2012-07-11,0.294746,0.298413,0.287641,0.289016,485216000.000000
2012-07-12,0.285808,0.286266,0.281682,0.284203,472160000.000000
2012-07-13,0.284433,0.289246,0.282599,0.287870,324260000.000000
2012-07-16,0.286037,0.291079,0.283286,0.288787,334460000.000000
2012-07-17,0.289704,0.291308,0.278703,0.283516,447476000.000000
2012-07-18,0.282828,0.303456,0.281453,0.299330,616008000.000000
2012-07-19,0.301393,0.306206,0.299330,0.302310,403036000.000000
2012-07-20,0.300476,0.302539,0.290392,0.293600,451000000.000000
2012-07-23,0.285808,0.299559,0.282599,0.297497,451584000.000000
2012-07-24,0.297955,0.299789,0.290850,0.294288,351164000.000000
2012-07-25,0.293371,0.302997,0.291996,0.300018,415044000.000000
2012-07-26,0.305518,0.308956,0.299101,0.301393,338440000.000000
2012-07-27,0.302539,0.309873,0.300247,0.308957,376516000.000000
2012-07-30,0.308956,0.312853,0.302997,0.305518,363552000.000000
2012-07-31,0.305519,0.314686,0.305060,0.310332,387788000.000000
2012-08-01,0.312165,0.315145,0.305518,0.306894,335912000.000000
2012-08-02,0.305289,0.312624,0.300247,0.308040,367912000.000000
2012-08-03,0.312853,0.317666,0.305518,0.314457,326548000.000000
2012-08-06,0.317437,0.322708,0.316978,0.321104,360324000.000000
2012-08-07,0.325000,0.327751,0.322479,0.324313,407340000.000000
2012-08-08,0.324083,0.329584,0.323167,0.326146,517064000.000000
2012-08-09,0.326605,0.337835,0.326146,0.337148,822300000.000000
2012-08-10,0.346086,0.348837,0.330730,0.335085,1278744000.000000
2012-08-13,0.335543,0.339669,0.334168,0.339440,447244000.000000
2012-08-14,0.340585,0.341044,0.333022,0.334397,388828000.000000
2012-08-15,0.335543,0.338294,0.330272,0.331876,594404000.000000
2012-08-16,0.334856,0.339898,0.333710,0.338752,371008000.000000
2012-08-17,0.338752,0.338752,0.332793,0.335772,309864000.000000
2012-08-20,0.334627,0.336231,0.330730,0.335772,314392000.000000
2012-08-21,0.336918,0.338981,0.331418,0.334856,340248000.000000
2012-08-22,0.332793,0.336918,0.331647,0.335543,313556000.000000
2012-08-23,0.334856,0.335085,0.326605,0.327980,379040000.000000
2012-08-24,0.327980,0.336231,0.327292,0.334626,347724000.000000
2012-08-27,0.334397,0.335314,0.328667,0.328896,340944000.000000
2012-08-28,0.326375,0.330730,0.325688,0.327521,310764000.000000
2012-08-29,0.327292,0.330272,0.326605,0.328209,250412000.000000
2012-08-30,0.327521,0.328667,0.320416,0.322021,307488000.000000
2012-08-31,0.324313,0.326605,0.318354,0.321562,485064000.000000
2012-09-04,0.316291,0.317437,0.301393,0.304372,694452000.000000
2012-09-05,0.305518,0.309873,0.302081,0.305289,480256000.000000
2012-09-06,0.307581,0.322937,0.307352,0.314686,657296000.000000
2012-09-07,0.306665,0.309186,0.296809,0.307123,781064000.000000
2012-09-10,0.306435,0.310790,0.303685,0.304372,371108000.000000
2012-09-11,0.304143,0.312853,0.302997,0.308040,382808000.000000
2012-09-12,0.310561,0.313082,0.307581,0.311478,322608000.000000
2012-09-13,0.314228,0.315374,0.307581,0.313540,433836000.000000
2012-09-14,0.313311,0.322708,0.313311,0.317208,339468000.000000
2012-09-17,0.317895,0.317895,0.305060,0.308498,493348000.000000
2012-09-18,0.305060,0.314228,0.304831,0.310561,359952000.000000
2012-09-19,0.311248,0.318583,0.307581,0.314228,451936000.000000
2012-09-20,0.313540,0.315145,0.309415,0.311936,320596000.000000
2012-09-21,0.312394,0.315145,0.311248,0.313311,340136000.000000
2012-09-24,0.308269,0.313540,0.307810,0.313082,357832000.000000
2012-09-25,0.317207,0.318583,0.306894,0.307352,481544000.000000
2012-09-26,0.306206,0.306435,0.298413,0.302081,436812000.000000
2012-09-27,0.302768,0.304831,0.300247,0.304372,558888000.000000
2012-09-28,0.302997,0.310102,0.299101,0.305748,485508000.000000
2012-10-01,0.307123,0.308957,0.299560,0.300705,504236000.000000
2012-10-02,0.302768,0.302768,0.298413,0.301851,295492000.000000
2012-10-03,0.302539,0.303456,0.297267,0.298872,430872000.000000
2012-10-04,0.299559,0.313999,0.297955,0.312165,502608000.000000
2012-10-05,0.313082,0.316291,0.303685,0.304831,483068000.000000
2012-10-08,0.303685,0.305060,0.299559,0.301851,240596000.000000
2012-10-09,0.301393,0.302310,0.294517,0.295434,366360000.000000
2012-10-10,0.294059,0.295434,0.289246,0.290392,326568000.000000
2012-10-11,0.293142,0.294059,0.289704,0.291996,320516000.000000
2012-10-12,0.289933,0.292225,0.287641,0.289475,260696000.000000
2012-10-15,0.289933,0.293371,0.286495,0.293142,249580000.000000
2012-10-16,0.295663,0.302539,0.292913,0.301622,367696000.000000
2012-10-17,0.297955,0.300705,0.294976,0.299330,391752000.000000
2012-10-18,0.298643,0.298643,0.293600,0.294746,254772000.000000
2012-10-19,0.290392,0.292454,0.275952,0.277557,709412000.000000
2012-10-22,0.278703,0.280307,0.272056,0.274348,480840000.000000
2012-10-23,0.271827,0.284433,0.271139,0.282599,573948000.000000
2012-10-24,0.284432,0.285578,0.276181,0.278932,332916000.000000
2012-10-25,0.281224,0.284203,0.278015,0.279161,307356000.000000
2012-10-26,0.279619,0.281224,0.276181,0.276181,389376000.000000
2012-10-31,0.277328,0.279619,0.273890,0.274577,347112000.000000
2012-11-01,0.275952,0.287870,0.275723,0.287641,473220000.000000
2012-11-02,0.290621,0.291079,0.284433,0.286266,256700000.000000
2012-11-05,0.285578,0.299559,0.285578,0.298413,444840000.000000
2012-11-06,0.299101,0.299101,0.293142,0.298184,350804000.000000
2012-11-07,0.295892,0.297726,0.287641,0.289016,324620000.000000
2012-11-08,0.292225,0.299789,0.289933,0.290621,839024000.000000
2012-11-09,0.292225,0.295663,0.278473,0.279390,846280000.000000
2012-11-12,0.279848,0.280994,0.270451,0.273202,643624000.000000
2012-11-13,0.271827,0.278015,0.270910,0.271139,492120000.000000
2012-11-14,0.272743,0.275494,0.264263,0.264492,619300000.000000
2012-11-15,0.266097,0.272973,0.263805,0.265638,466688000.000000
2012-11-16,0.265638,0.266555,0.255554,0.260825,624552000.000000
2012-11-19,0.265638,0.269076,0.262430,0.268160,404092000.000000
2012-11-20,0.267122,0.268275,0.262277,0.265045,336976000.000000
2012-11-21,0.265045,0.273350,0.264815,0.272658,422312000.000000
2012-11-23,0.273811,0.277733,0.272427,0.274503,276932000.000000
2012-11-26,0.274964,0.280039,0.274503,0.279347,364600000.000000
2012-11-27,0.278194,0.284653,0.275887,0.280501,451404000.000000
2012-11-28,0.279347,0.284191,0.275887,0.282807,398332000.000000
2012-11-29,0.283269,0.284653,0.276810,0.277733,488688000.000000
2012-11-30,0.277502,0.279578,0.274503,0.276118,460504000.000000
2012-12-03,0.279578,0.279578,0.270351,0.271043,391380000.000000
2012-12-04,0.271504,0.279578,0.269890,0.279117,528068000.000000
2012-12-05,0.276810,0.278655,0.271966,0.275887,633024000.000000
2012-12-06,0.275195,0.278194,0.274272,0.276348,412896000.000000
2012-12-07,0.276579,0.277963,0.272658,0.275887,338288000.000000
2012-12-10,0.275887,0.287190,0.275195,0.285114,513644000.000000
2012-12-11,0.286037,0.295495,0.285345,0.291804,816724000.000000
2012-12-12,0.292726,0.294341,0.287652,0.288805,399404000.000000
2012-12-13,0.288344,0.294572,0.286268,0.289036,377556000.000000
2012-12-14,0.290189,0.293419,0.288113,0.290420,338660000.000000
2012-12-17,0.289728,0.291342,0.284884,0.289266,445232000.000000
2012-12-18,0.289266,0.292957,0.288344,0.289728,416436000.000000
2012-12-19,0.291804,0.295264,0.290650,0.291804,458544000.000000
2012-12-20,0.292957,0.293188,0.288344,0.291573,334332000.000000
2012-12-21,0.287652,0.287652,0.281654,0.284883,462172000.000000
2012-12-24,0.284653,0.285575,0.281654,0.282577,127376000.000000
2012-12-26,0.281885,0.286498,0.281193,0.282346,196740000.000000
2012-12-27,0.282807,0.283269,0.277271,0.280501,299804000.000000
2012-12-28,0.277963,0.283499,0.277502,0.279117,220600000.000000
2012-12-31,0.278194,0.283961,0.277502,0.282807,326460000.000000
2013-01-02,0.289728,0.293649,0.288574,0.293418,478836000.000000
2013-01-03,0.293418,0.296879,0.290189,0.293649,298888000.000000
2013-01-04,0.294110,0.304260,0.293188,0.303337,524968000.000000
2013-01-07,0.303107,0.304030,0.292496,0.294572,610732000.000000
2013-01-08,0.295264,0.296187,0.286037,0.288113,466424000.000000
2013-01-09,0.290420,0.291804,0.279809,0.281654,695020000.000000
2013-01-10,0.284191,0.285576,0.280501,0.282115,506368000.000000
2013-01-11,0.283269,0.283499,0.278886,0.281654,513172000.000000
2013-01-14,0.283499,0.283499,0.278194,0.281423,305684000.000000
2013-01-15,0.280039,0.280039,0.274734,0.276348,375888000.000000
2013-01-16,0.275887,0.281193,0.275887,0.278886,337376000.000000
2013-01-17,0.279809,0.283730,0.279117,0.282577,580736000.000000
2013-01-18,0.282577,0.282577,0.277271,0.280731,397088000.000000
2013-01-22,0.280501,0.283038,0.277963,0.279347,308224000.000000
2013-01-23,0.280270,0.280501,0.276810,0.279809,421808000.000000
2013-01-24,0.278886,0.282346,0.277502,0.281193,396980000.000000
2013-01-25,0.281654,0.286498,0.280270,0.286268,393920000.000000
2013-01-28,0.287652,0.292726,0.286960,0.290881,422492000.000000
2013-01-29,0.289728,0.290420,0.283499,0.284653,388872000.000000
2013-01-30,0.284884,0.288805,0.283269,0.284192,287592000.000000
2013-01-31,0.284191,0.287421,0.280962,0.282807,470544000.000000
2013-02-01,0.285114,0.286268,0.282807,0.285345,288816000.000000
2013-02-04,0.283730,0.289497,0.280270,0.280501,511744000.000000
2013-02-05,0.281885,0.288574,0.280962,0.286959,367296000.000000
2013-02-06,0.280039,0.286960,0.278425,0.284653,530688000.000000
2013-02-07,0.283730,0.286037,0.280731,0.283499,440000000.000000
2013-02-08,0.285345,0.287652,0.283499,0.285345,307232000.000000
2013-02-11,0.287652,0.291573,0.284884,0.288574,408308000.000000
2013-02-12,0.286037,0.289958,0.285576,0.286729,277804000.000000
2013-02-13,0.286960,0.292265,0.284422,0.285345,856396000.000000
2013-02-14,0.281423,0.293880,0.277963,0.293649,882096000.000000
2013-02-15,0.292957,0.295033,0.287190,0.293649,733860000.000000
2013-02-19,0.293880,0.294110,0.287882,0.289728,433552000.000000
2013-02-20,0.290650,0.295264,0.284653,0.285576,713012000.000000
2013-02-21,0.285114,0.288344,0.282807,0.283499,580408000.000000
2013-02-22,0.285345,0.289036,0.283730,0.288805,370148000.000000
2013-02-25,0.289497,0.291804,0.283269,0.283730,644444000.000000
2013-02-26,0.284310,0.288720,0.283382,0.287095,487504000.000000
2013-02-27,0.287095,0.294522,0.286399,0.292433,476980000.000000
2013-02-28,0.291505,0.298236,0.290345,0.293826,591392000.000000
2013-03-01,0.291737,0.295915,0.289184,0.294987,389396000.000000
2013-03-04,0.292898,0.296611,0.290577,0.293826,353680000.000000
2013-03-05,0.295451,0.297539,0.294058,0.297075,366168000.000000
2013-03-06,0.298932,0.301717,0.295451,0.296843,342928000.000000
2013-03-07,0.298468,0.301485,0.294522,0.296147,314824000.000000
2013-03-08,0.296843,0.298932,0.295451,0.297539,246464000.000000
2013-03-11,0.294522,0.295915,0.292201,0.294754,299748000.000000
2013-03-12,0.294290,0.296611,0.291505,0.295683,310856000.000000
2013-03-13,0.295683,0.300789,0.292898,0.295683,485840000.000000
2013-03-14,0.297540,0.298468,0.294058,0.295915,383304000.000000
2013-03-15,0.295915,0.295915,0.292201,0.293362,355776000.000000
2013-03-18,0.291505,0.294058,0.289184,0.291273,298312000.000000
2013-03-19,0.291505,0.292898,0.287327,0.289416,355480000.000000
2013-03-20,0.292201,0.293826,0.289648,0.292898,340588000.000000
2013-03-21,0.291273,0.291737,0.287792,0.288256,339032000.000000
2013-03-22,0.289184,0.290809,0.288024,0.289649,232476000.000000
2013-03-25,0.291273,0.291505,0.285935,0.288024,362076000.000000
2013-03-26,0.288720,0.290345,0.287560,0.290113,232540000.000000
2013-03-27,0.288952,0.295219,0.288256,0.293594,254944000.000000
2013-03-28,0.292898,0.298004,0.290809,0.297772,349276000.000000
2013-04-01,0.297075,0.297075,0.285935,0.288024,442828000.000000
2013-04-02,0.288256,0.288952,0.283150,0.285007,371524000.000000
2013-04-03,0.284542,0.286167,0.279436,0.281525,353156000.000000
2013-04-04,0.280597,0.285239,0.279669,0.284310,294676000.000000
2013-04-05,0.280133,0.289184,0.279436,0.289184,551352000.000000
2013-04-08,0.289416,0.289416,0.283150,0.288488,326660000.000000
2013-04-09,0.288720,0.295219,0.286631,0.293130,380584000.000000
2013-04-10,0.293362,0.298236,0.292666,0.297772,384688000.000000
2013-04-11,0.293594,0.298236,0.285471,0.296379,969220000.000000
2013-04-12,0.297772,0.307055,0.295219,0.303806,770548000.000000
2013-04-15,0.302877,0.303806,0.295683,0.297539,430420000.000000
2013-04-16,0.300325,0.302878,0.298700,0.300789,468844000.000000
2013-04-17,0.298468,0.301253,0.294986,0.296843,532948000.000000
2013-04-18,0.297540,0.299396,0.291041,0.291041,402548000.000000
2013-04-19,0.290809,0.292666,0.287095,0.291737,303028000.000000
2013-04-22,0.291505,0.294754,0.289184,0.292201,245568000.000000
2013-04-23,0.294754,0.302878,0.294290,0.299860,376948000.000000
2013-04-24,0.300789,0.312625,0.300557,0.310072,556556000.000000
2013-04-25,0.311697,0.313322,0.308912,0.312625,353224000.000000
2013-04-26,0.312161,0.312625,0.309608,0.311233,324332000.000000
2013-04-29,0.311697,0.316107,0.310304,0.314946,269712000.000000
2013-04-30,0.315643,0.319588,0.313554,0.319588,276712000.000000
2013-05-01,0.319588,0.321677,0.315643,0.316803,341316000.000000
2013-05-02,0.316571,0.321445,0.314714,0.320516,323480000.000000
2013-05-03,0.322605,0.324230,0.320748,0.321909,293864000.000000
2013-05-06,0.321909,0.323766,0.319124,0.320981,217116000.000000
2013-05-07,0.320981,0.321677,0.313786,0.316803,448068000.000000
2013-05-08,0.317267,0.324462,0.316107,0.322605,334032000.000000
2013-05-09,0.316803,0.324230,0.316339,0.322837,566800000.000000
2013-05-10,0.329568,0.338851,0.329568,0.337459,861136000.000000
2013-05-13,0.335138,0.336531,0.329104,0.330496,289812000.000000
2013-05-14,0.334442,0.338155,0.331193,0.335370,454140000.000000
2013-05-15,0.333745,0.342333,0.333745,0.341172,313172000.000000
2013-05-16,0.340708,0.344190,0.338387,0.339548,308368000.000000
2013-05-17,0.341172,0.347439,0.338619,0.345118,312116000.000000
2013-05-20,0.343725,0.345814,0.342565,0.344422,236380000.000000
2013-05-21,0.346404,0.349437,0.342439,0.348037,357784000.000000
2013-05-22,0.349437,0.349437,0.334508,0.335908,480404000.000000
2013-05-23,0.331942,0.342439,0.331009,0.341273,393884000.000000
2013-05-24,0.339406,0.342206,0.335441,0.339173,283304000.000000
2013-05-28,0.341739,0.342672,0.335674,0.338940,279300000.000000
2013-05-29,0.336841,0.338940,0.335441,0.336841,335052000.000000
2013-05-30,0.336374,0.344772,0.335441,0.341273,284504000.000000
2013-05-31,0.339406,0.344305,0.337540,0.337540,577508000.000000
2013-06-03,0.338007,0.340573,0.330076,0.337074,444468000.000000
2013-06-04,0.339173,0.345238,0.335441,0.337540,363676000.000000
2013-06-05,0.337074,0.339640,0.329376,0.330309,464520000.000000
2013-06-06,0.330309,0.334974,0.330076,0.332408,341044000.000000
2013-06-07,0.334741,0.339173,0.333341,0.337074,274584000.000000
2013-06-10,0.336141,0.338940,0.334275,0.336841,224148000.000000
2013-06-11,0.332408,0.337074,0.330542,0.330542,296336000.000000
2013-06-12,0.332175,0.334974,0.325877,0.327743,312588000.000000
2013-06-13,0.326577,0.336840,0.326343,0.335208,236256000.000000
2013-06-14,0.336374,0.336840,0.332408,0.334741,236012000.000000
2013-06-17,0.337307,0.341039,0.335441,0.338007,255336000.000000
2013-06-18,0.339640,0.343372,0.333108,0.335908,486772000.000000
2013-06-19,0.338940,0.361100,0.337774,0.346171,1159588000.000000
2013-06-20,0.343372,0.343839,0.334508,0.336841,628696000.000000
2013-06-21,0.338707,0.339873,0.330776,0.336374,714228000.000000
2013-06-24,0.331475,0.335674,0.324477,0.329376,580772000.000000
2013-06-25,0.332875,0.333575,0.328210,0.331709,457360000.000000
2013-06-26,0.335441,0.335907,0.328443,0.329842,579752000.000000
2013-06-27,0.330775,0.331242,0.323311,0.326810,808036000.000000
2013-06-28,0.326810,0.330775,0.322611,0.327510,431536000.000000
2013-07-01,0.329842,0.330542,0.326810,0.328909,199524000.000000
2013-07-02,0.327043,0.333575,0.325643,0.328676,256392000.000000
2013-07-03,0.325877,0.333575,0.325877,0.329609,140388000.000000
2013-07-05,0.330542,0.332875,0.328443,0.332175,184684000.000000
2013-07-08,0.333108,0.334741,0.328676,0.330542,262084000.000000
2013-07-09,0.331242,0.334274,0.330309,0.332175,157364000.000000
2013-07-10,0.332175,0.337540,0.331242,0.336607,208468000.000000
2013-07-11,0.338473,0.341739,0.337773,0.341273,239832000.000000
2013-07-12,0.340573,0.344772,0.339406,0.341506,216360000.000000
2013-07-15,0.342206,0.342206,0.335441,0.340806,201332000.000000
2013-07-16,0.342206,0.344538,0.340573,0.342672,162560000.000000
2013-07-17,0.342672,0.343838,0.339873,0.340806,166100000.000000
2013-07-18,0.340339,0.341506,0.334974,0.339406,344488000.000000
2013-07-19,0.337307,0.338940,0.328676,0.332175,480532000.000000
2013-07-22,0.334741,0.337773,0.330542,0.331942,292384000.000000
2013-07-23,0.336141,0.336141,0.329842,0.331475,246792000.000000
2013-07-24,0.334508,0.335441,0.331009,0.331475,284252000.000000
2013-07-25,0.331242,0.337074,0.328909,0.332642,243320000.000000
2013-07-26,0.328676,0.333341,0.328676,0.331242,227360000.000000
2013-07-29,0.330542,0.334741,0.329609,0.330542,179540000.000000
2013-07-30,0.331708,0.340573,0.331475,0.336141,266076000.000000
2013-07-31,0.334508,0.340106,0.334275,0.336841,270160000.000000
2013-08-01,0.338007,0.342206,0.334041,0.341506,277648000.000000
2013-08-02,0.340806,0.345005,0.338473,0.344305,209628000.000000
2013-08-05,0.343372,0.347104,0.341506,0.345938,185188000.000000
2013-08-06,0.346171,0.346871,0.340106,0.340806,206608000.000000
2013-08-07,0.338940,0.344072,0.338707,0.340573,244380000.000000
2013-08-08,0.342439,0.344538,0.338473,0.342905,345696000.000000
2013-08-09,0.329376,0.343139,0.329143,0.338007,906224000.000000
2013-08-12,0.324244,0.340106,0.305816,0.335208,257568000.000000
2013-08-13,0.335674,0.337774,0.333575,0.336374,197468000.000000
2013-08-14,0.335674,0.352703,0.335441,0.350603,828508000.000000
2013-08-15,0.346871,0.355735,0.345471,0.352936,723616000.000000
2013-08-16,0.352236,0.359234,0.351536,0.354336,660456000.000000
2013-08-19,0.352236,0.353402,0.348504,0.348737,393432000.000000
2013-08-20,0.348620,0.352840,0.348151,0.350495,234192000.000000
2013-08-21,0.348385,0.352840,0.347448,0.348854,261540000.000000
2013-08-22,0.348620,0.354012,0.348620,0.350730,129016000.000000
2013-08-23,0.351199,0.354012,0.350027,0.350730,245120000.000000
2013-08-26,0.350964,0.352371,0.350027,0.351433,300152000.000000
2013-08-27,0.348151,0.350495,0.345806,0.346979,277464000.000000
2013-08-28,0.347682,0.350261,0.345572,0.346979,318824000.000000
2013-08-29,0.345807,0.349558,0.344869,0.346275,276216000.000000
2013-08-30,0.346510,0.347448,0.344165,0.345807,378120000.000000
2013-09-03,0.346744,0.350964,0.343931,0.346041,284680000.000000
2013-09-04,0.346041,0.351433,0.345572,0.349323,222080000.000000
2013-09-05,0.347917,0.351668,0.347682,0.350261,174904000.000000
2013-09-06,0.350495,0.352371,0.346275,0.348854,226756000.000000
2013-09-09,0.351668,0.354716,0.350730,0.354716,246408000.000000
2013-09-10,0.357294,0.362452,0.355653,0.362218,292132000.000000
2013-09-11,0.361749,0.369251,0.359170,0.368313,396164000.000000
2013-09-12,0.366438,0.372768,0.366438,0.368079,303808000.000000
2013-09-13,0.369251,0.372064,0.366672,0.370423,159696000.000000
2013-09-16,0.373471,0.376050,0.369251,0.370658,231412000.000000
2013-09-17,0.372064,0.374878,0.370423,0.371830,168608000.000000
2013-09-18,0.372064,0.376050,0.370189,0.375112,268168000.000000
2013-09-19,0.376753,0.377457,0.371830,0.373471,227572000.000000
2013-09-20,0.374409,0.376753,0.369486,0.370189,356036000.000000
2013-09-23,0.369954,0.373002,0.364562,0.366672,271244000.000000
2013-09-24,0.366907,0.369486,0.364797,0.368079,229732000.000000
2013-09-25,0.367376,0.371361,0.365734,0.368548,233156000.000000
2013-09-26,0.369486,0.370189,0.365266,0.367376,148816000.000000
2013-09-27,0.364562,0.367610,0.363156,0.365266,151920000.000000
2013-09-30,0.361514,0.367376,0.359404,0.364797,226640000.000000
2013-10-01,0.365266,0.366907,0.362452,0.364562,226976000.000000
2013-10-02,0.360811,0.365734,0.360811,0.364328,162036000.000000
2013-10-03,0.364562,0.367844,0.358936,0.360577,436768000.000000
2013-10-04,0.360108,0.368548,0.359170,0.365500,246228000.000000
2013-10-07,0.364093,0.368079,0.362218,0.365500,169952000.000000
2013-10-08,0.364562,0.369720,0.359639,0.362452,290712000.000000
2013-10-09,0.364797,0.365031,0.354950,0.356826,275860000.000000
2013-10-10,0.359404,0.361749,0.356826,0.360811,223484000.000000
2013-10-11,0.355184,0.359639,0.354012,0.357763,213704000.000000
2013-10-14,0.356826,0.363156,0.356826,0.363156,166628000.000000
2013-10-15,0.363155,0.365265,0.361045,0.361280,208820000.000000
2013-10-16,0.363390,0.367141,0.362921,0.365734,210072000.000000
2013-10-17,0.362921,0.367375,0.362921,0.366438,213324000.000000
2013-10-18,0.365734,0.371830,0.364328,0.370658,255068000.000000
2013-10-21,0.375112,0.375347,0.370423,0.371596,195008000.000000
2013-10-22,0.371596,0.371830,0.366438,0.369720,179452000.000000
2013-10-23,0.369017,0.369017,0.362218,0.363390,252216000.000000
2013-10-24,0.364328,0.366672,0.360108,0.360811,236436000.000000
2013-10-25,0.362687,0.362921,0.356122,0.357294,330492000.000000
2013-10-28,0.356826,0.358467,0.351668,0.356591,394024000.000000
2013-10-29,0.356122,0.357763,0.352840,0.357060,387952000.000000
2013-10-30,0.358232,0.359873,0.353778,0.356826,204032000.000000
2013-10-31,0.357294,0.359873,0.355419,0.356122,293368000.000000
2013-11-01,0.357998,0.359404,0.355184,0.357763,206136000.000000
2013-11-04,0.358935,0.358935,0.346744,0.347448,410264000.000000
2013-11-05,0.345338,0.348620,0.341586,0.346979,422368000.000000
2013-11-06,0.346979,0.349558,0.343462,0.349323,198044000.000000
2013-11-07,0.348151,0.349089,0.340414,0.341118,553076000.000000
2013-11-08,0.351668,0.365969,0.350261,0.364797,734532000.000000
2013-11-11,0.363390,0.368782,0.362687,0.367844,297624000.000000
2013-11-12,0.369486,0.371596,0.364328,0.368548,316032000.000000
2013-11-13,0.367610,0.378629,0.366907,0.378629,332792000.000000
2013-11-14,0.377457,0.382614,0.377222,0.380270,307980000.000000
2013-11-15,0.381677,0.382146,0.375347,0.379098,450332000.000000
2013-11-18,0.370892,0.374174,0.369017,0.369954,316948000.000000
2013-11-19,0.368187,0.371487,0.363472,0.363944,206716000.000000
2013-11-20,0.364179,0.365122,0.357815,0.358522,204776000.000000
2013-11-21,0.358994,0.362058,0.357344,0.361351,213568000.000000
2013-11-22,0.361822,0.361822,0.357108,0.357815,158668000.000000
2013-11-25,0.357815,0.366065,0.357815,0.365594,248208000.000000
2013-11-26,0.369601,0.372665,0.367244,0.368658,753176000.000000
2013-11-27,0.368422,0.371251,0.366065,0.370072,181272000.000000
2013-11-29,0.370072,0.371015,0.365358,0.367715,116964000.000000
2013-12-02,0.366301,0.373844,0.365594,0.371251,373872000.000000
2013-12-03,0.371251,0.376201,0.368658,0.371015,290560000.000000
2013-12-04,0.370072,0.376908,0.369129,0.376201,493176000.000000
2013-12-05,0.376908,0.376908,0.369601,0.370072,271812000.000000
2013-12-06,0.374551,0.374551,0.363708,0.364651,281000000.000000
2013-12-09,0.364651,0.365829,0.357815,0.358522,385220000.000000
2013-12-10,0.358522,0.368422,0.358051,0.366772,524268000.000000
2013-12-11,0.367479,0.367951,0.362529,0.363236,414156000.000000
2013-12-12,0.362058,0.363944,0.355458,0.356165,258724000.000000
2013-12-13,0.356872,0.359465,0.353572,0.354044,184588000.000000
2013-12-16,0.354279,0.357579,0.354044,0.354515,237620000.000000
2013-12-17,0.354280,0.357108,0.351215,0.356165,274104000.000000
2013-12-18,0.356872,0.361822,0.352394,0.361115,426232000.000000
2013-12-19,0.360644,0.363001,0.358287,0.362530,258544000.000000
2013-12-20,0.363237,0.370072,0.362294,0.369837,382080000.000000
2013-12-23,0.371958,0.375022,0.368894,0.371958,168568000.000000
2013-12-24,0.374079,0.374079,0.369129,0.372901,79600000.000000
2013-12-26,0.374315,0.375494,0.368422,0.369365,168920000.000000
2013-12-27,0.371251,0.372194,0.369129,0.371487,210976000.000000
2013-12-30,0.371722,0.376672,0.371251,0.376437,248180000.000000
2013-12-31,0.377144,0.379501,0.374787,0.377615,235776000.000000
2014-01-02,0.375258,0.376672,0.370544,0.373844,260092000.000000
2014-01-03,0.374551,0.375258,0.368187,0.369365,259332000.000000
2014-01-06,0.373137,0.377144,0.369601,0.374315,409492000.000000
2014-01-07,0.378087,0.381858,0.375494,0.380444,333288000.000000
2014-01-08,0.381858,0.387515,0.380444,0.385629,308192000.000000
2014-01-09,0.379737,0.380444,0.370072,0.371251,292172000.000000
2014-01-10,0.372430,0.375022,0.367479,0.370779,218492000.000000
2014-01-13,0.370779,0.373137,0.361351,0.362058,243332000.000000
2014-01-14,0.363944,0.374079,0.362294,0.373372,241828000.000000
2014-01-15,0.375022,0.378794,0.373372,0.377379,175044000.000000
2014-01-16,0.377379,0.379265,0.375729,0.378558,220652000.000000
2014-01-17,0.378558,0.383037,0.374551,0.376908,340400000.000000
2014-01-21,0.377379,0.380679,0.374315,0.378322,246076000.000000
2014-01-22,0.379029,0.379501,0.373372,0.377851,337940000.000000
2014-01-23,0.376672,0.380679,0.373608,0.376437,185028000.000000
2014-01-24,0.373372,0.374787,0.366772,0.366772,246696000.000000
2014-01-27,0.366772,0.371958,0.362294,0.364415,233812000.000000
2014-01-28,0.363708,0.368187,0.362294,0.367951,167996000.000000
2014-01-29,0.366537,0.368658,0.364179,0.364415,162944000.000000
2014-01-30,0.366537,0.371251,0.365358,0.370544,202896000.000000
2014-01-31,0.365358,0.372194,0.365122,0.370072,335348000.000000
2014-02-03,0.372665,0.373137,0.363708,0.365122,431728000.000000
2014-02-04,0.364887,0.367951,0.363001,0.367244,280692000.000000
2014-02-05,0.364651,0.365829,0.361115,0.363944,214676000.000000
2014-02-06,0.364415,0.369601,0.363944,0.368658,168380000.000000
2014-02-07,0.369601,0.374551,0.366301,0.374079,157248000.000000
2014-02-10,0.373608,0.380208,0.373372,0.375258,324372000.000000
2014-02-11,0.377380,0.383980,0.375494,0.383037,235384000.000000
2014-02-12,0.384215,0.399537,0.384215,0.396708,744528000.000000
2014-02-13,0.406608,0.411558,0.399537,0.409201,902836000.000000
2014-02-14,0.405430,0.423108,0.405194,0.422165,817536000.000000
2014-02-18,0.422401,0.423815,0.418394,0.421930,428988000.000000
2014-02-19,0.421929,0.431358,0.420044,0.427587,450340000.000000
2014-02-20,0.428530,0.443615,0.427823,0.442673,398088000.000000
2014-02-21,0.441965,0.447622,0.436544,0.439372,451052000.000000
2014-02-24,0.438430,0.449037,0.434422,0.445737,403112000.000000
2014-02-25,0.445145,0.447039,0.438989,0.443724,242184000.000000
2014-02-26,0.442777,0.449407,0.441593,0.443014,360884000.000000
2014-02-27,0.443014,0.447513,0.436858,0.438041,388848000.000000
2014-02-28,0.435674,0.439936,0.428807,0.435200,321692000.000000
2014-03-03,0.425492,0.433069,0.421704,0.433069,375948000.000000
2014-03-04,0.435200,0.440409,0.434490,0.437568,260344000.000000
2014-03-05,0.437094,0.441593,0.435200,0.441356,241472000.000000
2014-03-06,0.442067,0.444435,0.434490,0.435200,290144000.000000
2014-03-07,0.437094,0.437805,0.431412,0.434727,268452000.000000
2014-03-10,0.433306,0.435200,0.426439,0.428333,300888000.000000
2014-03-11,0.430464,0.436384,0.429044,0.432596,297220000.000000
2014-03-12,0.430465,0.436384,0.428807,0.433780,239428000.000000
2014-03-13,0.434726,0.436384,0.417915,0.420046,385172000.000000
2014-03-14,0.415784,0.425729,0.415784,0.421940,460048000.000000
2014-03-17,0.423124,0.426202,0.421467,0.421940,299656000.000000
2014-03-18,0.423598,0.434727,0.421704,0.431885,293904000.000000
2014-03-19,0.435200,0.447749,0.434016,0.439462,366168000.000000
2014-03-20,0.437094,0.443487,0.435200,0.439699,191800000.000000
2014-03-21,0.443487,0.447039,0.436621,0.438989,566116000.000000
2014-03-24,0.439225,0.442777,0.430464,0.436857,306096000.000000
2014-03-25,0.441593,0.442067,0.433543,0.436857,304424000.000000
2014-03-26,0.440883,0.449170,0.423124,0.426913,557756000.000000
2014-03-27,0.425966,0.429517,0.416495,0.421230,540728000.000000
2014-03-28,0.420520,0.426439,0.419336,0.423835,398820000.000000
2014-03-31,0.424545,0.428334,0.421704,0.424072,273404000.000000
2014-04-01,0.437568,0.446802,0.432359,0.441593,656272000.000000
2014-04-02,0.441593,0.442540,0.436858,0.438752,239948000.000000
2014-04-03,0.439699,0.454142,0.439462,0.443487,599548000.000000
2014-04-04,0.445855,0.448460,0.427860,0.429754,368032000.000000
2014-04-07,0.429991,0.439462,0.427623,0.431175,428576000.000000
2014-04-08,0.431175,0.447749,0.430464,0.446565,470692000.000000
2014-04-09,0.448697,0.452485,0.442540,0.446092,421968000.000000
2014-04-10,0.444198,0.450354,0.433779,0.435200,372748000.000000
2014-04-11,0.431885,0.438515,0.423361,0.429044,353112000.000000
2014-04-14,0.431885,0.435437,0.429044,0.433780,290184000.000000
2014-04-15,0.434253,0.439225,0.429991,0.436857,304636000.000000
2014-04-16,0.438989,0.439462,0.432359,0.437805,235136000.000000
2014-04-17,0.436147,0.443487,0.435200,0.439462,153532000.000000
2014-04-21,0.439699,0.444198,0.436858,0.443014,117004000.000000
2014-04-22,0.443724,0.449644,0.441356,0.446802,255120000.000000
2014-04-23,0.447513,0.453195,0.446802,0.452011,261580000.000000
2014-04-24,0.455090,0.460772,0.455090,0.456037,391492000.000000
2014-04-25,0.455090,0.459352,0.442540,0.443487,313600000.000000
2014-04-28,0.447039,0.449407,0.436147,0.441593,226788000.000000
2014-04-29,0.443251,0.444198,0.437568,0.442540,171300000.000000
2014-04-30,0.441830,0.442304,0.436384,0.437331,305740000.000000
2014-05-01,0.443961,0.444908,0.436147,0.439699,198104000.000000
2014-05-02,0.441830,0.441830,0.433779,0.436384,156376000.000000
2014-05-05,0.435910,0.444435,0.435437,0.441120,239260000.000000
2014-05-06,0.445382,0.449170,0.430938,0.432122,416188000.000000
2014-05-07,0.432122,0.436147,0.427860,0.432596,293900000.000000
2014-05-08,0.430938,0.444908,0.428807,0.438041,432728000.000000
2014-05-09,0.424782,0.428807,0.419336,0.427386,539532000.000000
2014-05-12,0.428334,0.440883,0.428097,0.439936,299856000.000000
2014-05-13,0.434016,0.441120,0.431412,0.432832,221104000.000000
2014-05-14,0.433069,0.434726,0.428333,0.428570,214320000.000000
2014-05-15,0.427623,0.429991,0.421941,0.426203,325896000.000000
2014-05-16,0.422888,0.428333,0.422888,0.425255,283960000.000000
2014-05-19,0.429754,0.441356,0.427860,0.438989,360076000.000000
2014-05-20,0.439107,0.440297,0.431734,0.433874,256200000.000000
2014-05-21,0.435539,0.439345,0.431258,0.433874,216712000.000000
2014-05-22,0.432923,0.438156,0.432923,0.435777,130364000.000000
2014-05-23,0.438156,0.441962,0.435539,0.439821,182656000.000000
2014-05-27,0.442438,0.447671,0.441010,0.447671,209680000.000000
2014-05-28,0.449336,0.454331,0.445054,0.451477,224676000.000000
2014-05-29,0.451239,0.455045,0.449812,0.450763,171884000.000000
2014-05-30,0.450763,0.453142,0.448384,0.451952,239128000.000000
2014-06-02,0.453380,0.456234,0.446719,0.450525,181500000.000000
2014-06-03,0.451477,0.451952,0.442675,0.448622,243212000.000000
2014-06-04,0.447433,0.452428,0.447195,0.449098,161236000.000000
2014-06-05,0.449812,0.452428,0.447195,0.451001,188696000.000000
2014-06-06,0.453142,0.456710,0.451477,0.452666,161052000.000000
2014-06-09,0.452190,0.457424,0.449098,0.453142,247456000.000000
2014-06-10,0.451477,0.457661,0.449574,0.455520,217608000.000000
2014-06-11,0.453855,0.462657,0.453855,0.461467,266228000.000000
2014-06-12,0.461467,0.466463,0.457424,0.464322,337148000.000000
2014-06-13,0.469079,0.469317,0.460278,0.464797,227852000.000000
2014-06-16,0.462657,0.466463,0.459326,0.463370,198620000.000000
2014-06-17,0.463846,0.468365,0.461467,0.466462,157608000.000000
2014-06-18,0.465273,0.468128,0.460991,0.465987,215536000.000000
2014-06-19,0.457424,0.459802,0.451952,0.455283,474592000.000000
2014-06-20,0.456472,0.458137,0.446719,0.450287,353148000.000000
2014-06-23,0.444341,0.445292,0.439107,0.445054,414200000.000000
2014-06-24,0.444341,0.447909,0.436253,0.438156,275780000.000000
2014-06-25,0.439345,0.442914,0.435302,0.442676,215420000.000000
2014-06-26,0.442676,0.442913,0.435302,0.436729,256908000.000000
2014-06-27,0.436253,0.439821,0.433637,0.437205,302820000.000000
2014-06-30,0.435540,0.442200,0.435540,0.441011,180512000.000000
2014-07-01,0.440535,0.448622,0.439108,0.446006,321180000.000000
2014-07-02,0.444341,0.446244,0.441724,0.444341,179284000.000000
2014-07-03,0.440297,0.449574,0.440297,0.448384,136892000.000000
2014-07-07,0.449098,0.449336,0.444103,0.444816,127496000.000000
2014-07-08,0.443627,0.445530,0.436967,0.441248,221940000.000000
2014-07-09,0.445054,0.456472,0.441724,0.454569,387668000.000000
2014-07-10,0.446006,0.454093,0.442438,0.452190,266308000.000000
2014-07-11,0.452666,0.454569,0.451001,0.453142,191188000.000000
2014-07-14,0.455045,0.460040,0.453380,0.458851,272636000.000000
2014-07-15,0.459564,0.461943,0.456472,0.460754,395440000.000000
2014-07-16,0.462657,0.466225,0.457661,0.460278,319728000.000000
2014-07-17,0.455045,0.463846,0.455045,0.459088,324832000.000000
2014-07-18,0.449574,0.453142,0.437918,0.438632,567816000.000000
2014-07-21,0.436967,0.444341,0.436967,0.441248,243364000.000000
2014-07-22,0.444578,0.446957,0.438394,0.439345,298816000.000000
2014-07-23,0.439583,0.439821,0.429593,0.430068,297352000.000000
2014-07-24,0.432447,0.433637,0.427690,0.430782,254576000.000000
2014-07-25,0.429355,0.430306,0.422457,0.423170,266132000.000000
2014-07-28,0.425073,0.425073,0.414369,0.421505,330352000.000000
2014-07-29,0.421743,0.428641,0.421505,0.422932,217972000.000000
2014-07-30,0.425549,0.431258,0.424360,0.430068,246184000.000000
2014-07-31,0.424835,0.428166,0.415558,0.416272,401880000.000000
2014-08-01,0.416272,0.423170,0.414845,0.420792,219884000.000000
2014-08-04,0.420316,0.423884,0.417699,0.419840,241724000.000000
2014-08-05,0.418651,0.426263,0.415083,0.420078,298136000.000000
2014-08-06,0.417224,0.424835,0.414131,0.419602,223456000.000000
2014-08-07,0.423170,0.426976,0.412466,0.415320,407696000.000000
2014-08-08,0.433399,0.454331,0.433399,0.451952,894348000.000000
2014-08-11,0.452428,0.454331,0.448385,0.449574,344624000.000000
2014-08-12,0.449336,0.451953,0.444579,0.449574,296152000.000000
2014-08-13,0.450287,0.455996,0.447433,0.452190,256596000.000000
2014-08-14,0.453855,0.453855,0.445292,0.447195,255992000.000000
2014-08-15,0.448622,0.455520,0.444341,0.452904,369796000.000000
2014-08-18,0.454807,0.459564,0.450287,0.459088,284076000.000000
2014-08-19,0.459208,0.465181,0.457536,0.462792,248260000.000000
2014-08-20,0.461119,0.463270,0.458730,0.459925,221468000.000000
2014-08-21,0.458730,0.461119,0.454907,0.455624,272796000.000000
2014-08-22,0.455146,0.459686,0.452279,0.455863,251224000.000000
2014-08-25,0.457774,0.460880,0.455624,0.456580,153380000.000000
2014-08-26,0.457774,0.465659,0.456102,0.464703,269636000.000000
2014-08-27,0.461836,0.465420,0.458730,0.459447,182972000.000000
2014-08-28,0.458491,0.464225,0.457058,0.463270,179704000.000000
2014-08-29,0.464942,0.465659,0.459925,0.464703,207932000.000000
2014-09-02,0.465898,0.465898,0.461597,0.465898,192636000.000000
2014-09-03,0.468287,0.471871,0.465181,0.470198,259456000.000000
2014-09-04,0.469482,0.481428,0.469243,0.478561,491832000.000000
2014-09-05,0.478083,0.480233,0.474021,0.477127,253792000.000000
2014-09-08,0.476649,0.477605,0.470915,0.472826,319288000.000000
2014-09-09,0.470676,0.473782,0.466376,0.466854,198588000.000000
2014-09-10,0.469482,0.470198,0.464225,0.468526,172376000.000000
2014-09-11,0.465181,0.466853,0.458730,0.463747,250720000.000000
2014-09-12,0.466615,0.466615,0.456341,0.456819,262536000.000000
2014-09-15,0.458252,0.458969,0.448695,0.450607,294152000.000000
2014-09-16,0.449412,0.459686,0.447979,0.457297,219936000.000000
2014-09-17,0.456102,0.461836,0.453952,0.457536,173584000.000000
2014-09-18,0.460403,0.464942,0.458969,0.464464,219604000.000000
2014-09-19,0.465898,0.466376,0.455146,0.455863,601316000.000000
2014-09-22,0.465181,0.465181,0.450846,0.451324,221464000.000000
2014-09-23,0.448934,0.454430,0.447262,0.449412,196144000.000000
2014-09-24,0.449173,0.453474,0.448696,0.452040,159592000.000000
2014-09-25,0.451563,0.452757,0.441289,0.442245,298440000.000000
2014-09-26,0.443678,0.446545,0.441767,0.443200,241188000.000000
2014-09-29,0.439616,0.445589,0.435316,0.442483,208540000.000000
2014-09-30,0.440572,0.443917,0.435555,0.440811,277204000.000000
2014-10-01,0.441528,0.444634,0.435316,0.436510,350976000.000000
2014-10-02,0.435794,0.437944,0.424564,0.434599,288996000.000000
2014-10-03,0.437227,0.443200,0.435555,0.435555,239140000.000000
2014-10-06,0.437227,0.440811,0.430059,0.432927,199032000.000000
2014-10-07,0.431015,0.435316,0.427909,0.428387,301896000.000000
2014-10-08,0.427909,0.438422,0.424564,0.436271,260172000.000000
2014-10-09,0.434360,0.434838,0.424325,0.427909,306956000.000000
2014-10-10,0.424564,0.425998,0.402345,0.402584,691376000.000000
2014-10-13,0.405212,0.413335,0.400672,0.401150,397628000.000000
2014-10-14,0.406645,0.421697,0.404256,0.410468,376620000.000000
2014-10-15,0.404495,0.418830,0.401867,0.416680,404428000.000000
2014-10-16,0.409273,0.421697,0.408318,0.416919,351116000.000000
2014-10-17,0.421936,0.426715,0.414530,0.416202,290716000.000000
2014-10-20,0.416202,0.423609,0.413335,0.419786,200336000.000000
2014-10-21,0.422892,0.438183,0.421697,0.437705,351092000.000000
2014-10-22,0.436988,0.438422,0.427431,0.427431,239512000.000000
2014-10-23,0.434838,0.440094,0.431732,0.436988,214476000.000000
2014-10-24,0.439616,0.444156,0.436988,0.441528,210156000.000000
2014-10-27,0.441289,0.443439,0.436510,0.441767,145092000.000000
2014-10-28,0.440572,0.452757,0.440094,0.452279,192580000.000000
2014-10-29,0.450368,0.452996,0.445350,0.449412,168340000.000000
2014-10-30,0.448218,0.450129,0.440811,0.446545,170260000.000000
2014-10-31,0.456819,0.467092,0.454430,0.466854,256316000.000000
2014-11-03,0.477605,0.479278,0.472349,0.474738,308732000.000000
2014-11-04,0.477844,0.482622,0.469959,0.480950,360196000.000000
2014-11-05,0.483817,0.484056,0.477366,0.480950,335652000.000000
2014-11-06,0.481905,0.483817,0.474499,0.483100,394088000.000000
2014-11-07,0.488595,0.494329,0.468048,0.472826,450800000.000000
2014-11-10,0.472349,0.481428,0.471154,0.478322,293388000.000000
2014-11-11,0.475455,0.478083,0.468526,0.472588,212992000.000000
2014-11-12,0.470915,0.472110,0.463031,0.469482,204584000.000000
2014-11-13,0.471154,0.471871,0.463270,0.467093,225328000.000000
2014-11-14,0.467570,0.472826,0.463031,0.472826,160248000.000000
2014-11-17,0.470676,0.475694,0.467570,0.470676,158732000.000000
2014-11-18,0.470915,0.483100,0.469721,0.481906,207772000.000000
2014-11-19,0.482266,0.483705,0.475068,0.480106,240300000.000000
2014-11-20,0.476747,0.488504,0.475307,0.488024,220968000.000000
2014-11-21,0.492343,0.493062,0.486584,0.490663,198976000.000000
2014-11-24,0.491863,0.495942,0.489943,0.493782,136004000.000000
2014-11-25,0.492822,0.497141,0.491863,0.493542,190240000.000000
2014-11-26,0.490663,0.502420,0.490423,0.501940,219264000.000000
2014-11-28,0.503620,0.506019,0.499061,0.503140,124832000.000000
2014-12-01,0.500980,0.503859,0.493062,0.493782,190060000.000000
2014-12-02,0.493302,0.496662,0.488744,0.494502,245952000.000000
2014-12-03,0.496901,0.507459,0.495462,0.507219,284424000.000000
2014-12-04,0.506499,0.508418,0.499301,0.502660,185332000.000000
2014-12-05,0.502900,0.508178,0.502660,0.505539,165680000.000000
2014-12-08,0.504819,0.509858,0.494982,0.499061,226944000.000000
2014-12-09,0.495942,0.498581,0.488504,0.497381,239448000.000000
2014-12-10,0.495942,0.497861,0.485864,0.486344,204364000.000000
2014-12-11,0.489224,0.492583,0.485145,0.486104,135652000.000000
2014-12-12,0.479626,0.483945,0.470509,0.470989,323964000.000000
2014-12-15,0.476507,0.485145,0.468109,0.469549,254696000.000000
2014-12-16,0.469069,0.476507,0.464030,0.464270,185308000.000000
2014-12-17,0.473628,0.483945,0.458272,0.483225,345596000.000000
2014-12-18,0.489223,0.494982,0.480586,0.485145,226156000.000000
2014-12-19,0.488504,0.491863,0.483945,0.489943,325528000.000000
2014-12-22,0.489464,0.498581,0.487784,0.498581,148976000.000000
2014-12-23,0.502420,0.504819,0.494982,0.495462,109280000.000000
2014-12-24,0.496661,0.497381,0.493062,0.493542,45644000.000000
2014-12-26,0.493543,0.496662,0.492343,0.494022,52636000.000000
2014-12-29,0.492583,0.496661,0.490183,0.493302,82944000.000000
2014-12-30,0.489943,0.492343,0.488024,0.488744,112120000.000000
2014-12-31,0.489464,0.492103,0.479626,0.481066,166300000.000000
2015-01-02,0.482985,0.486584,0.475307,0.482985,113680000.000000
2015-01-05,0.482985,0.484425,0.472668,0.474827,197952000.000000
2015-01-06,0.475547,0.476027,0.459952,0.460432,197764000.000000
2015-01-07,0.463791,0.467870,0.457792,0.459232,321808000.000000
2015-01-08,0.464510,0.479386,0.464271,0.476507,283780000.000000
2015-01-09,0.478187,0.482026,0.471708,0.478427,209540000.000000
2015-01-12,0.479626,0.479866,0.468109,0.472428,190732000.000000
2015-01-13,0.476027,0.485625,0.468349,0.471708,236720000.000000
2015-01-14,0.466670,0.475068,0.465470,0.473628,155260000.000000
2015-01-15,0.476987,0.479866,0.470029,0.470269,188932000.000000
2015-01-16,0.469549,0.479386,0.468109,0.478906,181512000.000000
2015-01-20,0.482266,0.484905,0.474348,0.480346,140308000.000000
2015-01-21,0.477707,0.488264,0.474348,0.487064,144780000.000000
2015-01-22,0.488024,0.496901,0.482985,0.495462,159712000.000000
2015-01-23,0.495942,0.497861,0.491863,0.496902,120416000.000000
2015-01-26,0.494742,0.497141,0.491623,0.494742,133240000.000000
2015-01-27,0.487064,0.487544,0.470029,0.470989,357948000.000000
2015-01-28,0.476747,0.478667,0.463071,0.463311,272728000.000000
2015-01-29,0.463551,0.477227,0.461391,0.474588,235340000.000000
2015-01-30,0.471229,0.476747,0.459952,0.460671,298200000.000000
2015-02-02,0.463551,0.472668,0.454433,0.470749,259604000.000000
2015-02-03,0.474108,0.482985,0.471708,0.482505,183468000.000000
2015-02-04,0.481066,0.489224,0.479626,0.483705,181516000.000000
2015-02-05,0.484185,0.491863,0.483705,0.491623,140448000.000000
2015-02-06,0.491143,0.496901,0.487304,0.489463,210524000.000000
2015-02-09,0.486584,0.490423,0.483465,0.488984,273944000.000000
2015-02-10,0.489464,0.502900,0.487304,0.502660,226204000.000000
2015-02-11,0.503860,0.503860,0.495942,0.499301,320832000.000000
2015-02-12,0.527853,0.539849,0.524734,0.535051,676904000.000000
2015-02-13,0.533851,0.536010,0.525693,0.535291,310084000.000000
2015-02-17,0.534331,0.539609,0.530972,0.536970,203340000.000000
2015-02-18,0.536250,0.537210,0.529772,0.530732,170948000.000000
2015-02-19,0.537450,0.538410,0.529772,0.532172,169432000.000000
2015-02-20,0.531692,0.536250,0.527853,0.536011,157752000.000000
2015-02-23,0.535771,0.535771,0.529052,0.531692,125008000.000000
2015-02-24,0.533739,0.537352,0.528922,0.537352,149356000.000000
2015-02-25,0.535184,0.537593,0.530849,0.533257,123820000.000000
2015-02-26,0.533739,0.537834,0.530367,0.534703,152864000.000000
2015-02-27,0.533257,0.534461,0.529403,0.531330,157492000.000000
2015-03-02,0.529886,0.547227,0.529163,0.544337,301512000.000000
2015-03-03,0.540242,0.542891,0.532535,0.534221,160344000.000000
2015-03-04,0.532294,0.541446,0.530126,0.540242,226840000.000000
2015-03-05,0.540242,0.551562,0.538797,0.550599,323056000.000000
2015-03-06,0.547468,0.550117,0.542651,0.543133,257392000.000000
2015-03-09,0.543373,0.548672,0.542169,0.544577,222388000.000000
2015-03-10,0.546986,0.557584,0.546023,0.553971,527212000.000000
2015-03-11,0.553971,0.561197,0.549636,0.551081,262120000.000000
2015-03-12,0.545782,0.549876,0.535666,0.546023,406972000.000000
2015-03-13,0.543373,0.548190,0.535907,0.546745,359288000.000000
2015-03-16,0.551081,0.556620,0.547468,0.553248,236956000.000000
2015-03-17,0.552044,0.560233,0.548190,0.559992,299900000.000000
2015-03-18,0.559992,0.562882,0.545782,0.550840,413844000.000000
2015-03-19,0.552767,0.561197,0.548672,0.559270,310756000.000000
2015-03-20,0.563846,0.568663,0.558547,0.565291,462084000.000000
2015-03-23,0.548431,0.555657,0.546745,0.546986,426012000.000000
2015-03-24,0.545300,0.549154,0.537111,0.539520,330480000.000000
2015-03-25,0.539279,0.539279,0.505077,0.506763,542552000.000000
2015-03-26,0.496406,0.507244,0.492793,0.505077,311920000.000000
2015-03-27,0.507967,0.516879,0.499778,0.514952,318288000.000000
2015-03-30,0.517361,0.519769,0.510617,0.517120,253252000.000000
2015-03-31,0.515675,0.516156,0.503632,0.504114,357276000.000000
2015-04-01,0.506041,0.507727,0.497370,0.506041,330768000.000000
2015-04-02,0.508931,0.510376,0.502909,0.507245,192204000.000000
2015-04-06,0.505077,0.523623,0.499778,0.521937,515864000.000000
2015-04-07,0.521937,0.532294,0.519047,0.526513,413964000.000000
2015-04-08,0.526995,0.532294,0.521937,0.530367,366432000.000000
2015-04-09,0.526272,0.544336,0.526031,0.542650,379432000.000000
2015-04-10,0.543132,0.548431,0.541205,0.548190,258728000.000000
2015-04-13,0.546986,0.550117,0.540724,0.543133,236724000.000000
2015-04-14,0.540965,0.543132,0.533257,0.538556,220276000.000000
2015-04-15,0.540001,0.549154,0.537352,0.545059,243560000.000000
2015-04-16,0.541928,0.546504,0.537833,0.541687,155284000.000000
2015-04-17,0.530367,0.540001,0.530126,0.534703,293636000.000000
2015-04-20,0.537111,0.540483,0.531090,0.532053,231624000.000000
2015-04-21,0.538556,0.538556,0.528681,0.531330,230456000.000000
2015-04-22,0.534461,0.538074,0.526272,0.537352,207420000.000000
2015-04-23,0.527477,0.540242,0.521455,0.535184,259380000.000000
2015-04-24,0.534943,0.535184,0.524586,0.530608,240960000.000000
2015-04-27,0.532294,0.544096,0.527718,0.534703,248456000.000000
2015-04-28,0.533739,0.539279,0.528681,0.537352,234484000.000000
2015-04-29,0.533498,0.538797,0.531089,0.533257,195156000.000000
2015-04-30,0.530608,0.537352,0.529404,0.534703,218844000.000000
2015-05-01,0.539038,0.549636,0.536629,0.547950,256968000.000000
2015-05-04,0.547468,0.551081,0.542891,0.544577,200720000.000000
2015-05-05,0.542651,0.543373,0.528199,0.530608,292928000.000000
2015-05-06,0.533498,0.538556,0.525309,0.532294,316484000.000000
2015-05-07,0.530126,0.543373,0.528440,0.541687,534564000.000000
2015-05-08,0.506040,0.526032,0.493516,0.501705,1146552000.000000
2015-05-11,0.494720,0.501946,0.490867,0.496888,544144000.000000
2015-05-12,0.493275,0.505800,0.493034,0.501705,388800000.000000
2015-05-13,0.505318,0.509172,0.499778,0.504595,308524000.000000
2015-05-14,0.506040,0.515434,0.504836,0.512784,293052000.000000
2015-05-15,0.514952,0.517361,0.509894,0.513025,215824000.000000
2015-05-18,0.511821,0.515434,0.509412,0.512303,324972000.000000
2015-05-19,0.512980,0.514674,0.508141,0.509109,253808000.000000
2015-05-20,0.509351,0.515400,0.508625,0.509109,196824000.000000
2015-05-21,0.509351,0.511528,0.504995,0.505479,239692000.000000
2015-05-22,0.506689,0.508625,0.503543,0.504753,212592000.000000
2015-05-26,0.502334,0.505721,0.497736,0.501608,259732000.000000
2015-05-27,0.504995,0.530886,0.503301,0.528466,432332000.000000
2015-05-28,0.528466,0.537419,0.527499,0.535726,327656000.000000
2015-05-29,0.535726,0.539113,0.534758,0.535484,335168000.000000
2015-06-01,0.538871,0.546856,0.535484,0.541533,372660000.000000
2015-06-02,0.538145,0.541049,0.530402,0.530886,224304000.000000
2015-06-03,0.532338,0.536451,0.524111,0.525079,250788000.000000
2015-06-04,0.521933,0.536210,0.521933,0.534516,323712000.000000
2015-06-05,0.532822,0.541049,0.527257,0.538629,313320000.000000
2015-06-08,0.536936,0.540565,0.520240,0.526289,342812000.000000
2015-06-09,0.526773,0.532822,0.525805,0.528951,256888000.000000
2015-06-10,0.522659,0.526047,0.516610,0.519514,529460000.000000
2015-06-11,0.519513,0.528708,0.519513,0.525079,283052000.000000
2015-06-12,0.521691,0.524837,0.509593,0.510803,323728000.000000
2015-06-15,0.508141,0.512254,0.504269,0.509835,306548000.000000
2015-06-16,0.508867,0.516852,0.503786,0.516126,256892000.000000
2015-06-17,0.515884,0.525079,0.514674,0.522175,233544000.000000
2015-06-18,0.526531,0.534274,0.525079,0.530886,299404000.000000
2015-06-19,0.530886,0.535241,0.524353,0.529192,355656000.000000
2015-06-22,0.530160,0.533064,0.519030,0.527015,514236000.000000
2015-06-23,0.527983,0.532096,0.509351,0.513464,414064000.000000
2015-06-24,0.512738,0.515400,0.505963,0.508383,253368000.000000
2015-06-25,0.508383,0.515400,0.508383,0.512254,350460000.000000
2015-06-26,0.508141,0.508625,0.499672,0.501850,421296000.000000
2015-06-29,0.496042,0.501124,0.486121,0.486847,391724000.000000
2015-06-30,0.489751,0.491929,0.483218,0.486605,315916000.000000
2015-07-01,0.498704,0.505721,0.489267,0.493622,302892000.000000
2015-07-02,0.493381,0.497252,0.490961,0.494106,145764000.000000
2015-07-06,0.489993,0.496768,0.484428,0.488057,214776000.000000
2015-07-07,0.485153,0.487089,0.463618,0.478862,594252000.000000
2015-07-08,0.476201,0.479104,0.471603,0.475475,332492000.000000
2015-07-09,0.482976,0.485153,0.466764,0.469667,357588000.000000
2015-07-10,0.475717,0.482250,0.474507,0.477894,216708000.000000
2015-07-13,0.482734,0.483702,0.477894,0.481040,212472000.000000
2015-07-14,0.481766,0.482250,0.474991,0.481282,249216000.000000
2015-07-15,0.480072,0.483218,0.473539,0.477894,265732000.000000
2015-07-16,0.480798,0.488541,0.479104,0.488541,282848000.000000
2015-07-17,0.486847,0.487331,0.479346,0.485637,220372000.000000
2015-07-20,0.485637,0.487573,0.475475,0.476685,188412000.000000
2015-07-21,0.475717,0.485637,0.475717,0.478862,149720000.000000
2015-07-22,0.475475,0.475475,0.463860,0.469667,356472000.000000
2015-07-23,0.470635,0.482492,0.469667,0.475475,169916000.000000
2015-07-24,0.478862,0.479346,0.467973,0.469909,188844000.000000
2015-07-27,0.465796,0.472571,0.461924,0.467248,192420000.000000
2015-07-28,0.468457,0.480556,0.463618,0.477410,198308000.000000
2015-07-29,0.476443,0.487089,0.474507,0.483218,232680000.000000
2015-07-30,0.482008,0.489267,0.482008,0.484428,190180000.000000
2015-07-31,0.486363,0.486605,0.479830,0.482734,218340000.000000
2015-08-03,0.486605,0.491445,0.480314,0.490961,397132000.000000
2015-08-04,0.489267,0.494348,0.487331,0.492897,260100000.000000
2015-08-05,0.504995,0.505479,0.497010,0.497978,234628000.000000
2015-08-06,0.496768,0.500398,0.486605,0.494832,655676000.000000
2015-08-07,0.543468,0.565488,0.529434,0.556051,1405248000.000000
2015-08-10,0.552180,0.579522,0.548792,0.575409,662304000.000000
2015-08-11,0.566940,0.578071,0.566940,0.572505,435008000.000000
2015-08-12,0.563310,0.578071,0.563310,0.573957,384048000.000000
2015-08-13,0.574683,0.575893,0.567666,0.569118,276884000.000000
2015-08-14,0.568634,0.572989,0.565246,0.569602,214652000.000000
2015-08-17,0.568634,0.568634,0.558955,0.565972,273880000.000000
2015-08-18,0.564222,0.568110,0.556447,0.560821,287084000.000000
2015-08-19,0.560092,0.566409,0.552559,0.558634,249248000.000000
2015-08-20,0.552316,0.554989,0.535793,0.538466,426932000.000000
2015-08-21,0.534578,0.543569,0.521213,0.521699,382664000.000000
2015-08-24,0.492541,0.530447,0.485980,0.503232,682284000.000000
2015-08-25,0.525344,0.527288,0.492784,0.492784,622684000.000000
2015-08-26,0.508821,0.530447,0.504933,0.529961,614976000.000000
2015-08-27,0.535550,0.550129,0.532391,0.549886,463764000.000000
2015-08-28,0.549886,0.555718,0.545998,0.552316,320944000.000000
2015-08-31,0.549643,0.553531,0.544054,0.546241,219352000.000000
2015-09-01,0.530447,0.539438,0.519998,0.523886,353408000.000000
2015-09-02,0.538223,0.539924,0.529232,0.539681,344044000.000000
2015-09-03,0.547699,0.550372,0.540166,0.541138,262556000.000000
2015-09-04,0.531905,0.540410,0.528260,0.528503,287972000.000000
2015-09-08,0.541382,0.553288,0.539195,0.551101,238448000.000000
2015-09-09,0.552802,0.557419,0.538952,0.540167,289392000.000000
2015-09-10,0.537008,0.555475,0.534578,0.548671,357076000.000000
2015-09-11,0.542597,0.554017,0.540410,0.550372,301584000.000000
2015-09-14,0.553045,0.554746,0.548428,0.551344,192460000.000000
2015-09-15,0.551587,0.560335,0.549886,0.557419,327976000.000000
2015-09-16,0.556447,0.564466,0.552316,0.561307,173508000.000000
2015-09-17,0.571026,0.576129,0.565195,0.566410,268712000.000000
2015-09-18,0.558634,0.570783,0.555232,0.565923,326412000.000000
2015-09-21,0.566653,0.572970,0.563737,0.571755,281840000.000000
2015-09-22,0.559363,0.563251,0.553288,0.556204,228356000.000000
2015-09-23,0.556690,0.562279,0.554503,0.558877,161632000.000000
2015-09-24,0.555475,0.575400,0.546727,0.569568,382440000.000000
2015-09-25,0.576615,0.584876,0.568110,0.573699,369692000.000000
2015-09-28,0.573699,0.577344,0.562522,0.566166,395584000.000000
2015-09-29,0.572241,0.577101,0.564223,0.576129,380736000.000000
2015-09-30,0.581475,0.599699,0.578073,0.598970,556380000.000000
2015-10-01,0.598970,0.600671,0.570297,0.587307,489296000.000000
2015-10-02,0.584148,0.602615,0.578073,0.602615,386144000.000000
2015-10-05,0.606503,0.625213,0.603344,0.617680,482024000.000000
2015-10-06,0.611120,0.628372,0.608690,0.625699,453216000.000000
2015-10-07,0.627157,0.638577,0.616951,0.632260,310152000.000000
2015-10-08,0.629587,0.637606,0.618895,0.635905,460068000.000000
2015-10-09,0.632503,0.638578,0.621568,0.633475,423248000.000000
2015-10-12,0.634204,0.643923,0.629587,0.640278,227588000.000000
2015-10-13,0.635176,0.645381,0.632989,0.641493,298444000.000000
2015-10-14,0.642222,0.675269,0.641494,0.664821,612148000.000000
2015-10-15,0.666035,0.680129,0.659232,0.666521,526048000.000000
2015-10-16,0.668708,0.683287,0.667007,0.676970,448396000.000000
2015-10-19,0.679157,0.682316,0.667979,0.675755,294712000.000000
2015-10-20,0.672839,0.677942,0.667736,0.674783,264824000.000000
2015-10-21,0.678914,0.683045,0.664820,0.666035,386280000.000000
2015-10-22,0.673811,0.692278,0.672839,0.690091,306884000.000000
2015-10-23,0.696166,0.699325,0.685717,0.694708,381776000.000000
2015-10-26,0.695194,0.696895,0.685232,0.691549,247436000.000000
2015-10-27,0.688147,0.695437,0.687661,0.691063,208268000.000000
2015-10-28,0.695437,0.696652,0.685232,0.696652,217036000.000000
2015-10-29,0.685474,0.692521,0.671381,0.672596,327168000.000000
2015-10-30,0.679886,0.694222,0.674783,0.689362,301160000.000000
2015-11-02,0.691549,0.698110,0.687418,0.697381,190088000.000000
2015-11-03,0.693250,0.697138,0.684746,0.692521,376768000.000000
2015-11-04,0.690577,0.695680,0.677942,0.681101,442264000.000000
2015-11-05,0.684503,0.686447,0.671381,0.673325,478800000.000000
2015-11-06,0.739904,0.776110,0.724596,0.766633,1172272000.000000
2015-11-09,0.759101,0.765418,0.752540,0.763231,492568000.000000
2015-11-10,0.753269,0.757400,0.732615,0.748652,552260000.000000
2015-11-11,0.749138,0.754484,0.738689,0.741362,619896000.000000
2015-11-12,0.739661,0.746465,0.735530,0.738689,291080000.000000
2015-11-13,0.739418,0.742577,0.720465,0.724110,292940000.000000
2015-11-16,0.733586,0.739175,0.727755,0.738689,344280000.000000
2015-11-17,0.740633,0.745007,0.735530,0.738689,257048000.000000
2015-11-18,0.741738,0.757837,0.733689,0.756861,350216000.000000
2015-11-19,0.759544,0.766617,0.753446,0.759056,254072000.000000
2015-11-20,0.764666,0.770032,0.760031,0.765641,239744000.000000
2015-11-23,0.771983,0.771983,0.751494,0.754178,242552000.000000
2015-11-24,0.754178,0.766861,0.750763,0.760276,195428000.000000
2015-11-25,0.758812,0.767837,0.756617,0.759300,138300000.000000
2015-11-27,0.760763,0.768081,0.756861,0.765641,86996000.000000
2015-11-30,0.766373,0.777106,0.765642,0.773691,327244000.000000
2015-12-01,0.780520,0.799545,0.779789,0.798814,409496000.000000
2015-12-02,0.800033,0.808326,0.791009,0.792716,294240000.000000
2015-12-03,0.799058,0.807351,0.787106,0.791009,246656000.000000
2015-12-04,0.791008,0.824668,0.791008,0.823205,458756000.000000
2015-12-07,0.822961,0.822961,0.805155,0.807595,333588000.000000
2015-12-08,0.797594,0.821985,0.792472,0.818571,314488000.000000
2015-12-09,0.818327,0.823205,0.789545,0.797838,372676000.000000
2015-12-10,0.800277,0.808814,0.797594,0.804424,236596000.000000
2015-12-11,0.796374,0.801984,0.790764,0.792472,227320000.000000
2015-12-14,0.793204,0.798814,0.784911,0.794423,275892000.000000
2015-12-15,0.803448,0.809790,0.799058,0.804180,307296000.000000
2015-12-16,0.805887,0.811741,0.798814,0.809058,236356000.000000
2015-12-17,0.810278,0.818571,0.796375,0.796862,254160000.000000
2015-12-18,0.791253,0.799302,0.782959,0.783935,395896000.000000
2015-12-21,0.792472,0.803204,0.785398,0.802472,284216000.000000
2015-12-22,0.804912,0.811253,0.798326,0.803204,130012000.000000
2015-12-23,0.804424,0.809546,0.802960,0.806375,122524000.000000
2015-12-24,0.803936,0.811010,0.802716,0.809058,52448000.000000
2015-12-28,0.800521,0.808327,0.789301,0.808327,142024000.000000
2015-12-29,0.808814,0.823937,0.806619,0.821497,203660000.000000
2015-12-30,0.820766,0.827839,0.814180,0.814424,180344000.000000
2015-12-31,0.813205,0.816863,0.803936,0.803936,148528000.000000
2016-01-04,0.787594,0.794667,0.781496,0.789545,358076000.000000
2016-01-05,0.804424,0.815644,0.792716,0.802229,490272000.000000
2016-01-06,0.789057,0.792716,0.760032,0.769056,449344000.000000
2016-01-07,0.749787,0.754909,0.728811,0.738567,645304000.000000
2016-01-08,0.748080,0.748812,0.721249,0.722713,398472000.000000
2016-01-11,0.723445,0.729055,0.711005,0.723933,409372000.000000
2016-01-12,0.736860,0.746860,0.731006,0.736128,469356000.000000
2016-01-13,0.741738,0.746616,0.712956,0.713688,481672000.000000
2016-01-14,0.699053,0.707346,0.678565,0.699297,600236000.000000
2016-01-15,0.671247,0.679297,0.649783,0.661247,841452000.000000
2016-01-19,0.674906,0.693931,0.663930,0.666613,457140000.000000
2016-01-20,0.653930,0.678809,0.645149,0.670272,481180000.000000
2016-01-21,0.677589,0.688565,0.663686,0.678077,481456000.000000
2016-01-22,0.691004,0.698566,0.689541,0.693931,257996000.000000
2016-01-25,0.693687,0.701737,0.691736,0.693200,270728000.000000
2016-01-26,0.694663,0.702956,0.687590,0.700029,227944000.000000
2016-01-27,0.699054,0.701249,0.678565,0.691736,231700000.000000
2016-01-28,0.697346,0.699785,0.670760,0.684175,276776000.000000
2016-01-29,0.690029,0.715884,0.687346,0.714420,310504000.000000
2016-02-01,0.713688,0.718322,0.707590,0.714664,289884000.000000
2016-02-02,0.707347,0.711005,0.679540,0.684419,341908000.000000
2016-02-03,0.689785,0.693931,0.671979,0.687833,326772000.000000
2016-02-04,0.688809,0.703688,0.681248,0.688077,348140000.000000
2016-02-05,0.683443,0.691004,0.642709,0.644661,600428000.000000
2016-02-08,0.634904,0.638075,0.606123,0.615147,608852000.000000
2016-02-09,0.607830,0.647588,0.604903,0.621733,425372000.000000
2016-02-10,0.625636,0.643685,0.616855,0.620270,335800000.000000
2016-02-11,0.604415,0.623441,0.604415,0.617099,340144000.000000
2016-02-12,0.626855,0.628807,0.603684,0.627587,340816000.000000
2016-02-16,0.636612,0.659296,0.634661,0.658320,485352000.000000
2016-02-17,0.666613,0.681004,0.663930,0.674662,771468000.000000
2016-02-18,0.730030,0.755641,0.729299,0.732713,1068660000.000000
2016-02-19,0.728811,0.749056,0.723201,0.742470,525628000.000000
2016-02-22,0.753202,0.777349,0.751739,0.768812,449668000.000000
2016-02-23,0.762715,0.778081,0.759056,0.770764,369380000.000000
2016-02-24,0.767593,0.777349,0.746372,0.776130,336852000.000000
2016-02-25,0.779057,0.781740,0.763934,0.777837,349616000.000000
2016-02-26,0.781496,0.783447,0.764910,0.772715,361964000.000000
2016-02-29,0.773817,0.783854,0.767207,0.767697,323344000.000000
2016-03-01,0.769655,0.801724,0.768431,0.801724,348700000.000000
2016-03-02,0.797318,0.809313,0.795849,0.806375,233812000.000000
2016-03-03,0.805396,0.808823,0.788505,0.799276,302004000.000000
2016-03-04,0.805396,0.806130,0.790708,0.796828,175304000.000000
2016-03-07,0.792422,0.797807,0.781406,0.791687,239968000.000000
2016-03-08,0.783609,0.788260,0.774796,0.777244,274940000.000000
2016-03-09,0.784098,0.785322,0.766717,0.776754,222788000.000000
2016-03-10,0.781405,0.785812,0.759863,0.775530,286084000.000000
2016-03-11,0.787036,0.788994,0.777734,0.788750,277400000.000000
2016-03-14,0.785078,0.793890,0.781406,0.790708,190312000.000000
2016-03-15,0.786546,0.791687,0.772838,0.786791,226216000.000000
2016-03-16,0.780916,0.812985,0.777244,0.810292,363644000.000000
2016-03-17,0.807355,0.811271,0.792422,0.803438,353680000.000000
2016-03-18,0.812985,0.838444,0.807844,0.827673,545512000.000000
2016-03-21,0.820329,0.830366,0.811516,0.830121,337780000.000000
2016-03-22,0.827428,0.834527,0.818370,0.828652,242012000.000000
2016-03-23,0.832324,0.848971,0.828652,0.842851,429008000.000000
2016-03-24,0.835262,0.845543,0.832569,0.844075,244956000.000000
2016-03-28,0.842606,0.856315,0.841627,0.852643,265388000.000000
2016-03-29,0.848971,0.868310,0.847012,0.866352,261812000.000000
2016-03-30,0.869534,0.887404,0.869044,0.875409,376700000.000000
2016-03-31,0.879326,0.881284,0.865372,0.872227,379884000.000000
2016-04-01,0.866841,0.885446,0.860232,0.884957,348292000.000000
2016-04-04,0.892301,0.896952,0.872961,0.876388,393940000.000000
2016-04-05,0.868555,0.883243,0.865128,0.875165,339568000.000000
2016-04-06,0.864148,0.876878,0.847747,0.876388,453376000.000000
2016-04-07,0.870758,0.878592,0.863659,0.867331,378104000.000000
2016-04-08,0.874430,0.880060,0.864393,0.872961,255936000.000000
2016-04-11,0.878102,0.892790,0.875409,0.878347,387524000.000000
2016-04-12,0.881285,0.882509,0.860232,0.877368,292764000.000000
2016-04-13,0.881284,0.899645,0.881284,0.899400,350716000.000000
2016-04-14,0.896952,0.905765,0.893280,0.901848,416564000.000000
2016-04-15,0.901603,0.917025,0.898665,0.908947,436972000.000000
2016-04-18,0.907233,0.907233,0.896217,0.905030,307320000.000000
2016-04-19,0.908457,0.910171,0.883243,0.888873,309152000.000000
2016-04-20,0.887404,0.897686,0.886425,0.892300,200172000.000000
2016-04-21,0.892545,0.896707,0.887404,0.891321,178280000.000000
2016-04-22,0.894259,0.900379,0.884957,0.887894,223540000.000000
2016-04-25,0.888139,0.897197,0.885691,0.892300,191972000.000000
2016-04-26,0.897686,0.907968,0.889118,0.893035,214536000.000000
2016-04-27,0.890832,0.913843,0.889118,0.913354,352396000.000000
2016-04-28,0.907723,0.913109,0.883977,0.886181,381224000.000000
2016-04-29,0.882508,0.884467,0.860232,0.869779,321904000.000000
2016-05-02,0.878102,0.886670,0.873940,0.881284,256076000.000000
2016-05-03,0.871248,0.874920,0.863169,0.870758,224024000.000000
2016-05-04,0.860231,0.860966,0.842116,0.850929,525764000.000000
2016-05-05,0.858028,0.866107,0.849705,0.856070,246884000.000000
2016-05-06,0.854601,0.867086,0.852888,0.864883,183240000.000000
2016-05-09,0.867086,0.870758,0.856559,0.863659,333336000.000000
2016-05-10,0.869044,0.881774,0.860721,0.880305,269676000.000000
2016-05-11,0.882998,0.892545,0.878102,0.882753,328176000.000000
2016-05-12,0.889118,0.893035,0.855091,0.870758,670540000.000000
2016-05-13,0.959376,1.003685,0.954725,1.003196,2110256000.000000
2016-05-16,0.995606,1.047749,0.992424,1.032816,973032000.000000
2016-05-17,1.028165,1.042364,1.014946,1.035020,628392000.000000
2016-05-18,1.028165,1.073454,1.028165,1.061458,541072000.000000
2016-05-19,1.057296,1.073698,1.055828,1.066109,398880000.000000
2016-05-20,1.072719,1.089610,1.071005,1.085204,391084000.000000
2016-05-23,1.089855,1.094017,1.080308,1.086918,413636000.000000
2016-05-24,1.090231,1.116738,1.087286,1.113302,415788000.000000
2016-05-25,1.116738,1.121401,1.099803,1.108638,458076000.000000
2016-05-26,1.110602,1.128519,1.107411,1.120419,309964000.000000
2016-05-27,1.121646,1.128273,1.117965,1.126555,277416000.000000
2016-05-31,1.131464,1.149136,1.130728,1.146681,412524000.000000
2016-06-01,1.141282,1.159935,1.137846,1.148890,387132000.000000
2016-06-02,1.155026,1.166807,1.143736,1.156990,329208000.000000
2016-06-03,1.145699,1.147172,1.120665,1.140791,461076000.000000
2016-06-06,1.143736,1.152572,1.129010,1.134900,322512000.000000
2016-06-07,1.141772,1.148154,1.136618,1.137109,193400000.000000
2016-06-08,1.137355,1.141528,1.124102,1.133428,234616000.000000
2016-06-09,1.129501,1.164598,1.127046,1.162880,472168000.000000
2016-06-10,1.149136,1.159444,1.132446,1.133918,400024000.000000
2016-06-13,1.135146,1.170734,1.135146,1.148399,475588000.000000
2016-06-14,1.145700,1.156008,1.132937,1.150608,298344000.000000
2016-06-15,1.160180,1.172452,1.147418,1.162389,301036000.000000
2016-06-16,1.153799,1.169016,1.142509,1.167052,246456000.000000
2016-06-17,1.168525,1.168771,1.142018,1.146681,471000000.000000
2016-06-20,1.165089,1.182270,1.164353,1.167298,293768000.000000
2016-06-21,1.172207,1.175397,1.158462,1.160180,212508000.000000
2016-06-22,1.162635,1.170243,1.157235,1.159199,202620000.000000
2016-06-23,1.170243,1.191351,1.169507,1.190124,297880000.000000
2016-06-24,1.141282,1.162389,1.111829,1.122383,1017684000.000000
2016-06-27,1.113057,1.121647,1.093913,1.110357,449088000.000000
2016-06-28,1.131464,1.132691,1.111093,1.126555,381920000.000000
2016-06-29,1.136373,1.153799,1.133428,1.144963,318932000.000000
2016-06-30,1.146927,1.160917,1.137600,1.153799,430940000.000000
2016-07-01,1.147418,1.162389,1.141282,1.145209,218488000.000000
2016-07-05,1.138827,1.164107,1.129746,1.162144,371084000.000000
2016-07-06,1.154044,1.176379,1.148154,1.169507,273104000.000000
2016-07-07,1.177361,1.204114,1.171961,1.199941,395400000.000000
2016-07-08,1.212704,1.253937,1.208041,1.248047,481932000.000000
2016-07-11,1.265964,1.286089,1.264491,1.276763,448776000.000000
2016-07-12,1.290998,1.307688,1.274799,1.295907,436760000.000000
2016-07-13,1.298362,1.305725,1.293453,1.295416,324604000.000000
2016-07-14,1.302288,1.320451,1.291489,1.308670,316892000.000000
2016-07-15,1.291980,1.299343,1.272345,1.293453,428616000.000000
2016-07-18,1.309406,1.311369,1.295170,1.300079,252992000.000000
2016-07-19,1.299343,1.318733,1.296889,1.313578,382652000.000000
2016-07-20,1.317996,1.337877,1.312597,1.330759,296460000.000000
2016-07-21,1.327814,1.331986,1.301797,1.306215,361308000.000000
2016-07-22,1.310879,1.341804,1.301307,1.341804,315768000.000000
2016-07-25,1.349903,1.369783,1.344012,1.366593,312528000.000000
2016-07-26,1.378619,1.397027,1.376656,1.389909,514508000.000000
2016-07-27,1.401936,1.404390,1.367574,1.375919,446676000.000000
2016-07-28,1.379110,1.389173,1.374692,1.378865,221916000.000000
2016-07-29,1.384019,1.405126,1.359230,1.401445,409588000.000000
2016-08-01,1.407336,1.412490,1.383283,1.392364,301120000.000000
2016-08-02,1.398990,1.399726,1.362175,1.375428,282748000.000000
2016-08-03,1.373711,1.381810,1.366102,1.379111,299828000.000000
2016-08-04,1.385737,1.411017,1.383037,1.404635,272712000.000000
2016-08-05,1.420834,1.429179,1.413962,1.428443,371588000.000000
2016-08-08,1.448078,1.451514,1.426479,1.441696,305064000.000000
2016-08-09,1.448814,1.459368,1.441696,1.445378,372344000.000000
2016-08-10,1.458141,1.460350,1.431388,1.436051,375740000.000000
2016-08-11,1.443660,1.471395,1.440715,1.465259,681064000.000000
2016-08-12,1.519255,1.555579,1.488084,1.547234,1425744000.000000
2016-08-15,1.548952,1.558524,1.524900,1.545762,573304000.000000
2016-08-16,1.543553,1.546007,1.531772,1.536435,287652000.000000
2016-08-17,1.536435,1.539871,1.488820,1.500847,595212000.000000
2016-08-18,1.498638,1.526618,1.492747,1.524163,331684000.000000
2016-08-19,1.523428,1.539626,1.516801,1.528091,291560000.000000
2016-08-22,1.532753,1.536680,1.514591,1.534471,244748000.000000
2016-08-23,1.550086,1.556970,1.542463,1.546889,339764000.000000
2016-08-24,1.552299,1.553036,1.515907,1.523038,298448000.000000
2016-08-25,1.523530,1.524267,1.494023,1.512956,406032000.000000
2016-08-26,1.516891,1.533857,1.504842,1.525251,300024000.000000
2016-08-29,1.531398,1.537545,1.521808,1.524267,274652000.000000
2016-08-30,1.522300,1.530414,1.511235,1.515415,285544000.000000
2016-08-31,1.518366,1.522546,1.503858,1.508284,388544000.000000
2016-09-01,1.509514,1.558446,1.508284,1.552790,428492000.000000
2016-09-02,1.555987,1.557708,1.520087,1.537545,323148000.000000
2016-09-06,1.542955,1.552053,1.535087,1.552053,306812000.000000
2016-09-07,1.547135,1.554757,1.520333,1.529185,397988000.000000
2016-09-08,1.527710,1.542709,1.510252,1.540250,315808000.000000
2016-09-09,1.523284,1.531890,1.450747,1.463533,697760000.000000
2016-09-12,1.444107,1.496727,1.409437,1.493777,598260000.000000
2016-09-13,1.490089,1.507301,1.463778,1.472139,471768000.000000
2016-09-14,1.475581,1.490088,1.463287,1.485171,319048000.000000
2016-09-15,1.487630,1.543201,1.484187,1.541479,515212000.000000
2016-09-16,1.546889,1.555249,1.527464,1.545168,902444000.000000
2016-09-19,1.561396,1.604673,1.554266,1.565577,417128000.000000
2016-09-20,1.583527,1.583527,1.542709,1.551315,331112000.000000
2016-09-21,1.555987,1.597788,1.555741,1.594837,336212000.000000
2016-09-22,1.604181,1.609099,1.589674,1.598772,308732000.000000
2016-09-23,1.600739,1.605411,1.589920,1.597051,276132000.000000
2016-09-26,1.578855,1.588444,1.562134,1.582051,230040000.000000
2016-09-27,1.575904,1.638605,1.575166,1.636147,402752000.000000
2016-09-28,1.638606,1.643278,1.621148,1.642048,319788000.000000
2016-09-29,1.639344,1.662457,1.624098,1.657293,336684000.000000
2016-09-30,1.666391,1.701307,1.656555,1.684833,429932000.000000
2016-10-03,1.684833,1.709176,1.680161,1.683112,242596000.000000
2016-10-04,1.685570,1.713848,1.666883,1.679423,281624000.000000
2016-10-05,1.693685,1.710897,1.672538,1.677702,305440000.000000
2016-10-06,1.657539,1.667867,1.629262,1.655818,360212000.000000
2016-10-07,1.666883,1.671309,1.639097,1.643769,286260000.000000
2016-10-10,1.652375,1.661227,1.634425,1.649917,287876000.000000
2016-10-11,1.644507,1.646966,1.613525,1.626065,388540000.000000
2016-10-12,1.619426,1.642048,1.605902,1.633442,419920000.000000
2016-10-13,1.614263,1.617952,1.566315,1.606887,390116000.000000
2016-10-14,1.626557,1.637622,1.613033,1.622623,330636000.000000
2016-10-17,1.622377,1.637622,1.611066,1.613279,195328000.000000
2016-10-18,1.635655,1.647212,1.629016,1.637868,269372000.000000
2016-10-19,1.626803,1.642048,1.618443,1.634426,199060000.000000
2016-10-20,1.653605,1.670817,1.630245,1.665407,312084000.000000
2016-10-21,1.659506,1.663686,1.644999,1.660736,279508000.000000
2016-10-24,1.672047,1.740650,1.671801,1.738683,339836000.000000
2016-10-25,1.735732,1.777779,1.727372,1.767206,397460000.000000
2016-10-26,1.752452,1.793762,1.750731,1.774337,333792000.000000
2016-10-27,1.787861,1.791303,1.730814,1.737945,388664000.000000
2016-10-28,1.746305,1.772861,1.731797,1.734994,290856000.000000
2016-10-31,1.740650,1.761304,1.739666,1.749748,252388000.000000
2016-11-01,1.756141,1.765730,1.679177,1.697865,473224000.000000
2016-11-02,1.710897,1.734011,1.687783,1.690734,295848000.000000
2016-11-03,1.698603,1.700078,1.638606,1.671063,309664000.000000
2016-11-04,1.659998,1.689996,1.637130,1.661473,328780000.000000
2016-11-07,1.710159,1.763517,1.708930,1.752452,487580000.000000
2016-11-08,1.759091,1.764747,1.733519,1.749748,429884000.000000
2016-11-09,1.702291,1.743355,1.689751,1.720241,456532000.000000
2016-11-10,1.757862,1.758108,1.641556,1.666391,869280000.000000
2016-11-11,1.955066,2.182759,1.930231,2.163088,2175344000.000000
2016-11-14,2.166038,2.168497,2.056126,2.056617,1348796000.000000
2016-11-15,2.072601,2.150302,2.063749,2.119320,626092000.000000
2016-11-16,2.147596,2.275950,2.123253,2.253083,987984000.000000
2016-11-17,2.269803,2.330783,2.228985,2.271770,832988000.000000
2016-11-18,2.271770,2.319472,2.257263,2.295621,576060000.000000
2016-11-21,2.313571,2.319964,2.272016,2.286278,436436000.000000
2016-11-22,2.294146,2.304965,2.271524,2.302752,330368000.000000
2016-11-23,2.307924,2.345601,2.284529,2.314080,443236000.000000
2016-11-25,2.325162,2.341908,2.300290,2.318759,195564000.000000
2016-11-28,2.311618,2.333042,2.304969,2.317528,278736000.000000
2016-11-29,2.314819,2.325654,2.278619,2.296349,444568000.000000
2016-11-30,2.304968,2.318759,2.268030,2.270492,440500000.000000
2016-12-01,2.268030,2.269754,2.087524,2.158200,1035524000.000000
2016-12-02,2.123970,2.186766,2.096143,2.178147,478292000.000000
2016-12-05,2.216071,2.280590,2.191691,2.262613,602284000.000000
2016-12-06,2.270739,2.308170,2.254979,2.299798,498796000.000000
2016-12-07,2.286253,2.346832,2.268030,2.341168,480804000.000000
2016-12-08,2.344124,2.379339,2.291425,2.302014,381544000.000000
2016-12-09,2.319745,2.321469,2.233801,2.261136,382312000.000000
2016-12-12,2.212622,2.215085,2.155737,2.206219,601332000.000000
2016-12-13,2.218532,2.272709,2.217547,2.245128,387796000.000000
2016-12-14,2.278865,2.391405,2.254978,2.375152,983980000.000000
2016-12-15,2.386234,2.461097,2.378846,2.430807,746548000.000000
2016-12-16,2.458387,2.479811,2.406672,2.472670,1089528000.000000
2016-12-19,2.455185,2.522906,2.437947,2.502713,744656000.000000
2016-12-20,2.575359,2.613529,2.564031,2.589889,848056000.000000
2016-12-21,2.601463,2.609097,2.553935,2.606142,576136000.000000
2016-12-22,2.630521,2.681004,2.623379,2.637662,718612000.000000
2016-12-23,2.619686,2.704891,2.616977,2.703413,647692000.000000
2016-12-27,2.759561,2.890077,2.738875,2.889092,1194272000.000000
2016-12-28,2.945238,2.953365,2.676572,2.690362,2295764000.000000
2016-12-29,2.583240,2.745523,2.531526,2.744046,2175368000.000000
2016-12-30,2.742076,2.756113,2.617716,2.628551,1212932000.000000
2017-01-03,2.570926,2.619439,2.447305,2.512071,1501996000.000000
2017-01-04,2.546301,2.598015,2.500251,2.570681,1199220000.000000
2017-01-05,2.574129,2.605896,2.488431,2.505423,984296000.000000
2017-01-06,2.532757,2.567233,2.492124,2.538913,822856000.000000
2017-01-09,2.548763,2.659579,2.548763,2.641848,916248000.000000
2017-01-10,2.654901,2.688884,2.601216,2.621902,880920000.000000
2017-01-11,2.610328,2.615253,2.564770,2.589642,525664000.000000
2017-01-12,2.566741,2.578315,2.502467,2.547286,625616000.000000
2017-01-13,2.551227,2.585703,2.537929,2.547040,457820000.000000
2017-01-17,2.536450,2.541375,2.476609,2.489907,580612000.000000
2017-01-18,2.468483,2.542114,2.440656,2.535219,654424000.000000
2017-01-19,2.538174,2.621656,2.535958,2.589642,644872000.000000
2017-01-20,2.612298,2.630028,2.539406,2.561322,492024000.000000
2017-01-23,2.556152,2.607866,2.553689,2.587919,369904000.000000
2017-01-24,2.598015,2.649237,2.583240,2.643080,428052000.000000
2017-01-25,2.685437,2.691593,2.618455,2.654408,522760000.000000
2017-01-26,2.657117,2.707600,2.627566,2.700212,458800000.000000
2017-01-27,2.707107,2.755374,2.680512,2.752419,471996000.000000
2017-01-30,2.731486,2.733702,2.657363,2.709323,496004000.000000
2017-01-31,2.682974,2.710062,2.664504,2.688638,362756000.000000
2017-02-01,2.723114,2.810289,2.705383,2.806103,590004000.000000
2017-02-02,2.790096,2.850183,2.759560,2.841564,483240000.000000
2017-02-03,2.843041,2.854122,2.804871,2.816691,372744000.000000
2017-02-06,2.807334,2.889338,2.807334,2.888845,506768000.000000
2017-02-07,2.923075,2.977744,2.903374,2.933664,746224000.000000
2017-02-08,2.915687,2.938097,2.865943,2.920859,449580000.000000
2017-02-09,2.927015,2.931940,2.846735,2.865943,842568000.000000
2017-02-10,2.953364,2.972326,2.772857,2.797976,1651092000.000000
2017-02-13,2.792312,2.806841,2.664504,2.668937,1180724000.000000
2017-02-14,2.659333,2.712525,2.617469,2.678787,850632000.000000
2017-02-15,2.681743,2.703906,2.653670,2.684206,373020000.000000
2017-02-16,2.693809,2.695040,2.601955,2.641110,647176000.000000
2017-02-17,2.627565,2.645050,2.580530,2.640617,563740000.000000
2017-02-21,2.665243,2.739121,2.664997,2.735181,551952000.000000
2017-02-22,2.747263,2.756633,2.712004,2.730990,433772000.000000
2017-02-23,2.601294,2.623238,2.457791,2.477763,1592888000.000000
2017-02-24,2.393437,2.514996,2.359658,2.501681,1029904000.000000
2017-02-27,2.519927,2.589459,2.504146,2.574418,715400000.000000
2017-02-28,2.584034,2.593897,2.484914,2.502173,625360000.000000
2017-03-01,2.559131,2.573432,2.493051,2.534474,504804000.000000
2017-03-02,2.521652,2.535706,2.438312,2.441024,754332000.000000
2017-03-03,2.430423,2.435354,2.372479,2.426971,864692000.000000
2017-03-06,2.390725,2.418834,2.346589,2.408231,883568000.000000
2017-03-07,2.408231,2.454093,2.395410,2.434614,603400000.000000
2017-03-08,2.482941,2.497735,2.427957,2.430176,638712000.000000
2017-03-09,2.414149,2.452121,2.401574,2.429683,478060000.000000
2017-03-10,2.456065,2.467900,2.425737,2.443983,499740000.000000
2017-03-13,2.454340,2.521159,2.453600,2.511297,774136000.000000
2017-03-14,2.524118,2.533488,2.477270,2.509571,522016000.000000
2017-03-15,2.521160,2.539406,2.473572,2.528557,615036000.000000
2017-03-16,2.539158,2.560116,2.525104,2.559623,523100000.000000
2017-03-17,2.577131,2.616582,2.559624,2.615349,1119688000.000000
2017-03-20,2.632855,2.702634,2.616828,2.698689,748568000.000000
2017-03-21,2.681428,2.711263,2.603513,2.611403,913484000.000000
2017-03-22,2.600307,2.669346,2.596362,2.664661,616764000.000000
2017-03-23,2.656772,2.676744,2.630883,2.640499,533940000.000000
2017-03-24,2.686852,2.694742,2.623978,2.649867,439500000.000000
2017-03-27,2.603267,2.673046,2.553953,2.669101,506644000.000000
2017-03-28,2.670332,2.684880,2.644936,2.655292,432444000.000000
2017-03-29,2.662690,2.675018,2.644444,2.646663,349992000.000000
2017-03-30,2.653813,2.712250,2.648142,2.697455,525532000.000000
2017-03-31,2.687839,2.709537,2.672798,2.685866,440808000.000000
2017-04-03,2.686360,2.703620,2.648635,2.672306,445232000.000000
2017-04-04,2.549514,2.574664,2.474065,2.484914,1271280000.000000
2017-04-05,2.466174,2.524117,2.453352,2.466420,747048000.000000
2017-04-06,2.471599,2.496502,2.426477,2.484421,635120000.000000
2017-04-07,2.490832,2.508338,2.458778,2.473818,429068000.000000
2017-04-10,2.474558,2.481216,2.406506,2.410697,756332000.000000
2017-04-11,2.380615,2.438559,2.375684,2.419326,618148000.000000
2017-04-12,2.419327,2.433628,2.394177,2.399355,414092000.000000
2017-04-13,2.375192,2.396890,2.354480,2.354480,506892000.000000
2017-04-17,2.367300,2.446942,2.362122,2.446695,497292000.000000
2017-04-18,2.432395,2.454340,2.406506,2.448176,370116000.000000
2017-04-19,2.465681,2.489845,2.451134,2.457791,380828000.000000
2017-04-20,2.472340,2.501435,2.451135,2.496750,404016000.000000
2017-04-21,2.486394,2.509818,2.474559,2.507106,341896000.000000
2017-04-24,2.538665,2.551486,2.517707,2.538418,371820000.000000
2017-04-25,2.552966,2.597102,2.531515,2.582554,388440000.000000
2017-04-26,2.596116,2.598582,2.562829,2.564802,327004000.000000
2017-04-27,2.572198,2.613129,2.554199,2.604745,319700000.000000
2017-04-28,2.597842,2.604746,2.566035,2.571706,348248000.000000
2017-05-01,2.582555,2.634581,2.575404,2.629402,307732000.000000
2017-05-02,2.602527,2.603759,2.528802,2.551487,629972000.000000
2017-05-03,2.544583,2.580089,2.529789,2.570473,336904000.000000
2017-05-04,2.576637,2.587733,2.552720,2.560611,209788000.000000
2017-05-05,2.549022,2.568007,2.533488,2.560857,228428000.000000
2017-05-08,2.572693,2.574172,2.522639,2.533982,365240000.000000
2017-05-09,2.539652,2.587239,2.531268,2.538172,847672000.000000
2017-05-10,2.818027,3.003693,2.811370,2.990625,2129096000.000000
2017-05-11,2.960051,3.215989,2.956599,3.119087,1939792000.000000
2017-05-12,3.122292,3.195523,3.101334,3.153360,962620000.000000
2017-05-15,3.194537,3.314122,3.190098,3.311656,1087540000.000000
2017-05-16,3.362696,3.388832,3.288232,3.373298,1120700000.000000
2017-05-17,3.306478,3.325218,3.144976,3.149168,1271368000.000000
2017-05-18,3.193058,3.289959,3.132649,3.281083,1156032000.000000
2017-05-19,3.382282,3.411655,3.337606,3.356859,1018372000.000000
2017-05-22,3.400547,3.442755,3.389687,3.428439,836608000.000000
2017-05-23,3.448186,3.450407,3.349702,3.382283,681248000.000000
2017-05-24,3.479285,3.482001,3.408199,3.420294,815996000.000000
2017-05-25,3.455589,3.456330,3.367719,3.412641,608228000.000000
2017-05-26,3.404496,3.585915,3.384257,3.501006,779140000.000000
2017-05-30,3.546916,3.610844,3.530872,3.575795,989652000.000000
2017-05-31,3.620716,3.628368,3.506188,3.562959,887316000.000000
2017-06-01,3.578757,3.579744,3.517790,3.563207,503340000.000000
2017-06-02,3.560245,3.586409,3.539512,3.545435,487456000.000000
2017-06-05,3.529145,3.666134,3.517544,3.653299,817376000.000000
2017-06-06,3.648609,3.694765,3.623432,3.636761,758728000.000000
2017-06-07,3.661196,3.699454,3.645646,3.680695,612612000.000000
2017-06-08,3.787820,3.949245,3.746599,3.947764,1161744000.000000
2017-06-09,4.066242,4.159049,3.523467,3.692544,3692928000.000000
2017-06-12,3.600724,3.744378,3.507670,3.701677,1697532000.000000
2017-06-13,3.811021,3.820154,3.595047,3.736973,1672504000.000000
2017-06-14,3.739935,3.802629,3.665393,3.744871,1184640000.000000
2017-06-15,3.627381,3.791275,3.616027,3.760915,963824000.000000
2017-06-16,3.770542,3.818426,3.708341,3.742403,924960000.000000
2017-06-19,3.786586,3.888279,3.782884,3.883096,778176000.000000
2017-06-20,3.925303,3.992193,3.873222,3.877418,1095444000.000000
2017-06-21,3.905063,3.939866,3.843109,3.936163,682652000.000000
2017-06-22,3.944309,3.957638,3.885070,3.909013,469132000.000000
2017-06-23,3.916664,3.932461,3.781896,3.796953,1088588000.000000
2017-06-26,3.829780,3.865324,3.661197,3.755485,1063960000.000000
2017-06-27,3.737961,3.746600,3.612326,3.618003,999492000.000000
2017-06-28,3.685633,3.750302,3.597515,3.745612,994948000.000000
2017-06-29,3.717228,3.720190,3.556296,3.620471,1064424000.000000
2017-06-30,3.637748,3.651324,3.541979,3.568143,731060000.000000
2017-07-03,3.580238,3.595047,3.420540,3.439052,709072000.000000
2017-07-05,3.502486,3.559750,3.483481,3.530872,820188000.000000
2017-07-06,3.501746,3.588383,3.449666,3.541486,746284000.000000
2017-07-07,3.598256,3.640710,3.575301,3.622445,654972000.000000
2017-07-10,3.696000,3.801148,3.669836,3.793744,958492000.000000
2017-07-11,3.797446,3.855204,3.755485,3.847552,757956000.000000
2017-07-12,3.907285,4.023294,3.864337,4.011199,1145208000.000000
2017-07-13,4.023293,4.104746,3.918392,3.964795,1369132000.000000
2017-07-14,3.981085,4.072905,3.974174,4.071424,941948000.000000
2017-07-17,4.105487,4.134366,3.992439,4.054146,930792000.000000
2017-07-18,3.993182,4.110919,3.981334,4.096356,776640000.000000
2017-07-19,4.105487,4.131897,4.063033,4.075127,687044000.000000
2017-07-20,4.095614,4.134612,4.045755,4.134366,699596000.000000
2017-07-21,4.113880,4.178796,4.099564,4.149176,648332000.000000
2017-07-24,4.156334,4.165960,4.090431,4.101044,652524000.000000
2017-07-25,4.078089,4.095614,4.037609,4.081297,496556000.000000
2017-07-26,4.138809,4.194346,4.093640,4.128443,640404000.000000
2017-07-27,4.153371,4.164972,3.889018,3.992193,782856000.000000
2017-07-28,3.956404,4.082039,3.931474,4.057603,513348000.000000
2017-07-31,4.071179,4.107215,3.964549,4.011199,559672000.000000
2017-08-01,4.001819,4.061798,3.973928,4.060071,431384000.000000
2017-08-02,4.091172,4.095121,3.980593,4.057603,478444000.000000
2017-08-03,4.057110,4.112893,4.040078,4.109190,442420000.000000
2017-08-04,4.131898,4.197801,4.109190,4.127208,589096000.000000
2017-08-07,4.156335,4.254572,4.146708,4.254079,717412000.000000
2017-08-08,4.292091,4.308628,4.164234,4.203480,755336000.000000
2017-08-09,4.157321,4.250622,4.138562,4.248154,530784000.000000
2017-08-10,4.249389,4.261730,4.056123,4.066243,1328088000.000000
2017-08-11,3.878653,3.924563,3.774245,3.849528,1497196000.000000
2017-08-14,3.941099,4.160282,3.929498,4.156580,1279020000.000000
2017-08-15,4.161763,4.187927,4.087221,4.121530,764532000.000000
2017-08-16,4.136587,4.160035,4.044027,4.076361,596632000.000000
2017-08-17,4.067969,4.085000,3.983307,3.985528,525444000.000000
2017-08-18,4.039832,4.056863,3.940360,3.986270,601204000.000000
2017-08-21,4.010705,4.022059,3.884330,3.928265,623672000.000000
2017-08-22,3.964828,4.021648,3.945558,4.015719,450456000.000000
2017-08-23,3.982368,4.107125,3.973721,4.096008,579520000.000000
2017-08-24,4.128123,4.132571,4.054504,4.080938,469700000.000000
2017-08-25,4.105149,4.115278,4.040422,4.046846,357200000.000000
2017-08-28,4.065870,4.078716,4.010284,4.075504,389496000.000000
2017-08-29,4.016707,4.090573,4.008554,4.068833,324096000.000000
2017-08-30,4.088596,4.104160,4.058210,4.093043,384400000.000000
2017-08-31,4.113303,4.189887,4.105892,4.185934,612684000.000000
2017-09-01,4.198532,4.246706,4.189885,4.211131,445432000.000000
2017-09-05,4.159746,4.164687,4.040671,4.098726,695364000.000000
2017-09-06,4.131583,4.145418,4.061422,4.096255,397672000.000000
2017-09-07,4.113056,4.147642,4.075011,4.115279,352868000.000000
2017-09-08,4.103668,4.118491,4.019673,4.043883,498856000.000000
2017-09-11,4.089585,4.185686,4.084150,4.175063,567444000.000000
2017-09-12,4.199766,4.199766,4.124912,4.190132,411488000.000000
2017-09-13,4.164933,4.237811,4.132570,4.208907,580960000.000000
2017-09-14,4.169874,4.263010,4.145417,4.184944,513712000.000000
2017-09-15,4.270422,4.449530,4.265234,4.449530,1364792000.000000
2017-09-18,4.573795,4.723504,4.566877,4.633332,1684460000.000000
2017-09-19,4.582934,4.690152,4.560947,4.628390,874280000.000000
2017-09-20,4.632096,4.679529,4.550818,4.591087,724920000.000000
2017-09-21,4.487328,4.513515,4.387769,4.465588,1075600000.000000
2017-09-22,4.454225,4.503881,4.412228,4.422109,491232000.000000
2017-09-25,4.391226,4.392461,4.203719,4.224471,874580000.000000
2017-09-26,4.359113,4.414204,4.208415,4.248189,1125620000.000000
2017-09-27,4.338608,4.354666,4.267706,4.341326,713720000.000000
2017-09-28,4.348488,4.352441,4.292656,4.340089,435244000.000000
2017-09-29,4.424085,4.440142,4.378875,4.416426,619092000.000000
2017-10-02,4.466577,4.495729,4.372700,4.422109,503480000.000000
2017-10-03,4.428283,4.461141,4.387027,4.431248,390332000.000000
2017-10-04,4.437423,4.490538,4.400860,4.468304,427848000.000000
2017-10-05,4.492763,4.496221,4.435942,4.465835,437364000.000000
2017-10-06,4.438165,4.492268,4.422107,4.478928,318800000.000000
2017-10-09,4.515738,4.613074,4.496963,4.579970,563492000.000000
2017-10-10,4.729184,4.766735,4.626166,4.667423,974876000.000000
2017-10-11,4.683976,4.718563,4.638026,4.717080,529508000.000000
2017-10-12,4.720538,4.770194,4.692128,4.719303,528292000.000000
2017-10-13,4.781558,4.817380,4.734620,4.807251,628728000.000000
2017-10-16,4.837144,4.892729,4.773900,4.889764,576640000.000000
2017-10-17,4.869011,4.913726,4.850730,4.885316,478596000.000000
2017-10-18,4.894210,4.894950,4.775875,4.881116,567316000.000000
2017-10-19,4.803546,4.891494,4.754384,4.886553,570772000.000000
2017-10-20,4.903600,4.930774,4.855425,4.864319,451620000.000000
2017-10-23,4.886058,4.912492,4.837143,4.857401,428696000.000000
2017-10-24,4.866542,4.910022,4.840602,4.908292,407244000.000000
2017-10-25,4.868765,4.921633,4.722761,4.784275,828160000.000000
2017-10-26,4.811944,4.846036,4.787981,4.834425,322744000.000000
2017-10-27,4.886553,4.987101,4.860613,4.986854,572192000.000000
2017-10-30,4.986855,5.091354,4.971043,5.035769,504056000.000000
2017-10-31,5.067637,5.135821,5.061955,5.109140,411908000.000000
2017-11-01,5.171890,5.187207,5.054544,5.118775,502576000.000000
2017-11-02,5.089129,5.133844,5.031074,5.087647,342308000.000000
2017-11-03,5.118774,5.155584,5.072824,5.155584,353640000.000000
2017-11-06,5.118773,5.187452,5.106421,5.178805,389944000.000000
2017-11-07,5.201536,5.259592,5.189431,5.238099,427700000.000000
2017-11-08,5.233651,5.237357,5.119764,5.167196,522988000.000000
2017-11-09,5.071095,5.097282,4.950043,5.072330,978564000.000000
2017-11-10,5.264039,5.402137,5.228217,5.339634,1253256000.000000
2017-11-13,5.339633,5.365078,5.237603,5.252920,582376000.000000
2017-11-14,5.262062,5.306530,5.218335,5.291213,529292000.000000
2017-11-15,5.236123,5.237359,5.133600,5.187455,501948000.000000
2017-11-16,5.261567,5.291706,5.218828,5.227721,441768000.000000
2017-11-17,5.284789,5.320117,5.206476,5.221546,515664000.000000
2017-11-20,5.237110,5.300848,5.200300,5.288743,396100000.000000
2017-11-21,5.328515,5.349020,5.296646,5.337409,399176000.000000
2017-11-22,5.364604,5.364604,5.280797,5.313430,356640000.000000
2017-11-24,5.329746,5.364603,5.305271,5.363614,180752000.000000
2017-11-27,5.372268,5.373504,5.290686,5.293900,422896000.000000
2017-11-28,5.299091,5.308485,5.148042,5.209104,512752000.000000
2017-11-29,5.191800,5.194519,4.727527,4.855833,1396788000.000000
2017-11-30,4.924557,5.010589,4.861517,4.961887,823768000.000000
2017-12-01,4.927277,4.947549,4.758181,4.886981,811548000.000000
2017-12-04,4.945572,4.951752,4.561150,4.614549,1240844000.000000
2017-12-05,4.509233,4.763866,4.464240,4.641247,981488000.000000
2017-12-06,4.590816,4.700580,4.569555,4.678825,467032000.000000
2017-12-07,4.745574,4.786118,4.700086,4.746315,542600000.000000
2017-12-08,4.796253,4.815289,4.725549,4.733954,466876000.000000
2017-12-11,4.748045,4.815289,4.732224,4.812322,372748000.000000
2017-12-12,4.768812,4.792050,4.694399,4.717885,455016000.000000
2017-12-13,4.758923,4.760158,4.595265,4.602682,554280000.000000
2017-12-14,4.596253,4.680801,4.563620,4.609850,438164000.000000
2017-12-15,4.653855,4.755956,4.588837,4.735684,670036000.000000
2017-12-18,4.776227,4.895385,4.746561,4.892419,477704000.000000
2017-12-19,4.883027,4.888219,4.819739,4.848169,373100000.000000
2017-12-20,4.887474,4.896621,4.809601,4.865225,288820000.000000
2017-12-21,4.868688,4.893657,4.834325,4.842730,300904000.000000
2017-12-22,4.805895,4.836797,4.728022,4.827403,466276000.000000
2017-12-26,4.772025,4.888711,4.742111,4.881047,355080000.000000
2017-12-27,4.867698,4.943593,4.853112,4.874372,329488000.000000
2017-12-28,4.898106,4.929008,4.873879,4.880059,240248000.000000
2017-12-29,4.906264,4.906264,4.783644,4.783644,279964000.000000
2018-01-02,4.840010,4.931975,4.808367,4.928267,355616000.000000
2018-01-03,5.045695,5.283023,5.037042,5.252615,914704000.000000
2018-01-04,5.333951,5.390563,5.258055,5.280304,583268000.000000
2018-01-05,5.295136,5.362379,5.218251,5.325049,580124000.000000
2018-01-08,5.448656,5.562375,5.403662,5.488211,881216000.000000
2018-01-09,5.493651,5.533205,5.405147,5.486729,497000000.000000
2018-01-10,5.394269,5.533205,5.339881,5.529744,582664000.000000
2018-01-11,5.562377,5.593774,5.518125,5.539634,406032000.000000
2018-01-12,5.527769,5.562132,5.471898,5.512441,359916000.000000
2018-01-16,5.538892,5.624429,5.356940,5.441488,702348000.000000
2018-01-17,5.456073,5.565343,5.362131,5.555455,538408000.000000
2018-01-18,5.536172,5.602920,5.505023,5.548533,408632000.000000
2018-01-19,5.638767,5.712932,5.611821,5.688705,609380000.000000
2018-01-22,5.696615,5.778938,5.639013,5.777207,550944000.000000
2018-01-23,5.830607,5.928999,5.812066,5.906256,475228000.000000
2018-01-24,5.909469,5.945316,5.773747,5.829371,579972000.000000
2018-01-25,5.883759,5.927023,5.828136,5.842969,409884000.000000
2018-01-26,5.886725,6.015772,5.873870,6.015525,516356000.000000
2018-01-29,6.000941,6.133696,5.948284,6.102547,455116000.000000
2018-01-30,5.960643,6.091915,5.893895,6.000445,570832000.000000
2018-01-31,6.075846,6.162372,6.043213,6.076588,478576000.000000
2018-02-01,5.896614,6.103782,5.885242,5.945563,519224000.000000
2018-02-02,5.859037,5.883017,5.714909,5.773005,718464000.000000
2018-02-05,5.611823,5.765839,5.067945,5.283024,1165204000.000000
2018-02-06,5.053112,5.579683,5.043223,5.576717,1114800000.000000
2018-02-07,5.675603,5.808853,5.604404,5.656320,802932000.000000
2018-02-08,5.781906,5.815032,5.377211,5.377459,1144000000.000000
2018-02-09,5.889940,5.905761,5.377459,5.737407,1674604000.000000
2018-02-12,5.818492,5.821459,5.563118,5.637282,1093172000.000000
2018-02-13,5.600942,5.797232,5.568557,5.751003,625524000.000000
2018-02-14,5.710708,5.997232,5.699583,5.968308,744988000.000000
2018-02-15,6.051619,6.140122,5.970779,6.093893,698900000.000000
2018-02-16,6.066700,6.180419,6.018987,6.028134,637656000.000000
2018-02-20,6.050629,6.226648,6.046921,6.157674,686240000.000000
2018-02-21,6.222200,6.229122,5.966825,5.970533,892292000.000000
2018-02-22,6.004422,6.076159,5.924522,5.990075,534364000.000000
2018-02-23,6.049938,6.083580,5.999227,6.083580,415300000.000000
2018-02-26,6.129839,6.134291,6.037322,6.099659,469312000.000000
2018-02-27,6.072944,6.157297,6.063791,6.086797,455436000.000000
2018-02-28,6.097680,6.137259,5.974737,5.986363,523116000.000000
2018-03-01,5.984137,6.038064,5.643013,5.744188,1040120000.000000
2018-03-02,5.636582,5.857732,5.487913,5.851300,913428000.000000
2018-03-05,5.801083,5.868862,5.677645,5.829283,620776000.000000
2018-03-06,5.914625,6.009615,5.871583,5.990320,636808000.000000
2018-03-07,5.887414,6.034600,5.886178,5.982405,581208000.000000
2018-03-08,6.009864,6.009864,5.921800,5.966080,411912000.000000
2018-03-09,6.013574,6.081601,5.997496,6.068738,505524000.000000
2018-03-12,6.110050,6.258472,6.101886,6.178324,605060000.000000
2018-03-13,6.221119,6.295577,6.086302,6.127613,619772000.000000
2018-03-14,6.170655,6.197866,6.090754,6.153092,505496000.000000
2018-03-15,6.166697,6.249071,6.125880,6.167933,401952000.000000
2018-03-16,6.184262,6.215183,6.146661,6.196136,399456000.000000
2018-03-19,6.139239,6.168181,5.862679,5.961627,713772000.000000
2018-03-20,5.964595,6.212708,5.964595,6.173871,554696000.000000
2018-03-21,6.167439,6.233735,6.118212,6.148639,438688000.000000
2018-03-22,6.085313,6.131818,5.945301,5.982654,551196000.000000
2018-03-23,5.996259,5.998733,5.751857,5.762989,735620000.000000
2018-03-26,5.887414,6.048947,5.835467,6.047710,611424000.000000
2018-03-27,6.128603,6.184262,5.438440,5.578699,1409000000.000000
2018-03-28,5.544313,5.674430,5.367938,5.475544,945904000.000000
2018-03-29,5.543818,5.825573,5.459465,5.728852,916628000.000000
2018-04-02,5.658351,5.804547,5.380307,5.468123,922092000.000000
2018-04-03,5.635098,5.698177,5.475544,5.574492,667432000.000000
2018-04-04,5.318712,5.606898,5.293727,5.596509,789168000.000000
2018-04-05,5.654888,5.667999,5.404797,5.476287,701240000.000000
2018-04-06,5.373627,5.481728,5.270721,5.299911,662988000.000000
2018-04-09,5.362991,5.490881,5.308569,5.328606,499524000.000000
2018-04-10,5.558909,5.664783,5.501766,5.637820,761676000.000000
2018-04-11,5.622978,5.664289,5.563856,5.596509,460244000.000000
2018-04-12,5.689519,5.821120,5.645240,5.803309,593920000.000000
2018-04-13,5.866884,5.875295,5.678388,5.726625,503036000.000000
2018-04-16,5.733304,5.759773,5.632130,5.726378,350792000.000000
2018-04-17,5.778572,5.897310,5.722914,5.876036,447224000.000000
2018-04-18,5.825573,5.918337,5.758041,5.847094,391364000.000000
2018-04-19,5.732808,5.766203,5.610360,5.665771,471996000.000000
2018-04-20,5.657114,5.741467,5.626440,5.657609,386200000.000000
2018-04-23,5.675420,5.726625,5.512156,5.538129,427508000.000000
2018-04-24,5.563856,5.659836,5.406529,5.471835,414596000.000000
2018-04-25,5.442149,5.481233,5.202200,5.359527,588492000.000000
2018-04-26,5.521307,5.579440,5.455260,5.571276,375824000.000000
2018-04-27,5.677151,5.696941,5.556434,5.598734,400848000.000000
2018-04-30,5.615061,5.664783,5.544066,5.563361,327844000.000000
2018-05-01,5.555198,5.621494,5.496571,5.618773,253788000.000000
2018-05-02,5.615308,5.659834,5.572018,5.598239,268248000.000000
2018-05-03,5.630152,5.789706,5.584883,5.763485,443144000.000000
2018-05-04,5.734789,5.916854,5.717474,5.913638,400660000.000000
2018-05-07,6.018273,6.208748,6.008378,6.151606,687616000.000000
2018-05-08,6.151855,6.196876,6.102875,6.194155,506616000.000000
2018-05-09,6.214192,6.329466,6.186981,6.327240,596760000.000000
2018-05-10,6.380178,6.444000,6.362368,6.434847,994080000.000000
2018-05-11,6.253029,6.426436,6.197618,6.296319,1214456000.000000
2018-05-14,6.334416,6.394279,6.293105,6.316852,523140000.000000
2018-05-15,6.253275,6.255997,5.973994,6.074427,963528000.000000
2018-05-16,6.035838,6.147649,5.998980,6.085559,553828000.000000
2018-05-17,6.087291,6.221366,6.071212,6.127613,519784000.000000
2018-05-18,6.179560,6.242886,6.078879,6.083827,483716000.000000
2018-05-21,6.181291,6.185001,5.949010,6.041774,640624000.000000
2018-05-22,6.055134,6.080365,5.943075,6.003681,518264000.000000
2018-05-23,5.947493,6.128433,5.946750,6.127195,442956000.000000
2018-05-24,6.123481,6.173233,6.070263,6.130906,437372000.000000
2018-05-25,6.143531,6.186600,6.107888,6.170263,292112000.000000
2018-05-29,6.152193,6.221253,6.106402,6.153183,352684000.000000
2018-05-30,6.186848,6.270758,6.162095,6.262094,390996000.000000
2018-05-31,6.230163,6.316796,6.219520,6.242291,493868000.000000
2018-06-01,6.287095,6.382887,6.278432,6.376698,421968000.000000
2018-06-04,6.410856,6.577687,6.378678,6.555657,642024000.000000
2018-06-05,6.558874,6.598726,6.514072,6.561102,391712000.000000
2018-06-06,6.471004,6.566300,6.454667,6.563082,371356000.000000
2018-06-07,6.559370,6.571251,6.417044,6.507390,369448000.000000
2018-06-08,6.434619,6.534619,6.415808,6.492045,360456000.000000
2018-06-11,6.479419,6.521003,6.438083,6.450954,265372000.000000
2018-06-12,6.477438,6.511596,6.427191,6.499467,319160000.000000
2018-06-13,6.500953,6.575953,6.485854,6.495013,338208000.000000
2018-06-14,6.540063,6.663330,6.525212,6.606647,430016000.000000
2018-06-15,6.549469,6.620756,6.518528,6.565805,432260000.000000
2018-06-18,6.521747,6.579173,6.494520,6.561599,356268000.000000
2018-06-19,6.458380,6.525707,6.312342,6.439816,594932000.000000
2018-06-20,6.480906,6.545757,6.442539,6.492787,369780000.000000
2018-06-21,6.524715,6.543032,6.356400,6.364073,359516000.000000
2018-06-22,6.384865,6.398231,6.196252,6.211598,434160000.000000
2018-06-25,6.105165,6.108878,5.830167,5.918780,665816000.000000
2018-06-26,6.032146,6.080413,5.938335,5.989820,478884000.000000
2018-06-27,6.033384,6.099720,5.829177,5.834622,453892000.000000
2018-06-28,5.824720,5.973729,5.817047,5.961848,338012000.000000
2018-06-29,6.026947,6.039570,5.862591,5.863829,392300000.000000
2018-07-02,5.794275,5.999720,5.773731,5.996007,357572000.000000
2018-07-03,6.030659,6.036600,5.853927,5.862343,222732000.000000
2018-07-05,5.917541,6.013085,5.878680,6.008135,306216000.000000
2018-07-06,5.983630,6.130412,5.962343,6.121996,296352000.000000
2018-07-09,6.196253,6.205907,6.090808,6.169520,303880000.000000
2018-07-10,6.181898,6.290560,6.141551,6.268531,360016000.000000
2018-07-11,6.175710,6.210363,6.116304,6.126947,367508000.000000
2018-07-12,6.172242,6.266548,6.162341,6.218529,345508000.000000
2018-07-13,6.237095,6.237095,6.129174,6.171253,246988000.000000
2018-07-16,6.143530,6.196500,6.131154,6.143530,197036000.000000
2018-07-17,6.094274,6.294521,6.068779,6.279422,362136000.000000
2018-07-18,6.271994,6.285855,6.179173,6.230163,277640000.000000
2018-07-19,6.211352,6.271996,6.196254,6.238332,235752000.000000
2018-07-20,6.235856,6.274718,6.199223,6.210114,222352000.000000
2018-07-23,6.183630,6.185363,6.021749,6.173481,301584000.000000
2018-07-24,6.221499,6.308133,6.138579,6.156153,354620000.000000
2018-07-25,6.165559,6.246995,6.107638,6.234371,319112000.000000
2018-07-26,6.214322,6.344767,6.197490,6.307886,325124000.000000
2018-07-27,6.344520,6.351451,6.184125,6.238085,295420000.000000
2018-07-30,6.252193,6.258134,6.007888,6.042789,340340000.000000
2018-07-31,6.032392,6.135609,5.993531,6.060857,283988000.000000
2018-08-01,6.092294,6.147491,6.036848,6.100709,283556000.000000
2018-08-02,6.029421,6.207391,5.970511,6.203431,269668000.000000
2018-08-03,6.227936,6.263827,6.211105,6.240065,214288000.000000
2018-08-06,6.227441,6.291302,6.180907,6.287837,207508000.000000
2018-08-07,6.336599,6.378678,6.309867,6.360114,258132000.000000
2018-08-08,6.361351,6.441549,6.326450,6.396499,262100000.000000
2018-08-09,6.414320,6.417043,6.340311,6.347984,204280000.000000
2018-08-10,6.266054,6.339073,6.254915,6.306648,256396000.000000
2018-08-13,6.315312,6.460361,6.313579,6.339569,375208000.000000
2018-08-14,6.445015,6.485114,6.361847,6.471005,466220000.000000
2018-08-15,6.491796,6.525707,6.334123,6.412836,591136000.000000
2018-08-16,6.482636,6.485112,6.312092,6.372241,801260000.000000
2018-08-17,6.260856,6.261599,6.032887,6.059867,1143188000.000000
2018-08-20,6.019274,6.267293,5.908879,6.134620,854388000.000000
2018-08-21,6.150957,6.274719,6.131155,6.270263,673988000.000000
2018-08-22,6.237590,6.510361,6.234125,6.505410,749856000.000000
2018-08-23,6.466796,6.670260,6.452935,6.604914,720684000.000000
2018-08-24,6.613330,6.752686,6.608875,6.738082,531512000.000000
2018-08-27,6.767785,6.903428,6.736349,6.829171,505776000.000000
2018-08-28,6.823231,6.846003,6.671499,6.791548,475384000.000000
2018-08-29,6.783869,6.922062,6.763065,6.897049,420108000.000000
2018-08-30,6.865843,6.977042,6.843306,6.880208,346608000.000000
2018-08-31,6.860148,6.964165,6.850242,6.951287,306592000.000000
2018-09-04,6.938159,7.063722,6.909679,7.026079,391720000.000000
2018-09-05,7.008496,7.043911,6.814332,6.895316,393156000.000000
2018-09-06,6.878969,6.881446,6.721211,6.754149,322796000.000000
2018-09-07,6.662021,6.858415,6.617195,6.732852,295420000.000000
2018-09-10,6.755389,6.833649,6.711553,6.803930,220140000.000000
2018-09-11,6.757618,6.845289,6.736815,6.756133,243112000.000000
2018-09-12,6.716258,6.735823,6.486678,6.642208,419092000.000000
2018-09-13,6.708086,6.810616,6.690750,6.719974,305536000.000000
2018-09-14,6.810369,6.912157,6.773468,6.846032,386936000.000000
2018-09-17,6.820524,6.869560,6.764801,6.784118,205528000.000000
2018-09-18,6.788080,6.890858,6.705362,6.712048,299520000.000000
2018-09-19,6.693473,6.753654,6.643446,6.735823,224860000.000000
2018-09-20,6.613729,6.656079,6.540670,6.594660,430584000.000000
2018-09-21,6.606547,6.652117,6.491386,6.524572,435128000.000000
2018-09-24,6.493613,6.583760,6.406437,6.580293,293912000.000000
2018-09-25,6.646419,6.672423,6.560729,6.647409,280388000.000000
2018-09-26,6.652362,6.692731,6.594658,6.610508,268548000.000000
2018-09-27,6.645675,6.666974,6.590943,6.622396,214428000.000000
2018-09-28,6.754398,6.981997,6.726413,6.959707,709396000.000000
2018-10-01,7.037472,7.233122,6.998837,7.166255,622060000.000000
2018-10-02,7.138765,7.250459,7.072640,7.094929,383964000.000000
2018-10-03,7.165263,7.172693,6.997103,7.101120,320552000.000000
2018-10-04,7.064963,7.089233,6.839841,6.916863,391220000.000000
2018-10-05,6.892097,6.954259,6.625863,6.683320,426636000.000000
2018-10-08,6.600106,6.715515,6.441109,6.582027,408612000.000000
2018-10-09,6.561472,6.656077,6.508473,6.576332,273500000.000000
2018-10-10,6.470334,6.516151,6.082501,6.084730,684940000.000000
2018-10-11,5.997552,6.131041,5.801654,5.823201,725436000.000000
2018-10-12,6.080271,6.180078,5.935143,6.105780,608236000.000000
2018-10-15,6.092406,6.092406,5.828402,5.829392,449760000.000000
2018-10-16,5.942077,6.099340,5.892793,6.088195,408712000.000000
2018-10-17,6.150358,6.188498,5.970558,6.019594,329668000.000000
2018-10-18,6.088939,6.127326,5.871742,5.932170,524020000.000000
2018-10-19,5.987400,6.006965,5.639192,5.675597,613608000.000000
2018-10-22,5.727852,5.827906,5.623588,5.726366,368844000.000000
2018-10-23,5.459142,5.552262,5.367013,5.474745,626436000.000000
2018-10-24,5.436356,5.482916,4.924693,4.938562,884288000.000000
2018-10-25,4.840987,5.194644,4.796656,5.147341,951720000.000000
2018-10-26,4.911322,5.073043,4.782787,4.910827,664784000.000000
2018-10-29,5.051992,5.055459,4.359043,4.597043,758016000.000000
2018-10-30,4.620075,5.037380,4.597042,5.027473,807192000.000000
2018-10-31,5.192167,5.264979,5.052487,5.221391,745772000.000000
2018-11-01,5.257796,5.411097,5.131243,5.401686,566528000.000000
2018-11-02,5.392274,5.498024,5.206034,5.322682,452960000.000000
2018-11-05,5.309555,5.332836,5.083938,5.244669,379332000.000000
2018-11-06,5.236745,5.320949,5.189937,5.227086,299012000.000000
2018-11-07,5.293706,5.384349,5.230058,5.294697,483812000.000000
2018-11-08,5.235507,5.236250,5.048029,5.101524,511352000.000000
2018-11-09,5.012614,5.183994,4.978933,5.093598,413240000.000000
2018-11-12,5.002213,5.024255,4.672331,4.694126,617116000.000000
2018-11-13,4.791950,5.057439,4.785758,4.936087,644712000.000000
2018-11-14,5.109201,5.123565,4.775605,4.883584,526580000.000000
2018-11-15,4.877639,5.084435,4.841729,5.012366,840708000.000000
2018-11-16,4.044764,4.226545,4.002414,4.072254,1963520000.000000
2018-11-19,4.006872,4.007614,3.581889,3.583623,1697820000.000000
2018-11-20,3.320114,3.820384,3.301539,3.692097,1692032000.000000
2018-11-21,3.829300,3.846140,3.556627,3.583870,1025496000.000000
2018-11-23,3.549199,3.704728,3.536320,3.591053,411968000.000000
2018-11-26,3.712157,3.800819,3.629687,3.790417,814832000.000000
2018-11-27,3.764414,3.888491,3.728503,3.807259,738060000.000000
2018-11-28,3.924896,3.969475,3.792399,3.964274,804524000.000000
2018-11-29,3.966505,4.003691,3.870813,3.901058,549172000.000000
2018-11-30,3.910727,4.062198,3.860402,4.051538,729564000.000000
2018-12-03,4.278869,4.330433,4.148470,4.215405,890804000.000000
2018-12-04,4.170780,4.175738,3.879738,3.894860,812112000.000000
2018-12-06,3.754298,3.929072,3.738680,3.924114,692308000.000000
2018-12-07,3.928327,3.938492,3.610015,3.659349,681676000.000000
2018-12-10,3.614478,3.789500,3.610759,3.764709,629472000.000000
2018-12-11,3.856435,3.864616,3.594645,3.673728,671912000.000000
2018-12-12,3.679430,3.787517,3.590184,3.691330,654136000.000000
2018-12-13,3.738184,3.802392,3.655135,3.691082,471384000.000000
2018-12-14,3.649433,3.733225,3.607041,3.630592,471820000.000000
2018-12-17,3.600595,3.672736,3.501432,3.559443,662868000.000000
2018-12-18,3.603322,3.726780,3.576053,3.642740,564372000.000000
2018-12-19,3.609024,3.662572,3.382190,3.433754,745364000.000000
2018-12-20,3.425325,3.515315,3.289472,3.349218,749588000.000000
2018-12-21,3.375744,3.408715,3.184608,3.212125,863740000.000000
2018-12-24,3.135770,3.222289,3.086436,3.150396,463840000.000000
2018-12-26,3.196508,3.300628,3.085445,3.299637,695100000.000000
2018-12-27,3.247328,3.281787,3.103294,3.251791,637044000.000000
2018-12-28,3.272367,3.405989,3.230471,3.313272,628728000.000000
2018-12-31,3.356655,3.389131,3.278812,3.309553,465140000.000000
2019-01-02,3.238651,3.433010,3.224025,3.376983,508752000.000000
2019-01-03,3.316742,3.350705,3.165519,3.172956,705552000.000000
2019-01-04,3.246089,3.414417,3.215349,3.376240,585620000.000000
2019-01-07,3.433506,3.591919,3.382189,3.554981,709160000.000000
2019-01-08,3.636542,3.638773,3.393841,3.466478,786016000.000000
2019-01-09,3.517795,3.582003,3.467222,3.534653,617260000.000000
2019-01-10,3.515315,3.609024,3.454826,3.600347,523156000.000000
2019-01-11,3.578035,3.712401,3.550270,3.689593,874764000.000000
2019-01-14,3.637285,3.754793,3.613734,3.729506,730168000.000000
2019-01-15,3.762230,3.801648,3.697031,3.715376,617012000.000000
2019-01-16,3.742646,3.775617,3.684388,3.689842,470104000.000000
2019-01-17,3.656870,3.801152,3.629600,3.761239,493436000.000000
2019-01-18,3.811068,3.916428,3.759503,3.890398,651336000.000000
2019-01-22,3.860153,3.871805,3.657861,3.688106,661552000.000000
2019-01-23,3.743389,3.832140,3.669761,3.700997,591020000.000000
2019-01-24,3.785533,3.930558,3.780823,3.912957,708972000.000000
2019-01-25,3.853461,3.988322,3.750827,3.970225,1154572000.000000
2019-01-28,3.385164,3.511349,3.247576,3.421359,2511528000.000000
2019-01-29,3.375248,3.423590,3.247824,3.262450,1153932000.000000
2019-01-30,3.338558,3.420367,3.258980,3.405989,974228000.000000
2019-01-31,3.402766,3.599356,3.380950,3.563657,842852000.000000
2019-02-01,3.582250,3.639020,3.534652,3.587952,625048000.000000
2019-02-04,3.603818,3.735456,3.581754,3.698270,528592000.000000
2019-02-05,3.710169,3.754049,3.676454,3.717359,542424000.000000
2019-02-06,3.750578,3.857426,3.745124,3.792970,702464000.000000
2019-02-07,3.746612,3.748844,3.611751,3.654639,637120000.000000
2019-02-08,3.587456,3.683891,3.573077,3.673232,461604000.000000
2019-02-11,3.629105,3.683396,3.582250,3.630592,495180000.000000
2019-02-12,3.669017,3.763222,3.654639,3.747604,591060000.000000
2019-02-13,3.777105,3.863129,3.763470,3.789996,605372000.000000
2019-02-14,3.789004,3.859162,3.745868,3.830900,827264000.000000
2019-02-15,4.039638,4.062445,3.877755,3.900563,1516748000.000000
2019-02-19,3.889902,3.963779,3.870814,3.883209,551892000.000000
2019-02-20,3.912462,3.997742,3.901306,3.930559,540988000.000000
2019-02-21,3.943202,3.967745,3.847014,3.861641,448548000.000000
2019-02-22,3.913454,3.965266,3.899819,3.946425,401740000.000000
2019-02-25,4.029970,4.097400,3.925353,3.934030,656020000.000000
2019-02-26,3.929319,3.985346,3.861144,3.894612,488464000.000000
2019-02-27,3.880233,3.906759,3.795697,3.852715,500256000.000000
2019-02-28,3.846512,3.868847,3.805814,3.828148,324944000.000000
2019-03-01,3.878029,3.924683,3.819711,3.882496,357188000.000000
2019-03-04,3.920961,3.943792,3.834104,3.890685,409992000.000000
2019-03-05,3.875051,3.922450,3.820703,3.884233,362924000.000000
2019-03-06,3.875299,3.883737,3.770575,3.773304,403524000.000000
2019-03-07,3.749729,3.759408,3.657909,3.704067,450104000.000000
2019-03-08,3.614729,3.748985,3.593387,3.738314,422416000.000000
2019-03-11,3.761890,4.021715,3.714739,3.998885,859728000.000000
2019-03-12,4.026677,4.079536,3.950491,4.033130,579576000.000000
2019-03-13,4.070602,4.213792,4.063157,4.184509,768900000.000000
2019-03-14,4.193691,4.205603,4.100878,4.108572,519384000.000000
2019-03-15,4.151753,4.256725,4.148278,4.214042,661484000.000000
2019-03-18,4.245556,4.299408,4.165648,4.192698,486992000.000000
2019-03-19,4.287247,4.404876,4.270372,4.360455,854972000.000000
2019-03-20,4.389490,4.442845,4.293203,4.327946,719148000.000000
2019-03-21,4.351026,4.590998,4.346063,4.564693,824312000.000000
2019-03-22,4.537395,4.586034,4.390979,4.404876,747644000.000000
2019-03-25,4.364179,4.428453,4.246302,4.312562,525212000.000000
2019-03-26,4.454262,4.510346,4.332911,4.389244,703508000.000000
2019-03-27,4.414803,4.461209,4.310575,4.380060,474372000.000000
2019-03-28,4.406118,4.464436,4.345566,4.398673,480264000.000000
2019-03-29,4.465428,4.480318,4.415051,4.455998,456896000.000000
2019-04-01,4.547820,4.553776,4.476101,4.523500,483824000.000000
2019-04-02,4.547570,4.585787,4.504638,4.541366,440920000.000000
2019-04-03,4.590998,4.739896,4.586035,4.680833,783504000.000000
2019-04-04,4.665447,4.714335,4.609115,4.671900,457376000.000000
2019-04-05,4.715080,4.756027,4.678600,4.738655,481744000.000000
2019-04-08,4.708130,4.784564,4.684058,4.759500,424192000.000000
2019-04-09,4.725999,4.737166,4.654528,4.696716,439972000.000000
2019-04-10,4.695971,4.793002,4.691504,4.767193,444772000.000000
2019-04-11,4.769674,4.801191,4.703911,4.753295,374600000.000000
2019-04-12,4.792010,4.795981,4.706642,4.715328,471708000.000000
2019-04-15,4.707635,4.712598,4.543848,4.583554,440092000.000000
2019-04-16,4.622762,4.689518,4.590005,4.670657,394964000.000000
2019-04-17,4.705650,4.726495,4.625493,4.647828,351004000.000000
2019-04-18,4.654528,4.688526,4.595466,4.623260,380988000.000000
2019-04-22,4.599683,4.692744,4.568167,4.677110,279936000.000000
2019-04-23,4.690262,4.762973,4.680583,4.731705,346856000.000000
2019-04-24,4.742130,4.784814,4.681331,4.744116,318204000.000000
2019-04-25,4.703912,4.726247,4.558738,4.638398,499296000.000000
2019-04-26,4.484538,4.489005,4.300650,4.419519,868988000.000000
2019-04-29,4.427460,4.478085,4.355244,4.450291,391920000.000000
2019-04-30,4.418029,4.517294,4.398921,4.491734,362920000.000000
2019-05-01,4.544096,4.586283,4.478332,4.478581,354280000.000000
2019-05-02,4.488260,4.587773,4.445080,4.546082,394684000.000000
2019-05-03,4.554518,4.564445,4.480070,4.541614,336824000.000000
2019-05-06,4.355245,4.475356,4.318021,4.463196,422176000.000000
2019-05-07,4.414804,4.414804,4.247791,4.295934,555220000.000000
2019-05-08,4.268388,4.396191,4.256476,4.316035,419168000.000000
2019-05-09,4.247046,4.256724,4.104601,4.223470,660248000.000000
2019-05-10,4.192698,4.258213,4.069858,4.189472,569500000.000000
2019-05-13,4.057450,4.080529,3.916246,3.932128,656912000.000000
2019-05-14,3.971834,4.056457,3.933121,4.021218,524880000.000000
2019-05-15,3.965630,3.996650,3.906319,3.960170,502320000.000000
2019-05-16,3.954710,4.017991,3.912274,3.975307,781088000.000000
2019-05-17,3.933369,4.062661,3.845023,3.884481,1022068000.000000
2019-05-20,3.785713,3.840805,3.741044,3.765860,572064000.000000
2019-05-21,3.826659,3.863883,3.787946,3.848001,361848000.000000
2019-05-22,3.809288,3.835345,3.766108,3.777027,325868000.000000
2019-05-23,3.714738,3.714738,3.596117,3.655924,591844000.000000
2019-05-24,3.674784,3.710023,3.595372,3.602073,357584000.000000
2019-05-28,3.619692,3.652450,3.554922,3.556907,428356000.000000
2019-05-29,3.509259,3.544250,3.447964,3.482706,559800000.000000
2019-05-30,3.485936,3.521712,3.417862,3.456123,394300000.000000
2019-05-31,3.407179,3.474508,3.363701,3.365440,389720000.000000
2019-06-03,3.376621,3.415379,3.294386,3.323702,478644000.000000
2019-06-04,3.387800,3.557986,3.365689,3.552768,641836000.000000
2019-06-05,3.626557,3.632023,3.473763,3.510036,511616000.000000
2019-06-06,3.514259,3.596743,3.511774,3.572147,408140000.000000
2019-06-07,3.578110,3.649165,3.558980,3.614880,348856000.000000
2019-06-10,3.671028,3.756245,3.671028,3.687674,402780000.000000
2019-06-11,3.747549,3.785313,3.705811,3.745313,383872000.000000
2019-06-12,3.701835,3.708046,3.617115,3.632270,358892000.000000
2019-06-13,3.654382,3.701836,3.636743,3.683451,308080000.000000
2019-06-14,3.590284,3.614631,3.548793,3.593513,394428000.000000
2019-06-17,3.591774,3.640221,3.568917,3.603203,276040000.000000
2019-06-18,3.664569,3.853636,3.653638,3.798233,581920000.000000
2019-06-19,3.833512,3.844940,3.778108,3.804195,331644000.000000
2019-06-20,3.894878,3.908791,3.814133,3.828543,350168000.000000
2019-06-21,3.813636,3.862829,3.763947,3.770407,434428000.000000
2019-06-24,3.791773,3.822332,3.744568,3.792767,282948000.000000
2019-06-25,3.797735,3.872765,3.760717,3.763449,311868000.000000
2019-06-26,3.890902,4.017858,3.877983,3.956740,584072000.000000
2019-06-27,4.042455,4.074505,4.006431,4.055375,445440000.000000
2019-06-28,4.099349,4.108541,4.033511,4.080218,397668000.000000
2019-07-01,4.287420,4.321705,4.090900,4.128415,709756000.000000
2019-07-02,4.111769,4.132887,4.017360,4.030528,400228000.000000
2019-07-03,4.053882,4.059596,3.983572,4.043447,246636000.000000
2019-07-05,3.985063,3.989535,3.917486,3.980839,396552000.000000
2019-07-08,3.921213,3.940095,3.875747,3.905809,329788000.000000
2019-07-09,3.863573,3.936368,3.850903,3.908294,342860000.000000
2019-07-10,3.951772,4.034007,3.937859,3.976616,452076000.000000
2019-07-11,4.049659,4.171894,4.012392,4.131149,682560000.000000
2019-07-12,4.158974,4.235247,4.158974,4.164191,506392000.000000
2019-07-15,4.185311,4.201460,4.127424,4.155746,289840000.000000
2019-07-16,4.140839,4.178106,4.095374,4.151026,341444000.000000
2019-07-17,4.152764,4.223323,4.123448,4.216366,348204000.000000
2019-07-18,4.226800,4.290899,4.170154,4.228042,442192000.000000
2019-07-19,4.266304,4.272763,4.178851,4.184813,344896000.000000
2019-07-22,4.206179,4.269284,4.198725,4.256365,315940000.000000
2019-07-23,4.295620,4.366178,4.279967,4.364191,428176000.000000
2019-07-24,4.407421,4.444439,4.331396,4.438725,366236000.000000
2019-07-25,4.397233,4.409904,4.284191,4.307545,392700000.000000
2019-07-26,4.334625,4.396239,4.334625,4.349532,274160000.000000
2019-07-29,4.342328,4.359470,4.255123,4.343321,248160000.000000
2019-07-30,4.296861,4.371146,4.282451,4.358973,197772000.000000
2019-07-31,4.327421,4.328415,4.149534,4.191770,359416000.000000
2019-08-01,4.202204,4.292638,4.045186,4.097360,421212000.000000
2019-08-02,4.004690,4.074006,3.957237,4.004690,428348000.000000
2019-08-05,3.821090,3.822333,3.699352,3.746308,589156000.000000
2019-08-06,3.821089,3.866555,3.737363,3.785064,361272000.000000
2019-08-07,3.724195,3.835251,3.706804,3.823325,372560000.000000
2019-08-08,3.880965,3.933138,3.823574,3.931896,309300000.000000
2019-08-09,3.890902,3.894380,3.780095,3.830530,341816000.000000
2019-08-12,3.778356,3.830530,3.740841,3.762704,279200000.000000
2019-08-13,3.761214,3.922952,3.722208,3.876989,351956000.000000
2019-08-14,3.788791,3.799971,3.684693,3.728419,419880000.000000
2019-08-15,3.747301,3.767177,3.661836,3.696121,477200000.000000
2019-08-16,3.958976,4.013386,3.897610,3.964194,1007960000.000000
2019-08-19,4.077485,4.258850,4.061336,4.242949,815112000.000000
2019-08-20,4.237483,4.237981,4.149534,4.170652,463188000.000000
2019-08-21,4.236739,4.309285,4.215125,4.254130,427244000.000000
2019-08-22,4.263818,4.306302,4.221086,4.260340,303488000.000000
2019-08-23,4.183819,4.238229,4.015870,4.035746,568056000.000000
2019-08-26,4.114503,4.138603,4.072268,4.110528,318208000.000000
2019-08-27,4.148788,4.151521,3.990529,4.019845,290968000.000000
2019-08-28,3.993484,4.062123,3.954191,4.009400,255612000.000000
2019-08-29,4.100919,4.185474,4.097437,4.153144,357976000.000000
2019-08-30,4.199401,4.249139,4.147673,4.165827,290616000.000000
2019-09-03,4.092961,4.126037,4.059885,4.082765,296140000.000000
2019-09-04,4.143446,4.204376,4.143446,4.196915,227728000.000000
2019-09-05,4.299126,4.476194,4.297385,4.469977,695676000.000000
2019-09-06,4.446598,4.503549,4.404819,4.442868,376976000.000000
2019-09-09,4.473956,4.575422,4.472464,4.488877,417524000.000000
2019-09-10,4.456050,4.582136,4.446351,4.555527,352812000.000000
2019-09-11,4.570200,4.632373,4.541103,4.584126,361512000.000000
2019-09-12,4.630632,4.685343,4.574676,4.582634,327840000.000000
2019-09-13,4.515985,4.553040,4.480919,4.524689,324592000.000000
2019-09-16,4.449584,4.516233,4.439139,4.481665,231832000.000000
2019-09-17,4.488381,4.507281,4.441876,4.503054,223048000.000000
2019-09-18,4.496089,4.511757,4.389401,4.475945,258152000.000000
2019-09-19,4.481914,4.500317,4.389649,4.400343,245476000.000000
2019-09-20,4.399349,4.422974,4.284454,4.294650,350244000.000000
2019-09-23,4.294898,4.393628,4.291168,4.348118,249712000.000000
2019-09-24,4.379454,4.409048,4.255109,4.290671,317268000.000000
2019-09-25,4.290173,4.452071,4.245409,4.432425,308432000.000000
2019-09-26,4.422726,4.431430,4.359309,4.410291,234564000.000000
2019-09-27,4.368512,4.419245,4.210841,4.271523,362056000.000000
2019-09-30,4.297385,4.339165,4.266050,4.328969,186184000.000000
2019-10-01,4.352098,4.501313,4.322504,4.327229,366008000.000000
2019-10-02,4.305343,4.317280,4.230985,4.303354,293372000.000000
2019-10-03,4.307829,4.515238,4.277489,4.509020,450588000.000000
2019-10-04,4.511259,4.554781,4.446102,4.525435,265524000.000000
2019-10-07,4.590344,4.683851,4.581640,4.584126,480984000.000000
2019-10-08,4.492359,4.492359,4.389401,4.407555,444436000.000000
2019-10-09,4.484401,4.543590,4.455553,4.494100,292412000.000000
2019-10-10,4.491862,4.602778,4.486639,4.551796,309124000.000000
2019-10-11,4.635854,4.708720,4.616953,4.625409,446404000.000000
2019-10-14,4.616705,4.659728,4.585618,4.638838,200040000.000000
2019-10-15,4.729114,4.956169,4.715187,4.883551,664124000.000000
2019-10-16,4.849481,4.954429,4.818394,4.829834,428944000.000000
2019-10-17,4.874348,4.919362,4.777359,4.831822,263436000.000000
2019-10-18,4.832320,4.864899,4.662961,4.737320,307440000.000000
2019-10-21,4.798746,4.888026,4.779845,4.874597,261868000.000000
2019-10-22,4.931549,5.036746,4.856942,4.864652,328720000.000000
2019-10-23,4.782581,4.865892,4.750748,4.851717,279916000.000000
2019-10-24,4.893001,4.929310,4.858930,4.895737,232020000.000000
2019-10-25,4.976312,5.107621,4.968603,5.086731,423092000.000000
2019-10-28,5.130499,5.195158,5.101153,5.142685,330792000.000000
2019-10-29,5.128760,5.135226,5.027045,5.046443,211236000.000000
2019-10-30,5.073301,5.079021,4.980290,5.048431,205960000.000000
2019-10-31,5.027543,5.048433,4.919363,4.999192,209732000.000000
2019-11-01,4.963878,5.070566,4.938760,5.038237,283640000.000000
2019-11-04,5.119308,5.247384,5.096180,5.234949,376716000.000000
2019-11-05,5.234702,5.260814,5.164820,5.212817,300868000.000000
2019-11-06,5.188695,5.214310,5.076037,5.163577,269012000.000000
2019-11-07,5.250122,5.264795,5.136470,5.181235,280340000.000000
2019-11-08,5.164323,5.198891,5.126770,5.167307,189100000.000000
2019-11-11,5.166562,5.200384,5.080266,5.177256,243436000.000000
2019-11-12,5.215553,5.268773,5.180487,5.212817,283504000.000000
2019-11-13,5.181484,5.209089,5.120555,5.186955,300188000.000000
2019-11-14,5.195907,5.219533,5.135972,5.217294,518080000.000000
2019-11-15,5.215057,5.266785,4.989743,5.078029,1053628000.000000
2019-11-18,5.070567,5.305828,5.067582,5.279219,574588000.000000
2019-11-19,5.248133,5.271758,5.114337,5.172530,414564000.000000
2019-11-20,5.149651,5.335671,5.136967,5.251863,472588000.000000
2019-11-21,5.247385,5.303092,5.205356,5.226993,288388000.000000
2019-11-22,5.249622,5.296128,5.221023,5.244649,224100000.000000
2019-11-25,5.372725,5.506272,5.359793,5.501298,506476000.000000
2019-11-26,5.483642,5.488367,5.390134,5.396600,385244000.000000
2019-11-27,5.442146,5.476490,5.405063,5.431444,215784000.000000
2019-11-29,5.400583,5.428954,5.370220,5.394112,141556000.000000
2019-12-02,5.387142,5.400582,5.192523,5.207704,372036000.000000
2019-12-03,5.024036,5.172116,4.986704,5.168134,465232000.000000
2019-12-04,5.251755,5.274154,5.183315,5.211935,273424000.000000
2019-12-05,5.233836,5.249515,5.164400,5.195012,184884000.000000
2019-12-06,5.264198,5.313226,5.254243,5.280375,232236000.000000
2019-12-09,5.257478,5.335127,5.248768,5.280375,211880000.000000
2019-12-10,5.310489,5.377188,5.257728,5.325422,256388000.000000
2019-12-11,5.335874,5.414519,5.333386,5.409043,233796000.000000
2019-12-12,5.380175,5.594705,5.371215,5.576537,404348000.000000
2019-12-13,5.579523,5.698735,5.520540,5.574546,454704000.000000
2019-12-16,5.622080,5.675837,5.593957,5.603414,320976000.000000
2019-12-17,5.622082,5.704210,5.612624,5.681563,321196000.000000
2019-12-18,5.716405,5.772402,5.707943,5.711925,343548000.000000
2019-12-19,5.746519,5.873445,5.741541,5.860006,445360000.000000
2019-12-20,5.926455,5.982700,5.907292,5.957315,603044000.000000
2019-12-23,5.985936,6.018040,5.932925,5.943627,355060000.000000
2019-12-24,5.928196,5.955821,5.893851,5.938648,138864000.000000
2019-12-26,5.942133,5.980958,5.923219,5.952835,182852000.000000
2019-12-27,5.968017,5.981456,5.868716,5.895097,254644000.000000
2019-12-30,5.873196,5.878422,5.750500,5.781858,258056000.000000
2019-12-31,5.746517,5.865479,5.727354,5.856022,231004000.000000
2020-01-02,5.941885,5.970755,5.891364,5.970755,237536000.000000
2020-01-03,5.851045,5.918988,5.826158,5.875186,205384000.000000
2020-01-06,5.781857,5.905050,5.755726,5.899824,262636000.000000
2020-01-07,5.928198,6.017046,5.883152,5.971253,314856000.000000
2020-01-08,5.967022,6.023765,5.926953,5.982452,277108000.000000
2020-01-09,6.068811,6.120577,5.994397,6.048154,255112000.000000
2020-01-10,6.155420,6.185783,6.066323,6.080509,316296000.000000
2020-01-13,6.163633,6.296283,6.140985,6.271146,319840000.000000
2020-01-14,6.228341,6.253727,6.140986,6.154177,359088000.000000
2020-01-15,6.166866,6.189265,6.085733,6.111616,263104000.000000
2020-01-16,6.165125,6.201212,6.141731,6.195239,284192000.000000
2020-01-17,6.214403,6.221869,6.156415,6.203950,253792000.000000
2020-01-21,6.167365,6.204199,6.136505,6.170601,217916000.000000
2020-01-22,6.215895,6.311214,6.196981,6.224606,239240000.000000
2020-01-23,6.264677,6.301510,6.175828,6.293048,244516000.000000
2020-01-24,6.408524,6.458299,6.179559,6.233814,373512000.000000
2020-01-27,5.929194,6.028993,5.779620,5.977973,470536000.000000
2020-01-28,6.043923,6.203701,5.990664,6.171348,310976000.000000
2020-01-29,6.156913,6.192999,6.071050,6.110871,258848000.000000
2020-01-30,6.013063,6.131030,5.958062,6.117591,290504000.000000
2020-01-31,6.071797,6.083743,5.842334,5.884145,370420000.000000
2020-02-03,5.865977,6.000618,5.859755,5.981206,255564000.000000
2020-02-04,6.123066,6.169606,6.073042,6.150442,271544000.000000
2020-02-05,6.271395,6.281599,6.157410,6.240783,208220000.000000
2020-02-06,6.275129,6.327641,6.193996,6.327641,218284000.000000
2020-02-07,6.287571,6.309721,6.236053,6.261439,189752000.000000
2020-02-10,6.284088,6.545406,6.279110,6.544660,529608000.000000
2020-02-11,6.652920,6.781837,6.590950,6.667106,638556000.000000
2020-02-12,6.719868,6.789305,6.681044,6.782834,374644000.000000
2020-02-13,6.724845,6.806227,6.697468,6.739030,528016000.000000
2020-02-14,7.149175,7.341058,7.117817,7.212141,1041924000.000000
2020-02-18,7.108859,7.399296,7.089447,7.380879,620164000.000000
2020-02-19,7.503326,7.849759,7.503326,7.832089,694332000.000000
2020-02-20,7.784055,7.872406,7.375403,7.682764,810052000.000000
2020-02-21,7.570521,7.595658,7.233794,7.318660,768180000.000000
2020-02-24,6.724347,7.015033,6.669844,6.801250,856916000.000000
2020-02-25,6.876410,6.938380,6.419973,6.521763,1055496000.000000
2020-02-26,6.522012,6.855255,6.520519,6.661133,747732000.000000
2020-02-27,6.347612,6.648931,6.197949,6.290337,906416000.000000
2020-02-28,6.037827,6.784898,6.021142,6.725381,1133252000.000000
2020-03-02,6.895464,6.912647,6.499517,6.883760,890744000.000000
2020-03-03,6.939542,6.999308,6.535875,6.621290,652792000.000000
2020-03-04,6.728619,7.094435,6.653912,7.084972,597408000.000000
2020-03-05,6.885504,7.052350,6.760992,6.805567,540328000.000000
2020-03-06,6.626020,6.683545,6.424809,6.625024,515412000.000000
2020-03-09,5.974077,6.459673,5.931245,6.112036,614160000.000000
2020-03-10,6.388451,6.501508,6.125732,6.501508,580648000.000000
2020-03-11,6.361557,6.389946,6.040566,6.137685,499964000.000000
2020-03-12,5.614486,5.879945,5.373929,5.386630,816540000.000000
2020-03-13,5.739995,6.001967,5.468808,5.997485,634836000.000000
2020-03-16,5.289511,5.630424,4.831058,4.890824,726972000.000000
2020-03-17,5.003133,5.499936,4.756351,5.410536,833632000.000000
2020-03-18,4.982964,5.228003,4.499360,5.050698,874268000.000000
2020-03-19,5.029281,5.397089,4.815868,5.303456,765512000.000000
2020-03-20,5.453618,5.735512,5.108222,5.123662,804636000.000000
2020-03-23,5.122665,5.390864,4.943617,5.296484,643876000.000000
2020-03-24,5.702641,6.291831,5.678984,6.205170,1101644000.000000
2020-03-25,6.320218,6.519935,6.067708,6.116517,793432000.000000
2020-03-26,6.323707,6.529899,6.225592,6.405885,696108000.000000
2020-03-27,6.225592,6.552311,6.192721,6.293575,638828000.000000
2020-03-30,6.359066,6.623032,6.314989,6.613818,602252000.000000
2020-03-31,6.653912,6.858111,6.418584,6.564263,949960000.000000
2020-04-01,6.366289,6.512715,6.008442,6.053017,656912000.000000
2020-04-02,6.082152,6.375004,6.034091,6.361806,675764000.000000
2020-04-03,6.324203,6.365789,5.936473,6.073934,663212000.000000
2020-04-06,6.356078,6.720648,6.298553,6.683793,727884000.000000
2020-04-07,6.905426,6.929084,6.407379,6.450460,784520000.000000
2020-04-08,6.559531,6.672588,6.489555,6.647685,542444000.000000
2020-04-09,6.773444,6.796354,6.485074,6.548077,525564000.000000
2020-04-13,6.488311,6.728619,6.399908,6.719903,398408000.000000
2020-04-14,6.848151,7.105143,6.820509,7.071027,530948000.000000
2020-04-15,6.902934,7.076504,6.857612,6.993579,366148000.000000
2020-04-16,7.148971,7.445807,7.135773,7.338727,745620000.000000
2020-04-17,7.420904,7.442320,7.145484,7.279459,539120000.000000
2020-04-20,7.152955,7.308843,7.103897,7.148223,449388000.000000
2020-04-21,7.030186,7.091445,6.651670,6.711435,735160000.000000
2020-04-22,6.903681,7.168642,6.858110,7.125810,483356000.000000
2020-04-23,7.167895,7.299877,7.047367,7.072519,424160000.000000
2020-04-24,7.062310,7.213466,6.987602,7.211474,352328000.000000
2020-04-27,7.345948,7.557867,7.321294,7.397994,479388000.000000
2020-04-28,7.545416,7.575299,7.250074,7.255552,442904000.000000
2020-04-29,7.390274,7.485152,7.315068,7.432359,379160000.000000
2020-04-30,7.378322,7.432360,7.264518,7.278463,375916000.000000
2020-05-01,7.080986,7.194292,6.993579,7.041890,342096000.000000
2020-05-04,6.994575,7.267505,6.994575,7.253808,317556000.000000
2020-05-05,7.357901,7.477432,7.253808,7.314819,368896000.000000
2020-05-06,7.394259,7.520514,7.356407,7.415675,323464000.000000
2020-05-07,7.554879,7.655235,7.503580,7.591983,373732000.000000
2020-05-08,7.663701,7.788213,7.629834,7.781988,339216000.000000
2020-05-11,7.777007,8.080816,7.748369,8.033999,469060000.000000
2020-05-12,8.091774,8.140582,7.762316,7.772027,493060000.000000
2020-05-13,7.886579,8.046950,7.565089,7.749616,625852000.000000
2020-05-14,7.811124,8.004616,7.657477,7.999137,602312000.000000
2020-05-15,7.858936,8.467300,7.843248,8.457589,987660000.000000
2020-05-18,8.726288,8.881679,8.646600,8.716078,774460000.000000
2020-05-19,8.755922,9.052011,8.728529,8.771112,717320000.000000
2020-05-20,8.955886,9.007683,8.854035,8.934968,587536000.000000
2020-05-21,9.016150,9.017146,8.703376,8.740979,761068000.000000
2020-05-22,8.790782,9.057487,8.679220,8.990997,1038764000.000000
2020-05-26,9.120988,9.145891,8.638131,8.683702,770780000.000000
2020-05-27,8.591315,8.599034,7.965518,8.491955,1175892000.000000
2020-05-28,8.379395,8.726285,8.346524,8.453854,734896000.000000
2020-05-29,8.521091,8.840837,8.451862,8.840837,745256000.000000
2020-06-01,8.798754,8.806225,8.655565,8.771859,389876000.000000
2020-06-02,8.761897,8.802736,8.624186,8.790783,391320000.000000
2020-06-03,8.787796,8.831624,8.666023,8.735251,365440000.000000
2020-06-04,8.697880,8.912387,8.647554,8.736248,424280000.000000
2020-06-05,8.764150,8.965950,8.677948,8.889216,481748000.000000
2020-06-08,8.846616,8.859073,8.655777,8.774616,387736000.000000
2020-06-09,8.769632,9.078312,8.721050,9.014782,468488000.000000
2020-06-10,9.136113,9.467216,9.121912,9.334426,632180000.000000
2020-06-11,9.118422,9.229288,8.755679,8.765894,583652000.000000
2020-06-12,9.130882,9.155546,8.673216,8.901675,570908000.000000
2020-06-15,8.784829,9.150563,8.713575,9.142092,400004000.000000
2020-06-16,9.193164,9.234769,8.808246,9.037203,535716000.000000
2020-06-17,9.082298,9.266908,9.038947,9.204125,408304000.000000
2020-06-18,9.195157,9.250466,9.083046,9.186189,254408000.000000
2020-06-19,9.210605,9.412406,9.195408,9.229290,524160000.000000
2020-06-22,9.267905,9.498357,9.241247,9.493872,398468000.000000
2020-06-23,9.518041,9.609226,9.375037,9.417390,375108000.000000
2020-06-24,9.443546,9.523520,9.112941,9.203628,449372000.000000
2020-06-25,9.323464,9.472199,9.150563,9.457251,376072000.000000
2020-06-26,9.467216,9.467216,9.093510,9.123406,592084000.000000
2020-06-29,9.138105,9.172735,8.869285,9.168250,342248000.000000
2020-06-30,9.281858,9.493376,9.234523,9.464974,367892000.000000
2020-07-01,9.487897,9.542708,9.380519,9.497115,326648000.000000
2020-07-02,9.605737,9.703897,9.545197,9.579080,364056000.000000
2020-07-06,9.708132,9.874555,9.678982,9.805295,315892000.000000
2020-07-07,9.911927,10.035249,9.816756,9.837684,357800000.000000
2020-07-08,9.959264,10.189717,9.931112,10.180747,365480000.000000
2020-07-09,10.344429,10.533524,10.198185,10.472734,494548000.000000
2020-07-10,10.552209,10.618479,10.342933,10.443087,497676000.000000
2020-07-13,10.558437,10.755006,9.990404,10.017560,457076000.000000
2020-07-14,10.040232,10.366852,9.751731,10.341190,542676000.000000
2020-07-15,10.378313,10.396998,10.021050,10.191958,403984000.000000
2020-07-16,9.980438,10.171525,9.861350,10.099774,344964000.000000
2020-07-17,10.190212,10.213133,10.052938,10.166295,266284000.000000
2020-07-20,10.238795,10.494908,10.121700,10.474479,284852000.000000
2020-07-21,10.476719,10.523558,10.251250,10.292856,277036000.000000
2020-07-22,10.331723,10.565912,10.255985,10.402727,367292000.000000
2020-07-23,10.413938,10.510603,9.996633,10.094793,411660000.000000
2020-07-24,9.840922,10.328981,9.743260,10.159319,473292000.000000
2020-07-27,10.196939,10.405716,10.182489,10.385536,292132000.000000
2020-07-28,10.338450,10.346173,10.174019,10.180247,271636000.000000
2020-07-29,10.354891,10.479958,10.311292,10.429383,284508000.000000
2020-07-30,10.339199,10.586343,10.259724,10.577374,308880000.000000
2020-07-31,10.526797,10.729346,10.396996,10.578119,386080000.000000
2020-08-03,10.695463,11.060449,10.678273,10.972255,412720000.000000
2020-08-04,11.011870,11.189006,10.868366,11.189006,310336000.000000
2020-08-05,11.205197,11.332506,11.127715,11.247799,249924000.000000
2020-08-06,11.310581,11.318802,11.140171,11.296380,244316000.000000
2020-08-07,11.273459,11.465045,10.999408,11.160849,342516000.000000
2020-08-10,11.295136,11.368880,10.819034,11.126470,427796000.000000
2020-08-11,11.035534,11.098317,10.758494,10.812557,354512000.000000
2020-08-12,10.952821,11.427427,10.920433,11.400770,464412000.000000
2020-08-13,11.506155,11.681300,11.316562,11.403511,374460000.000000
2020-08-14,11.490212,11.664359,11.401021,11.524095,366436000.000000
2020-08-17,11.810351,12.366924,11.776469,12.294425,621300000.000000
2020-08-18,12.407035,12.452877,12.044541,12.218438,503448000.000000
2020-08-19,12.254066,12.272501,12.056250,12.096611,622624000.000000
2020-08-20,11.933676,12.332296,11.837758,12.099103,921388000.000000
2020-08-21,12.159641,12.764546,12.153163,12.639729,999868000.000000
2020-08-24,12.839289,12.867940,12.464337,12.676353,490564000.000000
2020-08-25,12.587161,12.717210,12.530357,12.705999,289076000.000000
2020-08-26,12.755079,12.824090,12.633999,12.728920,321244000.000000
2020-08-27,12.737391,12.805655,12.523133,12.584670,317604000.000000
2020-08-28,12.631260,13.102627,12.598871,13.102378,537160000.000000
2020-08-31,13.137257,13.528154,12.992758,13.328346,500840000.000000
2020-09-01,13.437499,13.949630,13.394137,13.777425,511316000.000000
2020-09-02,14.657391,14.680320,13.856176,14.301269,874012000.000000
2020-09-03,13.785151,13.840725,12.838146,12.974465,945128000.000000
2020-09-04,12.743443,13.133460,11.667846,12.582703,1463684000.000000
2020-09-08,11.697505,12.510434,11.667351,11.875443,795728000.000000
2020-09-09,12.360908,12.768868,12.193188,12.674915,736200000.000000
2020-09-10,12.948300,13.024060,12.128642,12.272936,698684000.000000
2020-09-11,12.446137,12.612611,11.858246,12.126149,636928000.000000
2020-09-14,13.039758,13.273019,12.591426,12.831665,1201744000.000000
2020-09-15,13.238130,13.256821,12.787307,12.950042,727556000.000000
2020-09-16,12.916398,13.051471,12.474297,12.475044,556384000.000000
2020-09-17,12.094000,12.550058,11.996807,12.424206,792512000.000000
2020-09-18,12.554045,12.592673,11.950953,12.150821,698460000.000000
2020-09-21,11.887403,12.483019,11.866967,12.477785,721044000.000000
2020-09-22,12.535355,12.608125,12.117178,12.597907,646452000.000000
2020-09-23,12.535852,12.686875,12.041167,12.085526,647012000.000000
2020-09-24,12.034189,12.529871,11.976122,12.309069,731240000.000000
2020-09-25,12.408255,12.842880,12.207141,12.833160,588016000.000000
2020-09-28,12.999137,13.010601,12.709802,12.993903,573808000.000000
2020-09-29,12.896711,13.400368,12.892475,13.184052,621460000.000000
2020-09-30,13.116017,13.579551,13.108790,13.487841,689184000.000000
2020-10-01,13.714624,13.719358,13.418310,13.571576,525004000.000000
2020-10-02,13.183304,13.476875,13.009852,13.021067,552496000.000000
2020-10-05,13.194271,13.601234,13.181062,13.599489,479820000.000000
2020-10-06,13.786397,14.097413,13.621917,13.693192,784420000.000000
2020-10-07,13.955612,14.074735,13.819791,13.919974,418084000.000000
2020-10-08,14.030626,14.040097,13.714626,13.795121,378900000.000000
2020-10-09,13.723595,13.780664,13.617680,13.719357,346892000.000000
2020-10-12,13.945395,14.301768,13.868638,14.181149,434744000.000000
2020-10-13,14.251427,14.303263,13.974553,14.203329,344604000.000000
2020-10-14,14.245447,14.297532,13.915989,14.050813,276100000.000000
2020-10-15,13.767209,13.961593,13.724344,13.925957,267224000.000000
2020-10-16,13.992496,14.076979,13.749016,13.767956,242392000.000000
2020-10-19,13.859163,13.939409,13.364478,13.455192,298068000.000000
2020-10-20,13.540673,13.756242,13.464414,13.602478,229212000.000000
2020-10-21,13.582043,13.748018,13.435008,13.482109,219596000.000000
2020-10-22,13.479866,13.568834,13.190032,13.318875,290480000.000000
2020-10-23,13.407596,13.550395,13.249347,13.547404,233484000.000000
2020-10-26,13.384670,13.649582,12.997394,13.099820,336896000.000000
2020-10-27,13.264047,13.399619,13.149908,13.354511,250520000.000000
2020-10-28,13.156389,13.218193,12.569246,12.587189,376520000.000000
2020-10-29,12.798024,13.151158,12.709803,12.982940,320080000.000000
2020-10-30,12.809489,12.895715,12.261222,12.494485,416820000.000000
2020-11-02,12.617845,12.796281,12.355924,12.541088,299652000.000000
2020-11-03,12.668432,13.063682,12.563016,12.978452,272900000.000000
2020-11-04,13.347038,13.783907,13.294953,13.750761,410228000.000000
2020-11-05,14.117850,14.293793,13.946891,14.115357,319028000.000000
2020-11-06,14.065266,14.542756,13.851193,14.516090,383348000.000000
2020-11-09,14.506621,14.645183,13.567841,13.587777,582976000.000000
2020-11-10,13.563601,13.563601,12.588436,12.729739,644068000.000000
2020-11-11,13.012594,13.392643,12.907427,13.375696,404744000.000000
2020-11-12,13.436504,13.722599,13.274018,13.414324,365812000.000000
2020-11-13,13.584285,13.625654,13.018076,13.255076,346312000.000000
2020-11-16,13.130970,13.606466,13.114523,13.472640,413776000.000000
2020-11-17,13.509774,13.553386,13.261808,13.379934,312028000.000000
2020-11-18,13.422797,13.562854,13.143431,13.386412,510924000.000000
2020-11-19,13.171095,13.444979,13.058700,13.397878,565936000.000000
2020-11-20,13.411583,13.451955,13.023809,13.046488,341088000.000000
2020-11-23,13.129725,13.340309,12.974466,13.098574,361356000.000000
2020-11-24,13.101064,13.120502,12.844376,12.916897,346500000.000000
2020-11-25,12.991414,13.227666,12.978953,13.193026,259916000.000000
2020-11-27,13.332833,13.365231,13.128978,13.219441,167276000.000000
2020-11-30,13.223179,13.370214,12.931352,13.359248,286952000.000000
2020-12-01,13.449715,13.486100,13.186546,13.347787,296948000.000000
2020-12-02,13.308410,13.630392,13.192526,13.501799,283360000.000000
2020-12-03,13.548660,13.620953,13.290900,13.357708,199520000.000000
2020-12-04,13.410061,13.521243,13.350482,13.519498,202244000.000000
2020-12-07,13.562375,13.692003,13.461414,13.567859,223244000.000000
2020-12-08,13.546169,13.559880,13.243536,13.311841,271920000.000000
2020-12-09,13.262482,13.375658,12.831468,12.893789,401300000.000000
2020-12-10,12.832219,13.031398,12.812774,12.935173,207764000.000000
2020-12-11,12.930184,12.982784,12.786347,12.976053,209264000.000000
2020-12-14,13.050592,13.350482,13.040122,13.270711,270156000.000000
2020-12-15,13.401335,13.425516,13.149059,13.322312,193016000.000000
2020-12-16,13.384134,13.398842,13.174734,13.204649,223116000.000000
2020-12-17,13.328543,13.341257,13.140832,13.303117,231384000.000000
2020-12-18,13.340762,13.366687,13.033144,13.234068,342064000.000000
2020-12-21,13.037379,13.331785,12.930435,13.294143,302332000.000000
2020-12-22,13.281180,13.299128,13.016687,13.240296,185580000.000000
2020-12-23,13.218109,13.237054,12.967827,12.972064,179144000.000000
2020-12-24,12.999984,13.094962,12.901767,12.956609,97884000.000000
2020-12-28,13.025165,13.025165,12.726770,12.863129,212564000.000000
2020-12-29,12.888056,13.035135,12.805543,12.906254,170372000.000000
2020-12-30,12.953120,13.175982,12.859888,13.108176,225396000.000000
2020-12-31,13.098953,13.113411,12.878086,13.017686,192424000.000000
2021-01-04,13.066795,13.613478,12.925450,13.076018,560640000.000000
2021-01-05,13.062307,13.405074,13.049593,13.366435,322760000.000000
2021-01-06,13.184708,13.207144,12.550028,12.578446,580424000.000000
2021-01-07,12.930435,13.339513,12.849667,13.305859,461480000.000000
2021-01-08,13.324306,13.382638,13.004721,13.238800,292528000.000000
2021-01-11,13.380394,13.921094,13.324305,13.582564,518344000.000000
2021-01-12,13.713193,13.715188,13.306858,13.446208,291476000.000000
2021-01-13,13.451442,13.586056,13.346742,13.493073,210028000.000000
2021-01-14,13.536197,13.560876,13.142825,13.162519,283120000.000000
2021-01-15,13.190191,13.287163,12.811776,12.822744,277780000.000000
2021-01-19,12.979045,13.056573,12.807287,12.988020,226188000.000000
2021-01-20,13.074274,13.392114,13.019432,13.327549,258572000.000000
2021-01-21,13.380146,13.959236,13.215119,13.827863,337780000.000000
2021-01-22,13.700729,13.802189,13.588301,13.673307,246820000.000000
2021-01-25,13.742358,13.788975,13.198667,13.614225,251112000.000000
2021-01-26,13.541683,13.605749,13.349235,13.396849,163980000.000000
2021-01-27,13.192186,13.194928,12.757183,12.880829,371272000.000000
2021-01-28,12.959103,13.301621,12.923455,13.013696,228316000.000000
2021-01-29,13.037627,13.296635,12.874594,12.952621,271552000.000000
2021-02-01,13.015942,13.232820,12.865872,13.199167,217204000.000000
2021-02-02,13.360454,13.533208,13.247527,13.518003,220440000.000000
2021-02-03,13.597024,13.891929,13.477866,13.491826,245408000.000000
2021-02-04,13.492325,13.634418,13.299628,13.625195,201340000.000000
2021-02-05,13.685769,13.697984,13.507031,13.552152,169152000.000000
2021-02-08,13.688014,14.432380,13.688014,14.397480,434624000.000000
2021-02-09,14.299761,14.541568,14.181849,14.222483,287560000.000000
2021-02-10,14.421911,14.862398,14.300509,14.722051,485352000.000000
2021-02-11,14.937428,15.228593,14.882336,15.207154,450828000.000000
2021-02-12,15.006984,15.247544,14.732769,14.918488,374756000.000000
2021-02-16,15.021190,15.328559,14.907266,15.286429,321960000.000000
2021-02-17,15.127637,15.179987,14.737754,14.863395,274756000.000000
2021-02-18,14.686901,14.830738,14.533341,14.786615,233868000.000000
2021-02-19,14.981554,15.133619,14.804313,14.883835,271724000.000000
2021-02-22,14.732517,15.089993,14.284053,14.314715,325884000.000000
2021-02-23,14.035020,14.198053,13.351230,14.101580,391780000.000000
2021-02-24,14.082385,14.465287,13.716682,14.457559,448320000.000000
2021-02-25,14.005355,14.333664,13.178476,13.269464,824436000.000000
2021-02-26,13.713193,13.814902,13.322812,13.675303,500932000.000000
2021-03-01,13.835339,13.885196,13.514509,13.802184,353184000.000000
2021-03-02,13.860271,13.880712,13.357712,13.367932,264116000.000000
2021-03-03,13.387874,13.413051,12.762167,12.768150,377592000.000000
2021-03-04,12.764161,12.937913,12.049210,12.334891,573344000.000000
2021-03-05,12.514128,12.514128,11.645867,12.425881,542840000.000000
2021-03-08,12.414415,12.435604,11.533440,11.560114,543112000.000000
2021-03-09,12.099751,12.585027,12.028929,12.488770,521824000.000000
2021-03-10,12.808219,12.947368,12.426182,12.436905,384376000.000000
2021-03-11,12.917442,13.013451,12.702484,12.960833,299916000.000000
2021-03-12,12.616451,12.856347,12.558348,12.823679,243964000.000000
2021-03-15,12.832405,13.173545,12.735150,13.158084,221988000.000000
2021-03-16,13.322922,13.478530,13.083775,13.257836,272128000.000000
2021-03-17,13.006966,13.419427,12.956843,13.307709,243864000.000000
2021-03-18,13.103473,13.150853,12.685028,12.690514,293896000.000000
2021-03-19,12.717945,12.889014,12.580790,12.813454,299208000.000000
2021-03-22,12.880289,13.360827,12.874304,13.153101,297804000.000000
2021-03-23,13.220926,13.310949,12.988512,13.037888,222048000.000000
2021-03-24,13.118188,13.126168,12.604982,12.611216,245840000.000000
2021-03-25,12.468076,12.682785,12.241148,12.503736,295144000.000000
2021-03-26,12.522939,12.823931,12.342395,12.806973,363968000.000000
2021-03-29,12.788018,13.029659,12.668070,12.915696,273520000.000000
2021-03-30,12.809714,12.942629,12.673058,12.839389,200204000.000000
2021-03-31,12.982778,13.436634,12.949861,13.314692,314776000.000000
2021-04-01,13.538129,13.835130,13.477282,13.777027,308276000.000000
2021-04-05,13.832636,13.978768,13.698474,13.952334,255672000.000000
2021-04-06,13.964555,14.018918,13.738874,13.826653,191744000.000000
2021-04-07,13.845851,14.207689,13.677027,14.107941,251284000.000000
2021-04-08,14.216918,14.435118,14.213177,14.281007,244416000.000000
2021-04-09,14.178265,14.371777,14.139363,14.363797,195172000.000000
2021-04-12,14.253824,15.313902,14.103702,15.170762,869324000.000000
2021-04-13,15.193204,15.660526,15.087720,15.640078,676212000.000000
2021-04-14,15.585718,15.680978,15.189217,15.238593,385500000.000000
2021-04-15,15.623125,16.173488,15.592202,16.096682,598480000.000000
2021-04-16,16.012644,16.125112,15.825367,15.872499,335208000.000000
2021-04-19,15.497441,15.767759,15.194703,15.323130,404420000.000000
2021-04-20,15.284727,15.458041,14.925384,15.133110,334132000.000000
2021-04-21,15.080740,15.323878,15.064282,15.321883,216776000.000000
2021-04-22,15.336345,15.399686,14.746332,14.812915,277788000.000000
2021-04-23,14.896704,15.296447,14.862790,15.226872,227500000.000000
2021-04-26,15.146823,15.440084,15.086974,15.439086,197796000.000000
2021-04-27,15.539335,15.631103,15.315898,15.343080,164572000.000000
2021-04-28,15.325873,15.493202,15.177247,15.238343,209416000.000000
2021-04-29,15.361281,15.397689,15.033607,15.286221,173196000.000000
2021-04-30,15.136350,15.326370,14.959295,14.971764,201912000.000000
2021-05-03,15.086973,15.208417,14.750322,14.799448,203912000.000000
2021-05-04,14.600450,14.600699,13.975026,14.315168,405324000.000000
2021-05-05,14.672018,14.776256,14.351326,14.422148,292024000.000000
2021-05-06,14.458808,14.534617,14.182256,14.486488,193380000.000000
2021-05-07,14.771022,14.933113,14.634865,14.775012,229328000.000000
2021-05-10,14.750074,14.768777,14.214175,14.229885,268904000.000000
2021-05-11,13.790245,14.318663,13.715433,14.270285,285584000.000000
2021-05-12,13.974277,14.224397,13.674783,13.723908,303408000.000000
2021-05-13,13.998466,14.045349,13.425161,13.630893,285404000.000000
2021-05-14,13.855079,14.291978,13.713935,14.207191,258616000.000000
2021-05-17,14.121409,14.133628,13.818673,14.129888,216980000.000000
2021-05-18,14.231130,14.368035,13.968791,13.980512,186256000.000000
2021-05-19,13.532394,14.044104,13.509202,14.030389,344000000.000000
2021-05-20,14.266542,14.646834,14.234623,14.575763,321592000.000000
2021-05-21,15.125627,15.183731,14.832117,14.954060,672992000.000000
2021-05-24,15.174253,15.705414,15.137844,15.572749,554816000.000000
2021-05-25,15.726364,15.778732,15.443577,15.608412,435408000.000000
2021-05-26,15.694691,15.754042,15.547064,15.660527,370440000.000000
2021-05-27,15.660278,15.710402,15.421131,15.449060,581476000.000000
2021-05-28,15.462029,16.236577,15.462029,16.203659,644536000.000000
2021-06-01,16.229093,16.347046,15.863264,16.223606,472804000.000000
2021-06-02,16.211386,16.876211,16.194678,16.736063,594168000.000000
2021-06-03,16.658763,17.215610,16.541309,16.927086,580008000.000000
2021-06-04,17.069475,17.616596,17.052519,17.534056,617120000.000000
2021-06-07,17.527077,17.767719,17.149528,17.574705,575756000.000000
2021-06-08,17.483188,17.577200,17.207631,17.413115,323848000.000000
2021-06-09,17.475718,17.534833,17.216312,17.318577,381656000.000000
2021-06-10,17.310346,17.452022,17.136744,17.385174,287772000.000000
2021-06-11,17.439551,17.898251,17.403883,17.784512,416308000.000000
2021-06-14,17.865078,17.998272,17.622384,17.977570,321376000.000000
2021-06-15,17.874059,17.975077,17.687486,17.747847,243032000.000000
2021-06-16,17.750088,17.913713,17.544309,17.769543,307124000.000000
2021-06-17,17.733877,18.791952,17.715669,18.614609,809656000.000000
2021-06-18,18.741072,19.330721,18.541528,18.596153,968856000.000000
2021-06-21,18.393117,18.494137,17.782017,18.385136,672384000.000000
2021-06-22,18.429284,18.920410,18.343979,18.843584,580144000.000000
2021-06-23,18.964308,19.108977,18.864537,19.013695,332356000.000000
2021-06-24,19.183806,19.375616,19.044623,19.161606,320924000.000000
2021-06-25,19.236433,19.301285,18.851316,18.987503,278364000.000000
2021-06-28,19.317002,20.032863,19.274849,19.939327,495436000.000000
2021-06-29,19.837057,20.052812,19.612072,19.980978,367632000.000000
2021-06-30,19.953546,20.116423,19.818356,19.956789,326568000.000000
2021-07-01,20.079003,20.409246,19.973244,20.165804,480136000.000000
2021-07-02,20.393534,20.458386,20.241382,20.440176,342764000.000000
2021-07-06,20.690104,20.794365,20.303740,20.651194,446708000.000000
2021-07-07,20.805841,20.827291,20.285533,20.325191,418428000.000000
2021-07-08,19.811120,20.086987,19.655726,19.857264,503300000.000000
2021-07-09,19.916878,20.034359,19.709104,20.004427,296624000.000000
2021-07-12,20.193742,20.485822,20.141611,20.465620,321984000.000000
2021-07-13,20.353875,20.414488,20.068031,20.203720,290708000.000000
2021-07-14,20.311225,20.371087,19.707608,19.796154,380100000.000000
2021-07-15,19.766468,19.801637,18.815396,18.922899,550564000.000000
2021-07-16,18.987003,19.113213,18.031691,18.119490,688224000.000000
2021-07-19,17.874309,18.998483,17.824672,18.736834,749060000.000000
2021-07-20,18.687192,18.794945,18.122486,18.569462,434687000.000000
2021-07-21,18.838847,19.482374,18.699168,19.365641,371017000.000000
2021-07-22,19.597108,19.841547,19.231943,19.549217,323826000.000000
2021-07-23,19.611079,19.654979,19.206007,19.513304,195672000.000000
2021-07-26,19.266866,19.397565,18.870772,19.249905,203943000.000000
2021-07-27,19.220970,19.577154,18.698167,19.164101,248863000.000000
2021-07-28,19.274846,19.601098,18.951587,19.458426,202191000.000000
2021-07-29,19.474387,19.807625,19.283823,19.617062,190781000.000000
2021-07-30,19.373619,19.585135,19.218975,19.454435,183497000.000000
2021-08-02,19.654972,19.915375,19.316746,19.704857,217444000.000000
2021-08-03,19.694883,20.175782,19.176071,19.769712,301811000.000000
2021-08-04,19.944314,20.271565,19.782683,20.227665,231309000.000000
2021-08-05,20.453146,20.685614,20.295506,20.589832,211435000.000000
2021-08-06,20.477090,20.522985,20.163807,20.319450,178497000.000000
2021-08-09,20.399271,20.461130,20.096964,20.248617,146443000.000000
2021-08-10,20.275552,20.383305,19.789663,19.890434,179238000.000000
2021-08-11,19.997192,20.003179,19.385594,19.653978,185925000.000000
2021-08-12,19.824589,19.983224,19.575160,19.859509,151652000.000000
2021-08-13,19.859511,20.167804,19.805633,20.141863,183063000.000000
2021-08-16,20.088986,20.240639,19.408544,19.904409,210876000.000000
2021-08-17,19.640001,19.724808,19.222957,19.413521,204585000.000000
2021-08-18,19.455431,19.589125,18.956573,18.996483,285913000.000000
2021-08-19,19.449446,20.448160,18.719119,19.752752,766555000.000000
2021-08-20,19.945308,20.817311,19.887442,20.768423,675741000.000000
2021-08-23,20.923070,21.946724,20.902118,21.907814,575807000.000000
2021-08-24,21.703285,21.908814,21.485783,21.743193,297299000.000000
2021-08-25,21.687325,22.418650,21.672360,22.162237,347701000.000000
2021-08-26,22.149265,22.288944,21.740202,22.017567,237940000.000000
2021-08-27,22.133294,22.670065,22.116333,22.584261,304722000.000000
2021-08-30,22.777820,22.990333,22.499459,22.636145,262580000.000000
2021-08-31,22.647124,22.647124,22.073338,22.337778,259850000.000000
2021-09-01,22.437573,22.649126,22.309843,22.393665,201767000.000000
2021-09-02,22.470501,22.545344,22.247972,22.348759,187834000.000000
2021-09-03,22.277902,22.937507,22.153166,22.794809,280532000.000000
2021-09-07,22.784830,22.850691,22.474485,22.614191,198107000.000000
2021-09-08,22.465510,22.562306,21.930640,22.291878,254434000.000000
2021-09-09,22.264932,22.490455,22.084314,22.130217,196856000.000000
2021-09-10,22.300855,22.578269,22.223021,22.430582,248376000.000000
2021-09-13,22.636148,22.915558,21.811890,22.105270,297500000.000000
2021-09-14,22.228009,22.362725,22.039409,22.195080,199755000.000000
2021-09-15,22.261941,22.319819,21.919664,22.293873,166538000.000000
2021-09-16,22.136204,22.230006,21.880744,22.195080,156033000.000000
2021-09-17,22.252958,22.273913,21.783950,21.853802,294503000.000000
2021-09-20,21.101392,21.387787,20.618414,21.068462,349440000.000000
2021-09-21,21.371822,21.379805,20.905808,21.201183,204688000.000000
2021-09-22,21.320927,21.913673,21.151285,21.894714,268726000.000000
2021-09-23,22.093295,22.487462,21.843822,22.434574,248555000.000000
2021-09-24,22.023444,22.102277,21.814885,22.034420,217655000.000000
2021-09-27,21.664201,21.753014,21.280015,21.614307,245215000.000000
2021-09-28,21.169249,21.373817,20.607435,20.655334,343069000.000000
2021-09-29,20.895825,20.972662,20.423821,20.473717,218394000.000000
2021-09-30,20.724189,21.021560,20.644358,20.672298,221009000.000000
2021-10-01,20.706227,20.814996,20.160380,20.698244,240978000.000000
2021-10-04,20.460747,20.498667,19.513750,19.690376,345635000.000000
2021-10-05,19.907915,20.604443,19.812117,20.407858,279282000.000000
2021-10-06,20.077559,20.676292,20.037643,20.656336,297202000.000000
2021-10-07,21.047507,21.277023,20.927761,21.030544,256919000.000000
2021-10-08,21.056489,21.161267,20.731176,20.787058,151258000.000000
2021-10-11,20.531602,21.018572,20.467736,20.651348,163388000.000000
2021-10-12,20.784056,21.012573,20.484690,20.627388,162134000.000000
2021-10-13,20.873871,20.945720,20.669304,20.894827,180652000.000000
2021-10-14,21.243094,21.709108,21.077444,21.700129,243589000.000000
2021-10-15,21.763989,21.884735,21.616303,21.815880,226994000.000000
2021-10-18,21.703114,22.243970,21.598334,22.175116,189494000.000000
2021-10-19,22.229005,22.331788,21.990511,22.242977,161473000.000000
2021-10-20,22.257949,22.385679,21.935630,22.056376,146276000.000000
2021-10-21,22.050388,22.663094,22.036418,22.644133,187590000.000000
2021-10-22,22.774854,23.081206,22.513408,22.678059,249384000.000000
2021-10-25,22.924535,23.305729,22.721964,23.117128,230235000.000000
2021-10-26,23.938395,25.205716,23.873531,24.664858,485898000.000000
2021-10-27,24.422370,25.037070,24.230774,24.399418,245990000.000000
2021-10-28,24.825517,24.897366,24.471266,24.888384,234204000.000000
2021-10-29,24.948261,25.654768,24.947264,25.513067,292503000.000000
2021-11-01,25.594892,25.839374,25.173782,25.772516,265740000.000000
2021-11-02,25.767529,26.621722,25.745574,26.345306,294112000.000000
2021-11-03,26.613738,26.727498,26.179656,26.541889,239910000.000000
2021-11-04,27.171554,31.298828,27.060788,29.738129,1153631000.000000
2021-11-05,30.123321,31.333762,29.347960,29.689240,851260000.000000
2021-11-08,30.085397,31.034391,29.843907,30.739016,503101000.000000
2021-11-09,32.213903,32.241844,29.900792,30.592329,646746000.000000
2021-11-10,29.294073,30.784921,28.717291,29.396854,636206000.000000
2021-11-11,30.403722,30.525465,29.714180,30.325886,332172000.000000
2021-11-12,29.946688,30.615275,29.567489,30.325886,413054000.000000
2021-11-15,30.487557,30.579362,29.185309,29.961668,384909000.000000
2021-11-16,29.696222,30.325890,29.643333,30.139284,264484000.000000
2021-11-17,30.353831,30.444641,28.739244,29.199272,428508000.000000
2021-11-18,32.298723,32.690891,31.254928,31.608181,781711000.000000
2021-11-19,32.174981,33.018200,31.837695,32.915417,533867000.000000
2021-11-22,33.446292,34.573909,31.832704,31.888586,754335000.000000
2021-11-23,31.468480,32.291740,30.814861,31.679035,532163000.000000
2021-11-24,31.394639,32.785698,30.862762,32.605080,435162000.000000
2021-11-26,32.531223,32.640991,31.283862,31.436539,283069000.000000
2021-11-29,32.297728,33.341519,31.968422,33.305595,454964000.000000
2021-11-30,33.099023,33.282637,31.796778,32.607063,622066000.000000
2021-12-01,33.152985,33.222846,31.317637,31.372528,484368000.000000
2021-12-02,31.151967,32.413454,30.963341,32.062153,472890000.000000
2021-12-03,31.936404,32.065149,30.070119,30.632002,544325000.000000
2021-12-06,29.820617,30.180900,27.982279,29.977306,658938000.000000
2021-12-07,30.895477,32.384512,30.590083,32.362553,593053000.000000
2021-12-08,31.935409,32.225831,31.358557,31.762753,475551000.000000
2021-12-09,31.670934,32.141001,30.367530,30.429407,488507000.000000
2021-12-10,31.088093,31.242786,29.801655,30.137985,488825000.000000
2021-12-13,30.188884,30.233794,28.060121,28.105032,598344000.000000
2021-12-14,27.643953,28.621007,27.195846,28.280685,667035000.000000
2021-12-15,28.343560,30.439387,27.782676,30.398468,698297000.000000
2021-12-16,31.090088,31.098071,28.037167,28.330582,707366000.000000
2021-12-17,27.929383,28.864521,27.704830,27.745749,713758000.000000
2021-12-20,27.250733,28.088064,27.091051,27.663910,461847000.000000
2021-12-21,28.317611,29.062128,27.346543,29.017218,524385000.000000
2021-12-22,28.833583,29.496263,28.392460,29.341570,395184000.000000
2021-12-23,29.695864,29.999261,29.372509,29.581093,343022000.000000
2021-12-27,29.601051,31.025215,29.581091,30.883497,403686000.000000
2021-12-28,31.249768,31.267732,29.952351,30.261736,420591000.000000
2021-12-29,30.212840,30.487293,29.307641,29.941380,343139000.000000
2021-12-30,29.767721,30.396470,29.481293,29.527201,308864000.000000
2021-12-31,29.615028,29.970322,29.272710,29.352551,266530000.000000
2022-01-03,29.755745,30.649964,29.725804,30.061136,391547000.000000
2022-01-04,30.216832,30.407453,28.292664,29.231794,527154000.000000
2022-01-05,28.891467,29.357540,27.478283,27.549141,498064000.000000
2022-01-06,27.585067,28.381481,27.011211,28.121998,454186000.000000
2022-01-07,28.085076,28.365518,27.003229,27.192852,409939000.000000
2022-01-10,26.528170,27.414406,25.593032,27.345543,594681000.000000
2022-01-11,27.268697,28.009223,26.785660,27.761715,404089000.000000
2022-01-12,28.011219,28.538170,27.553132,27.943356,383413000.000000
2022-01-13,28.322602,28.423401,26.445340,26.522188,540171000.000000
2022-01-14,26.247732,27.142951,26.157911,26.888456,395832000.000000
2022-01-18,26.207815,26.585064,25.718789,25.851524,424270000.000000
2022-01-19,26.027171,26.490248,25.002212,25.017181,488315000.000000
2022-01-20,25.253713,25.528166,24.030148,24.102005,435181000.000000
2022-01-21,23.460282,24.773667,23.216768,23.327547,718958000.000000
2022-01-24,22.285621,23.333534,20.846488,23.325550,913982000.000000
2022-01-25,22.501191,22.897404,21.956277,22.279633,664616000.000000
2022-01-26,23.193812,24.009188,22.255680,22.726742,755959000.000000
2022-01-27,23.521162,23.947313,21.631922,21.900389,573353000.000000
2022-01-28,21.968252,22.812571,21.253675,22.794607,543774000.000000
2022-01-31,23.135930,24.460295,23.006190,24.437340,564680000.000000
2022-02-01,25.054110,25.095029,23.842522,24.589037,518925000.000000
2022-02-02,25.742735,25.765688,24.504200,25.191832,543419000.000000
2022-02-03,24.409394,25.027164,23.732742,23.900408,410178000.000000
2022-02-04,23.924358,24.586040,23.585033,24.270668,354829000.000000
2022-02-07,24.323563,25.131952,24.153900,24.678856,376868000.000000
2022-02-08,24.310586,25.179855,23.932339,25.058098,410359000.000000
2022-02-09,25.571078,26.671887,25.302614,26.651926,524282000.000000
2022-02-10,25.943340,26.871490,25.549125,25.772678,513200000.000000
2022-02-11,25.864495,26.100026,23.725755,23.901403,605472000.000000
2022-02-14,23.886436,24.825566,23.707791,24.218775,440424000.000000
2022-02-15,24.899416,26.492245,24.734745,26.442345,699869000.000000
2022-02-16,26.206817,26.529175,25.501221,26.458315,732676000.000000
2022-02-17,25.579065,25.733758,24.116978,24.458298,810595000.000000
2022-02-18,24.618979,24.936347,23.054096,23.595018,761255000.000000
2022-02-22,22.989221,24.016176,22.954291,23.343515,633422000.000000
2022-02-23,23.754697,24.106996,22.256681,22.342508,566511000.000000
2022-02-24,20.973234,23.752699,20.848482,23.700802,735801000.000000
2022-02-25,23.673863,24.168876,23.334538,24.108995,528866000.000000
2022-02-28,23.944320,24.615983,23.659886,24.336538,477319000.000000
2022-03-01,24.242725,24.328555,23.086028,23.430342,412056000.000000
2022-03-02,23.712828,24.364641,23.372448,24.175983,389642000.000000
2022-03-03,24.217909,24.281793,23.426350,23.670906,365095000.000000
2022-03-04,23.341505,23.636967,22.441144,22.894320,431415000.000000
2022-03-07,22.775532,22.991141,21.291235,21.313194,450821000.000000
2022-03-08,21.270270,22.332335,20.612467,21.474897,557467000.000000
2022-03-09,22.346318,23.177804,22.206573,22.972179,492742000.000000
2022-03-10,22.490055,22.746588,21.842234,22.616825,428066000.000000
2022-03-11,22.980159,23.102936,22.005933,22.059835,367209000.000000
2022-03-14,21.829255,22.221540,21.120546,21.291235,385354000.000000
2022-03-15,21.478892,22.996130,21.283249,22.931248,491996000.000000
2022-03-16,23.457291,24.552297,23.129888,24.451481,671422000.000000
2022-03-17,24.076169,24.796855,23.862557,24.720995,471941000.000000
2022-03-18,24.753933,26.520717,24.579252,26.404926,730719000.000000
2022-03-21,26.458827,27.102655,25.919807,26.685413,591727000.000000
2022-03-22,26.678428,27.188501,26.024619,26.475798,547007000.000000
2022-03-23,26.078524,26.563641,25.528527,25.587420,502120000.000000
2022-03-24,26.118445,28.268530,25.859915,28.098839,877379000.000000
2022-03-25,27.835324,28.306466,27.221441,27.641676,579016000.000000
2022-03-28,27.705559,28.198661,27.156557,28.167717,425494000.000000
2022-03-29,28.642851,28.893394,27.929150,28.603922,488984000.000000
2022-03-30,28.252565,28.444216,27.453020,27.639681,463487000.000000
2022-03-31,27.731511,28.196664,27.220442,27.236412,523440000.000000
2022-04-01,27.325253,27.446034,26.219267,26.663458,517235000.000000
2022-04-04,26.679427,27.507918,26.564636,27.310278,397120000.000000
2022-04-05,27.204471,27.269353,25.773077,25.883875,436615000.000000
2022-04-06,24.888687,25.254021,23.959379,24.362644,703833000.000000
2022-04-07,24.396582,24.677071,23.435332,24.164005,557992000.000000
2022-04-08,23.873533,23.879522,23.020087,23.076982,524781000.000000
2022-04-11,22.173630,22.279436,21.620636,21.877169,575207000.000000
2022-04-12,22.496046,22.683704,21.243325,21.464922,662258000.000000
2022-04-13,21.688518,22.459114,21.416013,22.162653,516943000.000000
2022-04-14,22.464098,22.735604,21.124538,21.219364,569097000.000000
2022-04-18,21.161473,22.047858,21.040693,21.743414,525701000.000000
2022-04-19,21.680528,22.332341,21.275265,22.157660,512781000.000000
2022-04-20,22.476080,22.628801,21.161474,21.442961,468974000.000000
2022-04-21,21.669546,22.351305,19.963652,20.146320,656209000.000000
2022-04-22,20.266104,20.448772,19.464564,19.479536,624713000.000000
2022-04-25,19.167105,19.908754,19.061298,19.865833,641566000.000000
2022-04-26,19.682163,19.752035,18.636067,18.753853,653143000.000000
2022-04-27,18.564199,19.132165,18.256760,18.381533,499460000.000000
2022-04-28,18.932530,20.000588,18.456398,19.746050,570327000.000000
2022-04-29,19.366738,20.091418,18.483346,18.513292,500435000.000000
2022-05-02,18.507307,19.538429,18.357580,19.497505,572049000.000000
2022-05-03,19.364739,19.788968,19.098224,19.566372,475751000.000000
2022-05-04,19.886794,20.362927,18.716923,20.297047,648855000.000000
2022-05-05,19.830899,19.888792,18.466382,18.809757,626331000.000000
2022-05-06,18.701950,19.476539,17.957305,18.641060,633297000.000000
2022-05-09,18.001227,18.221824,16.796420,16.919197,644455000.000000
2022-05-10,17.656855,18.164931,16.994063,17.563026,761474000.000000
2022-05-11,17.315473,17.720735,16.537890,16.599775,670167000.000000
2022-05-12,16.189524,16.757490,15.538709,16.145603,708728000.000000
2022-05-13,16.757493,17.895421,16.562848,17.673824,670437000.000000
2022-05-16,17.477185,17.755678,17.074918,17.232630,521446000.000000
2022-05-17,18.041155,18.337616,17.601956,18.143969,585830000.000000
2022-05-18,17.672825,18.085075,16.833354,16.907219,545161000.000000
2022-05-19,16.906222,17.654859,16.703590,17.092882,621310000.000000
2022-05-20,17.300501,17.378358,15.726366,16.663660,739105000.000000
2022-05-23,16.244424,16.884260,16.149597,16.867290,639889000.000000
2022-05-24,16.479999,16.566841,15.751325,16.124645,588550000.000000
2022-05-25,15.990885,17.079902,15.970921,16.944149,781132000.000000
2022-05-26,16.006856,18.059119,15.992881,17.818558,996575000.000000
2022-05-27,18.152951,18.846688,18.067107,18.776815,738379000.000000
2022-05-31,18.945506,19.165108,18.316652,18.638067,664100000.000000
2022-06-01,18.689974,19.018375,18.089067,18.286707,544514000.000000
2022-06-02,18.258758,19.583346,18.164929,19.556395,648656000.000000
2022-06-03,19.047321,19.296867,18.488338,18.685978,598779000.000000
2022-06-06,19.104215,19.301855,18.530259,18.751856,422406000.000000
2022-06-07,18.438432,18.965472,18.154948,18.891607,388914000.000000
2022-06-08,18.768802,19.149191,18.505226,18.618046,363252000.000000
2022-06-09,18.451316,18.902589,18.012022,18.019011,395574000.000000
2022-06-10,17.571725,17.668570,16.841899,16.946732,465248000.000000
2022-06-13,15.974298,16.285797,15.580931,15.621865,604153000.000000
2022-06-14,15.705729,16.040191,15.387242,15.810561,469680000.000000
2022-06-15,16.069141,16.840900,15.900413,16.500448,563936000.000000
2022-06-16,15.834521,15.916390,15.376259,15.575937,545749000.000000
2022-06-17,15.622864,15.969307,15.303379,15.854492,630334000.000000
2022-06-21,16.448539,16.980682,16.380647,16.539392,483089000.000000
2022-06-22,16.199938,16.635238,16.154012,16.333723,437135000.000000
2022-06-23,16.492465,16.558359,15.827535,16.198938,463680000.000000
2022-06-24,16.473498,17.112469,16.283802,17.098492,472153000.000000
2022-06-27,17.284197,17.302168,16.599298,16.841908,427968000.000000
2022-06-28,16.872855,17.174370,15.919389,15.956330,461149000.000000
2022-06-29,15.788598,15.794588,15.145632,15.517035,482352000.000000
2022-06-30,15.336326,15.541996,14.838128,15.134651,686070000.000000
2022-07-01,14.875067,15.038804,14.368882,14.499671,577610000.000000
2022-07-05,14.152230,14.946951,14.032423,14.939962,651397000.000000
2022-07-06,14.985890,15.294394,14.765245,15.105698,529066000.000000
2022-07-07,15.431173,15.919387,15.364281,15.832527,492903000.000000
2022-07-08,15.405215,16.011240,15.364280,15.812559,467972000.000000
2022-07-11,15.501062,15.502060,15.013845,15.127663,437321000.000000
2022-07-12,15.243474,15.406212,14.853102,15.057773,458483000.000000
2022-07-13,14.566565,15.350304,14.441766,15.139643,521918000.000000
2022-07-14,15.083732,15.448146,14.704343,15.347308,456235000.000000
2022-07-15,15.633849,15.756650,15.420192,15.736683,385935000.000000
2022-07-18,16.275819,16.869863,15.976302,16.075142,670517000.000000
2022-07-19,16.459519,17.082517,16.146024,16.964706,702366000.000000
2022-07-20,16.919781,17.904197,16.774016,17.778399,760538000.000000
2022-07-21,17.856275,18.114858,17.516821,18.021009,557049000.000000
2022-07-22,17.864261,17.938142,17.109475,17.291183,536671000.000000
2022-07-25,16.991663,17.096496,16.622259,16.996656,480748000.000000
2022-07-26,16.861872,16.891825,16.451533,16.506445,397865000.000000
2022-07-27,17.004641,17.907190,16.885833,17.761425,569776000.000000
2022-07-28,17.946128,18.110862,17.411988,17.955112,474646000.000000
2022-07-29,17.784387,18.214695,17.663581,18.133825,435460000.000000
2022-08-01,18.152794,18.815729,17.961103,18.411379,476469000.000000
2022-08-02,18.092890,18.907579,18.062938,18.496241,489527000.000000
2022-08-03,18.154789,18.937530,18.107864,18.862650,418146000.000000
2022-08-04,18.818722,19.243039,18.729865,19.184134,409652000.000000
2022-08-05,18.779787,19.198114,18.636019,18.958500,386068000.000000
2022-08-08,17.473887,18.209702,17.214304,17.764418,981859000.000000
2022-08-09,17.224285,17.418972,16.697134,17.058552,668263000.000000
2022-08-10,17.669569,18.088894,17.289181,18.067928,597422000.000000
2022-08-11,18.101879,18.676954,17.847287,17.913181,509327000.000000
2022-08-12,18.130830,18.687934,17.924161,18.678947,478094000.000000
2022-08-15,18.670961,19.133217,18.583103,19.001429,457666000.000000
2022-08-16,18.889611,19.111255,18.471284,18.848677,451240000.000000
2022-08-17,18.493244,18.657977,18.115851,18.305544,446799000.000000
2022-08-18,18.271604,18.834697,18.153793,18.742846,415447000.000000
2022-08-19,18.376436,18.490253,17.741458,17.820332,441588000.000000
2022-08-22,17.461908,17.529800,16.938750,17.006641,409593000.000000
2022-08-23,16.961709,17.436945,16.942739,17.153400,369986000.000000
2022-08-24,16.984674,17.378042,16.867863,17.194338,522661000.000000
2022-08-25,16.816941,17.918170,16.805959,17.884224,770691000.000000
2022-08-26,17.828320,17.895212,16.210921,16.233885,769127000.000000
2022-08-29,15.994268,16.311756,15.741674,15.775619,496132000.000000
2022-08-30,15.934365,16.013237,15.157614,15.443155,530181000.000000
2022-08-31,15.359286,15.515035,14.934968,15.069752,573710000.000000
2022-09-01,14.186176,14.356902,13.248685,13.914614,1178865000.000000
2022-09-02,14.077351,14.148236,13.569167,13.625078,743157000.000000
2022-09-06,13.708943,13.756867,13.329554,13.443371,535751000.000000
2022-09-07,13.545236,13.819876,13.328520,13.696038,512657000.000000
2022-09-08,13.441372,13.989654,13.351491,13.971677,624873000.000000
2022-09-09,14.138459,14.455044,14.107500,14.368158,486612000.000000
2022-09-12,14.350183,14.527950,14.179407,14.486005,484159000.000000
2022-09-13,13.783924,13.903766,13.081844,13.113802,714956000.000000
2022-09-14,13.236642,13.272595,12.896089,13.110807,588507000.000000
2022-09-15,12.997957,13.215671,12.773251,12.912069,523625000.000000
2022-09-16,12.725312,13.194696,12.600475,13.180715,670751000.000000
2022-09-19,12.994957,13.445367,12.992960,13.364472,569685000.000000
2022-09-20,13.197693,13.465342,13.039900,13.158744,524818000.000000
2022-09-21,13.195694,14.012622,13.092828,13.243630,807679000.000000
2022-09-22,13.052883,13.131780,12.411725,12.544550,759162000.000000
2022-09-23,12.403734,12.594484,12.240947,12.499608,663309000.000000
2022-09-26,12.474644,12.642424,12.198006,12.211987,547343000.000000
2022-09-27,12.490620,12.719320,12.241946,12.396743,553854000.000000
2022-09-28,12.393746,12.806205,12.337820,12.719319,542414000.000000
2022-09-29,12.431698,12.483630,11.930355,12.203997,532763000.000000
2022-09-30,12.071171,12.616457,12.059187,12.123103,565638000.000000
2022-10-03,12.330829,12.661396,12.089146,12.495613,547478000.000000
2022-10-04,12.862134,13.202688,12.862134,13.149757,584182000.000000
2022-10-05,12.894091,13.303554,12.604471,13.191700,507131000.000000
2022-10-06,13.202687,13.638116,13.085839,13.112804,644157000.000000
2022-10-07,12.488625,12.653409,12.006258,12.060187,672478000.000000
2022-10-10,12.021234,12.108120,11.393059,11.654716,698699000.000000
2022-10-11,11.545859,11.830485,11.268223,11.570827,667482000.000000
2022-10-12,11.563836,11.719631,11.330142,11.484939,492590000.000000
2022-10-13,10.956631,12.062181,10.798838,11.944336,850103000.000000
2022-10-14,12.041208,12.095138,11.189326,11.212296,713432000.000000
2022-10-17,11.502915,11.932352,11.501916,11.872430,580774000.000000
2022-10-18,12.327835,12.475641,11.602786,11.951329,659362000.000000
2022-10-19,11.863443,12.333826,11.818501,12.035217,523131000.000000
2022-10-20,12.097137,12.752278,12.089147,12.178031,652398000.000000
2022-10-21,12.082156,12.481632,11.871432,12.449674,609494000.000000
2022-10-24,12.491619,12.693354,12.048200,12.582500,517457000.000000
2022-10-25,12.677374,13.282580,12.647412,13.243630,505482000.000000
2022-10-26,12.852147,13.370467,12.691358,12.879111,532953000.000000
2022-10-27,13.612150,13.819878,13.104815,13.158744,583113000.000000
2022-10-28,13.086837,13.831861,13.043893,13.815881,521040000.000000
2022-10-31,13.759957,13.819879,13.279587,13.479325,486341000.000000
2022-11-01,13.792912,13.906763,13.501295,13.525264,432817000.000000
2022-11-02,13.831862,14.191390,13.193699,13.201688,672628000.000000
2022-11-03,13.025919,13.762952,12.939033,13.403423,500065000.000000
2022-11-04,13.967682,14.210364,13.679060,14.137460,612576000.000000
2022-11-07,14.209368,14.393127,13.935728,14.282272,410061000.000000
2022-11-08,14.781615,14.871497,14.197381,14.582876,595292000.000000
2022-11-09,14.143454,14.192390,13.740981,13.757959,454414000.000000
2022-11-10,14.780617,15.752343,14.527948,15.729373,700819000.000000
2022-11-11,15.786298,16.367535,15.461724,16.305616,655487000.000000
2022-11-14,16.196760,16.518339,15.901147,16.273659,527852000.000000
2022-11-15,16.700097,16.975735,16.360542,16.644171,545876000.000000
2022-11-16,16.140834,16.340571,15.852212,15.889163,649547000.000000
2022-11-17,15.694420,16.244699,15.514655,15.656469,710894000.000000
2022-11-18,15.945092,15.981046,15.100200,15.388823,492072000.000000
2022-11-21,15.127162,15.456730,15.060250,15.296940,404739000.000000
2022-11-22,15.307924,16.036969,15.102194,16.016994,472866000.000000
2022-11-23,16.076918,16.505357,16.026984,16.497366,427241000.000000
2022-11-25,16.296629,16.465406,16.150820,16.248692,167934000.000000
2022-11-28,16.005010,16.335578,15.704406,15.806272,303741000.000000
2022-11-29,15.806271,15.911134,15.499674,15.618518,298384000.000000
2022-11-30,15.680453,16.912153,15.580558,16.905161,565298000.000000
2022-12-01,16.981085,17.246804,16.617468,17.116941,470977000.000000
2022-12-02,16.641439,16.915151,16.427664,16.858210,371389000.000000
2022-12-05,16.661417,16.977084,16.454634,16.592489,352255000.000000
2022-12-06,16.512575,16.555529,15.802324,15.970147,352694000.000000
2022-12-07,15.755376,16.168941,15.650487,16.103010,372388000.000000
2022-12-08,16.255846,17.160891,15.942176,17.150902,515456000.000000
2022-12-09,17.141913,17.564467,16.957108,16.983080,465338000.000000
2022-12-12,17.019041,17.519513,16.779295,17.516516,457328000.000000
2022-12-13,18.511466,18.770193,17.692330,18.052950,656589000.000000
2022-12-14,17.968042,18.232764,17.401641,17.655373,496888000.000000
2022-12-15,17.127925,17.301742,16.682396,16.934130,478542000.000000
2022-12-16,16.846226,17.023039,16.392704,16.553534,478232000.000000
2022-12-19,16.554534,16.591493,16.127984,16.236868,354039000.000000
2022-12-20,16.047069,16.292810,15.835293,16.068047,403260000.000000
2022-12-21,16.097013,16.609473,16.085025,16.483604,325025000.000000
2022-12-22,16.077035,16.120990,14.866313,15.322831,565045000.000000
2022-12-23,15.179982,15.322831,14.867312,15.189972,349326000.000000
2022-12-27,15.058111,15.084083,14.041183,14.106115,464902000.000000
2022-12-28,13.912320,14.246967,13.869365,14.021205,351066000.000000
2022-12-29,14.386820,14.667523,14.212004,14.587607,354923000.000000
2022-12-30,14.318890,14.613579,14.217997,14.598596,310490000.000000
2023-01-03,14.835346,14.980193,14.081142,14.299911,401277000.000000
2023-01-04,14.551644,14.837342,14.225988,14.733452,431324000.000000
2023-01-05,14.475725,14.548648,14.133087,14.249964,389168000.000000
2023-01-06,14.458744,14.994179,14.019208,14.843338,405044000.000000
2023-01-09,15.267887,16.039073,15.125038,15.611525,504231000.000000
2023-01-10,15.490654,15.945175,15.455691,15.892231,384101000.000000
2023-01-11,15.823301,16.011103,15.546593,15.984131,353285000.000000
2023-01-12,16.083029,16.619462,15.475669,16.493595,551409000.000000
2023-01-13,16.260844,16.904166,16.147964,16.881189,447287000.000000
2023-01-17,16.881185,17.709312,16.881185,17.683338,511102000.000000
2023-01-18,17.648374,17.854156,17.263780,17.358681,439624000.000000
2023-01-19,17.018040,17.178872,16.713363,16.747326,452932000.000000
2023-01-20,16.993072,17.837182,16.807269,17.820200,564967000.000000
2023-01-23,18.044958,19.224715,17.799219,19.172770,655163000.000000
2023-01-24,18.807154,19.474451,18.800161,19.244692,496204000.000000
2023-01-25,18.893064,19.349583,18.560415,19.302631,449537000.000000
2023-01-26,19.680233,20.144743,19.257678,19.781126,489535000.000000
2023-01-27,19.441483,20.606254,19.384544,20.343531,542142000.000000
2023-01-30,19.928971,20.118770,19.129813,19.141802,488611000.000000
2023-01-31,19.149795,19.666250,18.930028,19.516409,498017000.000000
2023-02-01,19.670242,21.169659,19.590327,20.920923,660477000.000000
2023-02-02,20.977861,21.925860,20.678178,21.686113,564276000.000000
2023-02-03,20.977862,21.722077,20.767084,21.077757,429366000.000000
2023-02-06,20.784072,21.547266,20.764092,21.066774,452197000.000000
2023-02-07,21.359459,22.235536,21.127703,22.149626,664150000.000000
2023-02-08,22.363400,22.853884,21.984800,22.181593,559651000.000000
2023-02-09,22.582169,22.995732,22.096681,22.313452,523876000.000000
2023-02-10,21.667135,22.054725,20.789062,21.242582,550737000.000000
2023-02-13,21.515293,22.024756,20.939901,21.765030,474919000.000000
2023-02-14,21.555252,23.024702,21.343475,22.946785,675474000.000000
2023-02-15,22.525228,22.830905,22.082696,22.740002,420575000.000000
2023-02-16,22.109668,22.526228,21.903886,21.978807,412026000.000000
2023-02-17,21.608198,21.717082,20.952889,21.365454,465888000.000000
2023-02-21,20.977862,21.471341,20.596265,20.633226,410015000.000000
2023-02-22,20.685173,21.081754,20.399473,20.732122,513184000.000000
2023-02-23,23.415292,23.862820,23.000729,23.639055,1117995000.000000
2023-02-24,23.200521,23.449259,22.922814,23.261456,589716000.000000
2023-02-27,23.645045,23.854823,23.429274,23.476223,452994000.000000
2023-02-28,23.347356,23.799880,23.181531,23.191521,455963000.000000
2023-03-01,23.167549,23.231483,22.484270,22.674070,460026000.000000
2023-03-02,22.464297,23.355355,22.408355,23.289425,389415000.000000
2023-03-03,23.295416,23.874804,23.105616,23.864815,412393000.000000
2023-03-06,23.865818,24.222440,23.462242,23.529173,437429000.000000
2023-03-07,23.579127,24.103662,23.220443,23.267403,515154000.000000
2023-03-08,23.466226,24.178597,23.403282,24.159613,513573000.000000
2023-03-09,24.153617,24.432371,23.362317,23.415272,501257000.000000
2023-03-10,23.388294,23.606102,22.705898,22.944687,474866000.000000
2023-03-13,22.731875,23.277391,22.277277,22.945684,421890000.000000
2023-03-14,23.475218,24.197578,23.439248,24.041716,474910000.000000
2023-03-15,23.739984,24.264519,23.339339,24.206572,524486000.000000
2023-03-16,24.005749,25.565367,23.872865,25.518410,583253000.000000
2023-03-17,25.959022,26.375653,25.645299,25.702250,848547000.000000
2023-03-20,25.592345,26.000983,25.107773,25.877092,432747000.000000
2023-03-21,26.156849,26.368661,25.358555,26.175831,547408000.000000
2023-03-22,26.401628,27.564600,26.213795,26.444592,797295000.000000
2023-03-23,27.091023,27.474684,26.666400,27.166956,564889000.000000
2023-03-24,27.007094,27.142973,26.331691,26.755316,454920000.000000
2023-03-27,26.813263,26.976119,26.341680,26.507534,361026000.000000
2023-03-28,26.423608,26.489550,25.827136,26.386641,356104000.000000
2023-03-29,26.801275,27.054049,26.573476,26.960133,393694000.000000
2023-03-30,27.204917,27.474678,27.078028,27.358780,364516000.000000
2023-03-31,27.115994,27.809381,27.081025,27.752432,433933000.000000
2023-04-03,27.484670,27.975235,27.311822,27.940266,398716000.000000
2023-04-04,27.941261,27.975232,27.282844,27.428715,368592000.000000
2023-04-05,26.805269,26.974119,26.371653,26.857224,515015000.000000
2023-04-06,26.560486,27.056048,26.403625,27.013086,397654000.000000
2023-04-10,26.799277,27.596572,26.645414,27.554609,395279000.000000
2023-04-11,27.699479,27.765421,27.102007,27.144970,314378000.000000
2023-04-12,27.345793,27.443706,26.424608,26.471567,446259000.000000
2023-04-13,26.710353,26.863217,26.305712,26.439592,353615000.000000
2023-04-14,26.480556,26.859221,26.196807,26.734331,395660000.000000
2023-04-17,26.541507,26.982117,26.409624,26.978121,321471000.000000
2023-04-18,27.508650,28.085139,27.332805,27.642530,604812000.000000
2023-04-19,27.336800,27.975235,27.207915,27.906296,358660000.000000
2023-04-20,27.646526,28.005210,26.976120,27.080029,427713000.000000
2023-04-21,26.928159,27.158955,26.698363,27.095011,345103000.000000
2023-04-24,26.989108,27.341794,26.647410,27.018082,339282000.000000
2023-04-25,27.054048,27.222899,26.201804,26.217789,378527000.000000
2023-04-26,26.978114,27.305823,26.681376,26.932154,406337000.000000
2023-04-27,27.338799,27.470683,26.601451,27.201920,377161000.000000
2023-04-28,27.200920,27.733448,27.047055,27.724457,292216000.000000
2023-05-01,27.815375,29.032298,27.755428,28.884428,570329000.000000
2023-05-02,28.654635,28.810497,28.058162,28.185049,402730000.000000
2023-05-03,27.815375,28.341909,27.447701,27.777409,383387000.000000
2023-05-04,27.626541,27.834357,27.215905,27.537621,321850000.000000
2023-05-05,27.801386,28.729563,27.706471,28.654631,361494000.000000
2023-05-08,28.496770,29.194153,28.324923,29.125214,344979000.000000
2023-05-09,28.873438,28.947372,28.424835,28.545727,314869000.000000
2023-05-10,28.979346,29.087252,28.435828,28.859453,369350000.000000
2023-05-11,28.870441,28.924394,28.221016,28.552721,322149000.000000
2023-05-12,28.503764,28.754543,28.021191,28.314932,274222000.000000
2023-05-15,28.482785,28.943378,28.127101,28.927391,293926000.000000
2023-05-16,28.815490,29.843581,28.806499,29.187160,449405000.000000
2023-05-17,29.557835,30.172291,29.403972,30.151310,432535000.000000
2023-05-18,30.383102,31.799847,30.293182,31.649981,748725000.000000
2023-05-19,31.508106,31.552068,30.888655,31.236347,473908000.000000
2023-05-22,30.873670,31.492124,30.652866,31.148428,372000000.000000
2023-05-23,30.972582,31.260328,30.603909,30.660858,356253000.000000
2023-05-24,30.183279,30.579929,29.779637,30.510990,721419000.000000
2023-05-25,38.488926,39.445081,36.602596,37.946407,1543911000.000000
2023-05-26,37.856490,39.135357,37.516791,38.911556,714397000.000000
2023-05-30,40.559093,41.900903,39.913664,40.075520,923401000.000000
2023-05-31,39.453074,40.259359,37.788547,37.800537,1002580000.000000
2023-06-01,38.454956,40.014576,38.306090,39.734825,635873000.000000
2023-06-02,40.061537,40.464180,39.023454,39.292217,482731000.000000
2023-06-05,38.874583,39.530001,38.672762,39.136353,396094000.000000
2023-06-06,38.795659,39.125365,38.114259,38.619812,388729000.000000
2023-06-07,38.884602,39.468145,37.326818,37.445724,511998000.000000
2023-06-08,37.694534,38.833643,37.475707,38.479919,417772000.000000
2023-06-09,39.006509,39.679983,38.536879,38.739719,427717000.000000
2023-06-12,39.169383,39.499123,38.587837,39.451160,388701000.000000
2023-06-13,40.154614,41.068900,39.708963,40.989960,613208000.000000
2023-06-14,40.792110,42.966409,40.520320,42.963413,740465000.000000
2023-06-15,42.568731,43.255195,42.114085,42.619690,568622000.000000
2023-06-16,43.416057,43.686845,42.627672,42.658649,655709000.000000
2023-06-20,42.964423,43.955649,42.640675,43.773788,451153000.000000
2023-06-21,43.467021,43.580934,42.047133,43.011375,551603000.000000
2023-06-22,42.219994,43.392078,42.201012,42.991394,417737000.000000
2023-06-23,42.430835,42.775563,41.982184,42.176033,358140000.000000
2023-06-26,42.427836,42.730600,40.068680,40.600266,594322000.000000
2023-06-27,40.767130,41.907238,40.416406,41.843288,462175000.000000
2023-06-28,40.628241,41.812317,40.486353,41.084885,582639000.000000
2023-06-29,41.525537,41.567504,40.568285,40.790112,380514000.000000
2023-06-30,41.647447,42.516766,41.468586,42.268959,501148000.000000
2023-07-03,42.483786,42.864489,42.169034,42.379868,198209000.000000
2023-07-05,42.102090,43.143276,42.052130,42.283951,323618000.000000
2023-07-06,41.811318,42.146055,41.313705,42.070114,303582000.000000
2023-07-07,42.288944,43.180250,42.147057,42.469803,355881000.000000
2023-07-10,42.623689,42.777568,41.616473,42.147060,353908000.000000
2023-07-11,42.447817,42.724601,42.034142,42.371876,298244000.000000
2023-07-12,42.999386,43.900681,42.743585,43.867706,481277000.000000
2023-07-13,44.483230,46.118948,44.457249,45.941090,478204000.000000
2023-07-14,46.546619,48.050445,45.024810,45.433491,772075000.000000
2023-07-17,46.252843,46.459678,45.226645,46.424706,510488000.000000
2023-07-18,46.664522,47.858588,45.698278,47.456902,569164000.000000
2023-07-19,47.426925,47.780648,46.705489,47.040226,427502000.000000
2023-07-20,46.470672,47.050221,45.026801,45.484444,537865000.000000
2023-07-21,45.752236,45.830178,44.065555,44.274391,963769000.000000
2023-07-24,44.696059,45.073766,44.005600,44.577152,382516000.000000
2023-07-25,44.905903,46.146930,44.887916,45.643326,348081000.000000
2023-07-26,45.985052,46.017029,44.595140,45.416496,364237000.000000
2023-07-27,46.482663,47.357978,45.714263,45.864147,455976000.000000
2023-07-28,46.631545,46.990266,46.344771,46.713482,331194000.000000
2023-07-31,46.717483,47.093189,46.469676,46.692501,251055000.000000
2023-08-01,46.423705,46.863363,45.991044,46.470669,237858000.000000
2023-08-02,45.795205,45.804197,43.353114,44.234425,530142000.000000
2023-08-03,43.765787,45.082758,43.765787,44.480228,324176000.000000
2023-08-04,44.949866,45.606350,44.358329,44.645103,362666000.000000
2023-08-07,45.075774,45.504440,44.528201,45.381535,322154000.000000
2023-08-08,44.817964,45.206660,44.021585,44.629112,353843000.000000
2023-08-09,44.239417,44.277390,42.101089,42.520763,586449000.000000
2023-08-10,42.127070,43.539967,41.802323,42.354893,492705000.000000
2023-08-11,41.718390,41.985183,40.607259,40.823090,533085000.000000
2023-08-14,40.454380,43.765790,40.279517,43.718826,690286000.000000
2023-08-15,44.525204,45.232651,43.675865,43.905685,676512000.000000
2023-08-16,44.485227,44.640104,43.372095,43.452034,527451000.000000
2023-08-17,43.935653,44.027580,42.967408,43.310143,452395000.000000
2023-08-18,42.601696,43.543960,41.627459,43.265179,583768000.000000
2023-08-21,44.459245,47.028236,44.187458,46.930313,692573000.000000
2023-08-22,48.097400,48.149361,45.297591,45.632328,755293000.000000
2023-08-23,45.830181,47.163139,45.172694,47.079205,779046000.000000
2023-08-24,50.176776,50.226737,47.122165,47.126160,1156044000.000000
2023-08-25,46.975283,47.767663,44.988833,45.982059,925341000.000000
2023-08-28,46.445691,46.943303,44.852938,46.798416,685192000.000000
2023-08-29,46.629542,49.042657,46.354756,48.745888,701397000.000000
2023-08-30,49.005692,49.888001,48.387176,49.225521,735206000.000000
2023-08-31,49.341438,49.705152,48.919767,49.316456,528570000.000000
2023-09-01,49.723127,49.761096,48.104390,48.471104,463830000.000000
2023-09-05,48.185328,48.812839,47.822612,48.510075,382653000.000000
2023-09-06,48.407151,48.515073,46.547451,47.028114,468670000.000000
2023-09-07,45.493195,46.311623,45.120455,46.208694,433330000.000000
2023-09-08,45.909898,46.573431,45.239365,45.540154,473069000.000000
2023-09-11,46.115751,46.130739,44.281035,45.146431,473966000.000000
2023-09-12,44.706738,45.641086,44.499882,44.838646,349256000.000000
2023-09-13,44.568829,45.897901,44.471897,45.453213,398355000.000000
2023-09-14,45.917894,45.954867,45.099466,45.549152,370097000.000000
2023-09-15,45.309315,45.567134,43.777385,43.869324,506831000.000000
2023-09-18,42.718132,44.211088,41.970654,43.935280,500271000.000000
2023-09-19,43.802371,43.935277,42.971950,43.489590,373064000.000000
2023-09-20,43.569533,43.872323,42.193496,42.209484,367108000.000000
2023-09-21,41.553945,42.070582,40.951366,40.988338,450736000.000000
2023-09-22,41.542950,42.085573,41.202188,41.580925,479236000.000000
2023-09-25,41.561934,42.506273,41.148222,42.192493,419091000.000000
2023-09-26,41.971651,42.790079,41.625892,41.881714,402282000.000000
2023-09-27,42.300424,42.842045,41.599913,42.438324,444935000.000000
2023-09-28,42.430329,43.415640,42.085573,43.058891,424663000.000000
2023-09-29,43.796375,44.113155,43.276738,43.468605,397830000.000000
2023-10-02,43.999232,45.143433,43.830352,44.750710,433298000.000000
2023-10-03,44.776686,45.098463,43.215777,43.486588,470850000.000000
2023-10-04,43.711436,44.112157,43.261750,44.010227,361821000.000000
2023-10-05,44.019218,44.868626,43.857332,44.656773,393483000.000000
2023-10-06,44.162119,45.757004,43.995235,45.730022,434436000.000000
2023-10-09,44.810665,45.573132,44.336997,45.241364,409675000.000000
2023-10-10,45.278341,46.226675,45.056496,45.765999,368582000.000000
2023-10-11,46.163722,46.826261,46.017824,46.773296,378137000.000000
2023-10-12,46.744315,47.575735,46.297629,46.912197,481325000.000000
2023-10-13,46.927191,47.083084,45.248364,45.429237,474115000.000000
2023-10-16,45.031506,46.192693,44.880610,46.062786,375099000.000000
2023-10-17,43.969260,44.722735,42.450321,43.907303,812333000.000000
2023-10-18,42.561232,43.188795,41.795769,42.166508,627294000.000000
2023-10-19,42.781094,43.266754,41.852742,42.071590,501233000.000000
2023-10-20,41.860721,42.440317,41.049288,41.358074,477266000.000000
2023-10-23,41.200191,43.217781,40.916389,42.944969,478530000.000000
2023-10-24,43.046899,43.666465,42.661171,43.632488,401463000.000000
2023-10-25,43.367662,43.619488,41.525952,41.749794,398379000.000000
2023-10-26,41.823754,42.226473,39.852134,40.297821,541001000.000000
2023-10-27,41.101260,41.177207,39.987037,40.471699,416784000.000000
2023-10-30,41.058291,41.736813,40.452711,41.132236,388028000.000000
2023-10-31,40.421732,40.850433,39.202583,40.751499,517969000.000000
2023-11-01,40.855430,42.351386,40.840442,42.295425,437593000.000000
2023-11-02,43.297724,43.853335,42.864029,43.475601,409172000.000000
2023-11-03,43.989244,45.277341,43.692451,44.973557,424610000.000000
2023-11-06,45.253362,45.902909,44.867630,45.719036,400733000.000000
2023-11-07,45.687058,46.185706,45.126449,45.922894,343165000.000000
2023-11-08,46.067790,46.834257,45.935883,46.541462,346719000.000000
2023-11-09,47.433831,48.196299,46.717333,46.917194,540496000.000000
2023-11-10,47.466808,48.438129,47.249961,48.301224,421245000.000000
2023-11-13,48.286232,49.081677,48.065386,48.586021,384136000.000000
2023-11-14,49.645293,49.799184,49.005740,49.621307,416954000.000000
2023-11-15,49.900109,49.925089,48.166321,48.853840,475497000.000000
2023-11-16,48.644988,49.490397,48.296233,49.445427,339756000.000000
2023-11-17,49.489394,49.682260,48.972757,49.263554,325205000.000000
2023-11-20,49.277542,50.512678,49.146633,50.373775,414120000.000000
2023-11-21,50.090972,50.481697,49.187604,49.909100,565747000.000000
2023-11-22,49.817169,50.299829,47.656677,48.681961,899420000.000000
2023-11-24,48.436134,48.886819,47.711638,47.742619,294645000.000000
2023-11-27,47.766601,48.496091,47.618706,48.208294,395662000.000000
2023-11-28,48.202293,48.289234,47.439826,47.787582,401491000.000000
2023-11-29,48.345193,48.727925,47.826554,48.106358,382005000.000000
2023-11-30,47.990442,48.076384,46.389564,46.737320,526247000.000000
2023-12-01,46.492496,47.167024,46.154731,46.732327,369317000.000000
2023-12-04,46.044800,46.044800,44.978545,45.478195,437543000.000000
2023-12-05,45.438229,46.571535,45.243349,46.537560,371718000.000000
2023-12-06,47.186157,47.358052,45.384257,45.475201,380590000.000000
2023-12-07,45.672075,46.600509,45.576133,46.567528,350823000.000000
2023-12-08,46.566539,47.711839,46.521565,47.476982,359224000.000000
2023-12-11,47.461997,47.501969,45.802012,46.598522,509728000.000000
2023-12-12,46.017876,47.636885,46.017876,47.627892,372387000.000000
2023-12-13,47.599901,48.564312,47.578914,48.058620,447792000.000000
2023-12-14,48.360442,48.640269,47.393034,48.320465,391232000.000000
2023-12-15,48.164560,49.373820,48.090604,48.860134,479948000.000000
2023-12-18,49.369817,50.402183,49.119970,50.046402,412587000.000000
2023-12-19,49.393806,49.669638,48.865130,49.573696,464444000.000000
2023-12-20,49.624671,49.968463,48.068623,48.081615,397894000.000000
2023-12-21,48.781184,49.065011,48.389421,48.960075,300425000.000000
2023-12-22,49.164942,49.352827,48.437386,48.800167,252507000.000000
2023-12-26,48.938083,49.569697,48.930088,49.248894,244200000.000000
2023-12-27,49.480758,49.649654,49.055016,49.386814,233648000.000000
2023-12-28,49.612677,49.853527,49.381815,49.491749,246587000.000000
2023-12-29,49.782571,49.966461,48.721220,49.491749,389293000.000000
2024-01-02,49.213916,49.264883,47.565925,48.138573,411254000.000000
2024-01-03,47.455992,48.154562,47.291091,47.539940,320896000.000000
2024-01-04,47.737820,48.470374,47.478979,47.968681,306535000.000000
2024-01-05,48.432395,49.516731,48.276488,49.067005,415039000.000000
2024-01-08,49.481761,52.243074,49.448781,52.221085,642510000.000000
2024-01-09,52.368989,54.291814,51.658421,53.107536,773100000.000000
2024-01-10,53.583246,54.566643,53.456321,54.316795,533796000.000000
2024-01-11,54.965399,55.312187,53.527279,54.788506,596759000.000000
2024-01-12,54.586630,54.936418,54.296810,54.676575,352994000.000000
2024-01-16,54.984392,56.800279,54.866464,56.347557,449580000.000000
2024-01-17,56.312580,56.436505,54.706563,56.018761,474394000.000000
2024-01-18,57.225023,57.564816,56.072728,57.072117,491650000.000000
2024-01-19,57.953570,59.463648,57.190036,59.454655,543501000.000000
2024-01-22,60.012317,60.294146,59.033915,59.617558,452955000.000000
2024-01-23,59.533613,59.873406,58.549214,59.836430,294654000.000000
2024-01-24,60.267160,62.810604,59.901383,61.324512,560271000.000000
2024-01-25,62.311911,62.680689,60.812827,61.579361,482777000.000000
2024-01-26,60.922761,61.745261,60.536001,60.993717,390309000.000000
2024-01-29,61.194597,62.450829,60.869799,62.426846,348733000.000000
2024-01-30,62.861575,63.454212,62.221963,62.735649,410735000.000000
2024-01-31,61.402466,62.230962,60.662920,61.489414,453795000.000000
2024-02-01,62.062059,63.152396,61.612337,62.988495,369146000.000000
2024-02-02,63.934907,66.559301,63.651080,66.119576,476578000.000000
2024-02-05,68.183324,69.454550,67.163950,69.289650,680078000.000000
2024-02-06,69.587458,69.711383,66.259498,68.181320,683111000.000000
2024-02-07,68.277264,70.177104,67.558701,70.056175,495575000.000000
2024-02-08,70.031184,70.750745,69.412566,69.598450,414422000.000000
2024-02-09,70.489915,72.140906,70.169112,72.088943,436637000.000000
2024-02-12,72.555655,74.565428,71.206481,72.203873,613710000.000000
2024-02-13,70.356997,73.405130,69.577475,72.083939,602580000.000000
2024-02-14,73.157302,74.190667,71.894074,73.854874,504917000.000000
2024-02-15,73.823883,73.929814,72.355779,72.613617,420122000.000000
2024-02-16,74.054725,74.356542,72.456703,72.568634,495327000.000000
2024-02-20,71.903039,71.912037,67.692616,69.409569,704833000.000000
2024-02-21,67.964449,68.845914,66.207527,67.430779,673755000.000000
2024-02-22,74.979174,78.527001,74.174665,78.490028,865100000.000000
2024-02-23,80.740647,82.343663,77.522612,78.768852,829388000.000000
2024-02-26,79.651309,80.596737,78.457039,79.043686,503973000.000000
2024-02-27,79.332501,79.431447,77.114862,78.652916,391705000.000000
2024-02-28,77.572574,78.884768,77.077874,77.615547,393110000.000000
2024-02-29,79.045688,79.941137,78.302139,79.063675,507289000.000000
2024-03-01,79.951130,82.249728,79.386472,82.228737,479135000.000000
2024-03-04,84.078595,87.641420,83.667851,85.184921,615616000.000000
2024-03-05,85.221903,86.048440,83.369952,85.915512,520639000.000000
2024-03-06,87.972360,89.673396,86.980915,88.649971,582520000.000000
2024-03-07,90.107144,92.714674,89.551458,92.616730,608119000.000000
2024-03-08,95.084338,97.345063,86.457203,87.478630,1142269000.000000
2024-03-11,86.380253,88.746914,84.118529,85.725624,678364000.000000
2024-03-12,87.999341,91.908131,86.101410,91.861160,668075000.000000
2024-03-13,91.003637,91.452381,88.385112,90.836731,635713000.000000
2024-03-14,89.526476,90.594873,86.551150,87.894394,602318000.000000
2024-03-15,86.880974,89.495496,86.208357,87.787460,642086000.000000
2024-03-18,90.337014,92.352874,87.035876,88.405106,668976000.000000
2024-03-19,86.651103,90.492937,84.962062,89.347588,672171000.000000
2024-03-20,89.746357,90.359018,88.173247,90.321037,479063000.000000
2024-03-21,92.247940,92.595744,90.354005,91.383423,480372000.000000
2024-03-22,91.089583,94.724532,90.782757,94.235809,586719000.000000
2024-03-25,93.888019,96.711423,93.457262,94.948418,552136000.000000
2024-03-26,95.796942,96.320649,92.449832,92.508797,513648000.000000
2024-03-27,93.059482,93.187408,89.072733,90.199097,586067000.000000
2024-03-28,89.949236,91.248506,89.142692,90.305038,435212000.000000
2024-04-01,90.248075,92.172984,89.153692,90.312035,452441000.000000
2024-04-02,88.398104,90.043179,87.570575,89.401543,433064000.000000
2024-04-03,88.434109,90.323042,88.350156,88.913834,370067000.000000
2024-04-04,90.355005,90.582881,85.831557,85.856544,434965000.000000
2024-04-05,86.817005,88.431099,85.877540,87.958366,399678000.000000
2024-04-08,88.649957,88.779888,86.683072,87.083847,283220000.000000
2024-04-09,87.392674,87.585566,82.975170,85.305847,501700000.000000
2024-04-10,83.878663,87.350703,83.661783,86.989906,431929000.000000
2024-04-11,87.370691,90.687820,86.876974,90.564888,431637000.000000
2024-04-12,89.648408,90.124145,87.480633,88.136261,426805000.000000
2024-04-15,89.047753,90.561898,85.880541,85.952499,443077000.000000
2024-04-16,86.384251,88.068299,86.015464,87.365700,370453000.000000
2024-04-17,88.290167,88.724926,83.902643,83.987602,495400000.000000
2024-04-18,84.922073,86.141386,82.355520,84.623238,447260000.000000
2024-04-19,83.103114,84.276448,75.563369,76.157028,875198000.000000
2024-04-22,78.059941,80.027832,76.356907,79.473145,596341000.000000
2024-04-23,80.723444,82.722316,80.218732,82.376511,438559000.000000
2024-04-24,83.902650,84.034579,79.138340,79.632065,512208000.000000
2024-04-25,78.823511,83.276000,78.178878,82.585396,424641000.000000
2024-04-26,83.770740,88.281196,83.339984,87.685532,551011000.000000
2024-04-29,87.545601,87.942372,85.217912,87.707512,388971000.000000
2024-04-30,87.190789,88.768900,86.251324,86.353264,363709000.000000
2024-05-01,85.029003,85.951478,81.209153,82.994148,559863000.000000
2024-05-02,84.401368,86.188362,83.153072,85.768600,377898000.000000
2024-05-03,87.739486,89.230641,86.990908,88.738922,398341000.000000
2024-05-06,89.339594,92.168000,89.004784,92.088043,376203000.000000
2024-05-07,91.046622,91.729235,88.960801,90.502930,437342000.000000
2024-05-08,89.432531,91.142564,89.369563,90.361008,325721000.000000
2024-05-09,90.477953,91.020646,88.181253,88.696960,378013000.000000
2024-05-10,90.254070,91.349452,89.176675,89.827309,335325000.000000
2024-05-13,90.426973,90.946684,88.479074,90.348022,289680000.000000
2024-05-14,89.548469,91.599313,88.883843,91.304482,296507000.000000
2024-05-15,92.419850,94.808501,91.547341,94.576630,417735000.000000
2024-05-16,94.856478,95.764962,94.049926,94.305786,323952000.000000
2024-05-17,94.315783,94.686568,91.754225,92.426842,359691000.000000
2024-05-20,93.697137,95.146316,93.387314,94.726555,318764000.000000
2024-05-21,93.546212,95.346199,93.127450,95.332207,328946000.000000
2024-05-22,95.405154,95.965835,93.196402,94.896439,548648000.000000
2024-05-23,101.970458,106.260038,101.462742,103.740463,835065000.000000
2024-05-24,104.390078,106.414936,102.941898,106.408943,429494000.000000
2024-05-28,110.181812,114.874163,109.821015,113.836746,652728000.000000
2024-05-29,112.986231,115.426847,110.838441,114.760223,557442000.000000
2024-05-30,114.585328,115.753668,109.601142,110.437668,484553000.000000
2024-05-31,112.456524,112.653419,106.879678,109.571159,613263000.000000
2024-06-03,113.556915,114.935135,111.939824,114.935135,438392000.000000
2024-06-04,115.650744,116.534240,113.980681,116.371330,403324000.000000
2024-06-05,118.304243,122.379939,117.401753,122.370949,528402000.000000
2024-06-06,123.978031,125.516165,118.253265,120.929756,664696000.000000
2024-06-07,119.702443,121.623364,117.955436,120.819817,412386000.000000
2024-06-10,120.302109,123.030565,116.944003,121.721306,313434100.000000
2024-06-11,121.711309,122.810785,118.682770,120.851730,222551200.000000
2024-06-12,123.000696,126.818854,122.510934,125.139664,299595000.000000
2024-06-13,129.327636,129.737442,127.098715,129.547531,260704500.000000
2024-06-14,129.897364,132.775965,128.258155,131.816437,309320400.000000
2024-06-17,132.925927,133.665560,129.517566,130.916885,288504400.000000
2024-06-18,131.076786,136.264287,130.627006,135.514648,294335100.000000
2024-06-20,139.732621,140.692150,129.457578,130.716965,517768400.000000
2024-06-21,127.058741,130.567051,124.240100,126.509003,649445800.000000
2024-06-24,123.180595,124.400008,117.983104,118.053070,476060900.000000
2024-06-25,121.141593,126.439042,119.262502,126.029236,414192600.000000
2024-06-26,126.069214,128.058253,122.540917,126.339088,362975900.000000
2024-06-27,124.040200,126.349092,122.860768,123.930252,252571700.000000
2024-06-28,124.519961,127.648450,122.690841,123.480461,315516700.000000
2024-07-01,123.410488,124.779822,118.772725,124.240089,284885500.000000
2024-07-02,121.071619,123.350527,120.971669,122.610878,218374000.000000
2024-07-03,121.601366,128.218170,121.301507,128.218170,215749000.000000
2024-07-05,127.318620,128.787920,125.619442,125.769371,214176700.000000
2024-07-08,127.428542,130.706967,126.978762,128.138199,237677300.000000
2024-07-09,130.287194,133.755523,128.588001,131.316696,285366600.000000
2024-07-10,133.965405,135.034897,132.356180,134.844986,248978600.000000
2024-07-11,135.684574,136.084375,126.988770,127.338600,374782700.000000
2024-07-12,128.198180,131.856420,127.158688,129.177719,252680500.000000
2024-07-15,130.497086,131.326688,127.118718,128.378113,208326200.000000
2024-07-16,128.378102,128.977804,124.519962,126.299103,214769500.000000
2024-07-17,121.291502,121.791261,116.663736,117.933121,390086200.000000
2024-07-18,121.791275,122.341013,116.503823,121.031639,320979500.000000
2024-07-19,120.292001,121.541399,117.313441,117.873169,217223800.000000
2024-07-22,120.291996,124.010204,119.802234,123.480461,258068900.000000
2024-07-23,122.720840,124.629924,122.041168,122.530930,173911000.000000
2024-07-24,119.112566,119.892189,113.385331,114.194939,327776900.000000
2024-07-25,112.985519,116.573785,106.248770,112.225883,460067000.000000
2024-07-26,116.134005,116.143994,111.526226,113.005508,293399100.000000
2024-07-29,113.635211,116.223959,111.246363,111.536217,248152100.000000
2024-07-30,111.466238,111.936013,102.490572,103.680000,486833300.000000
2024-07-31,112.845583,118.282956,110.826553,116.963593,473174200.000000
2024-08-01,117.473354,120.102091,106.758519,109.157364,523462300.000000
2024-08-02,103.709990,108.667598,101.321142,107.218292,482027500.000000
2024-08-05,92.015639,103.360177,90.646304,100.401596,552842400.000000
2024-08-06,103.789954,107.658092,100.501547,104.199760,409012100.000000
2024-08-07,107.758040,108.747568,98.642440,98.862335,411440400.000000
2024-08-08,101.950841,105.449154,97.472997,104.919411,391910000.000000
2024-08-09,105.589094,106.548631,103.380160,104.699524,290844200.000000
2024-08-12,106.268757,111.016468,106.208789,108.967453,325559900.000000
2024-08-13,112.385816,116.173991,111.526230,116.084030,312646700.000000
2024-08-14,118.472882,118.542848,114.015032,118.023102,339246400.000000
2024-08-15,118.702774,123.180611,117.413394,122.800797,318086700.000000
2024-08-16,121.881231,124.939754,121.121596,124.519958,302589900.000000
2024-08-19,124.220117,129.937363,123.360531,129.937363,318333600.000000
2024-08-20,128.338130,129.817428,125.829345,127.188690,300087400.000000
2024-08-21,127.258633,129.287661,126.598955,128.438065,257883600.000000
2024-08-22,129.957339,130.686982,123.040668,123.680359,376189100.000000
2024-08-23,125.799345,129.537548,125.159654,129.307648,323230300.000000
2024-08-26,129.507549,131.196722,124.310051,126.399040,331964700.000000
2024-08-27,124.989741,129.137735,123.820299,128.238174,303134600.000000
2024-08-28,128.058254,128.268159,122.580899,125.549469,448101100.000000
2024-08-29,121.301513,124.370033,116.653752,117.533325,453023300.000000
2024-08-30,119.472396,121.691327,117.163512,119.312477,333751600.000000
2024-09-03,115.954094,116.153995,107.238295,107.947952,477155100.000000
2024-09-04,105.359204,113.215409,104.069824,106.158813,372470300.000000
2024-09-05,104.939409,109.597167,104.709524,107.158340,306850700.000000
2024-09-06,107.987929,108.097877,100.901342,102.780441,413638100.000000
2024-09-09,104.829448,106.498649,103.640027,106.418686,273912000.000000
2024-09-10,107.758029,109.347266,104.899407,108.047890,268283700.000000
2024-09-11,109.337273,117.133517,107.368222,116.853653,441422400.000000
2024-09-12,116.793682,120.742121,115.334262,119.092773,366052700.000000
2024-09-13,119.032791,119.912440,117.553375,119.052780,238358300.000000
2024-09-16,116.743702,118.133150,114.314665,116.733704,248772300.000000
2024-09-17,118.123153,118.752908,114.784481,115.544174,231925900.000000
2024-09-18,115.844056,117.653336,113.175116,113.325058,310318900.000000
2024-09-19,117.303475,119.612564,117.203516,117.823273,293506400.000000
2024-09-20,117.013587,118.572974,115.344251,115.954010,382462400.000000
2024-09-23,116.503799,116.943619,114.814466,116.213913,206228500.000000
2024-09-24,116.473801,121.751714,115.334254,120.822083,354966800.000000
2024-09-25,121.971629,124.890478,121.561796,123.461044,284692900.000000
2024-09-26,126.749730,127.619380,121.751712,123.990822,302582900.000000
2024-09-27,123.920856,123.980830,119.212724,121.351875,271009200.000000
2024-09-30,118.263104,121.451842,118.103172,121.391869,226553700.000000
2024-10-01,121.721711,122.391451,115.744086,116.953606,302094500.000000
2024-10-02,116.393854,119.332683,115.094366,118.802895,221845900.000000
2024-10-03,120.872072,124.310711,120.292300,122.801308,277118000.000000
2024-10-04,124.890480,124.990439,121.781712,124.870483,243678100.000000
2024-10-07,124.940451,130.588213,124.900466,127.669373,346250200.000000
2024-10-08,130.208349,133.427073,129.368685,132.837311,285722500.000000
2024-10-09,134.056840,134.466681,131.327927,132.597412,246191600.000000
2024-10-10,131.857717,134.946488,130.948074,134.756561,242311300.000000
2024-10-11,133.956871,135.726174,133.607019,134.746567,170209500.000000
2024-10-14,136.415902,139.544666,136.245971,138.015274,232347700.000000
2024-10-15,137.815340,138.515074,128.688969,131.547836,377831000.000000
2024-10-16,133.926898,136.565851,131.527855,135.666214,264879700.000000
2024-10-17,139.284766,140.834154,136.815743,136.875717,306435900.000000
2024-10-18,138.615030,138.844934,137.225581,137.945297,176090200.000000
2024-10-21,138.075241,143.653030,137.945288,143.653030,264554500.000000
2024-10-22,142.853358,144.362754,141.723801,143.533081,226311600.000000
2024-10-23,141.973691,142.373527,137.405511,139.504669,285930000.000000
2024-10-24,140.764181,141.293969,138.405116,140.354340,172354900.000000
2024-10-25,140.874128,144.072872,140.744190,141.483887,205122100.000000
2024-10-28,142.943307,143.083251,139.994480,140.464294,173586700.000000
2024-10-29,140.234374,142.203594,138.844926,141.194000,157593600.000000
2024-10-30,139.484677,140.274373,136.755764,139.284760,179418100.000000
2024-10-31,137.545460,137.555450,132.057631,132.707367,270039600.000000
2024-11-01,134.646609,137.255575,134.516671,135.346329,207127800.000000
2024-11-04,137.155622,138.904929,135.516273,135.996078,187528200.000000
2024-11-05,137.395506,140.314347,137.275559,139.854538,160537400.000000
2024-11-06,142.903348,146.431948,141.903745,145.552292,242043900.000000
2024-11-07,146.331981,148.870967,146.112066,148.820999,207323300.000000
2024-11-08,148.710989,149.710592,146.201975,147.571442,175665800.000000
2024-11-11,148.621050,148.790996,143.513091,145.202408,182325600.000000
2024-11-12,146.721790,149.590647,145.952091,148.231186,198634700.000000
2024-11-13,149.010914,149.270805,145.842157,146.212021,191903300.000000
2024-11-14,147.581484,148.940946,145.492316,146.701828,194463300.000000
2024-11-15,144.812544,145.182408,140.024450,141.923691,250132900.000000
2024-11-18,139.444700,141.493891,137.095626,140.094437,221205300.000000
2024-11-19,141.263989,147.071684,140.934118,146.951721,227834900.000000
2024-11-20,147.351570,147.501505,142.673418,145.832169,309871700.000000
2024-11-21,149.290808,152.829398,140.644227,146.611862,400946600.000000
2024-11-22,145.872140,147.101664,141.044069,141.893723,236406200.000000
2024-11-25,141.933714,141.993688,135.766162,135.966080,344941900.000000
2024-11-26,137.645412,139.244784,135.616218,136.865723,190287700.000000
2024-11-27,134.956475,137.165606,131.747756,135.286346,226370900.000000
2024-11-29,136.725787,139.294776,135.996081,138.195206,141863200.000000
2024-12-02,138.774960,140.394313,137.765366,138.575043,171682800.000000
2024-12-03,138.205199,140.484295,137.895325,140.204407,164414000.000000
2024-12-04,141.943719,145.732210,140.234390,145.082474,231224300.000000
2024-12-05,145.062484,146.492008,143.902860,145.012497,172621200.000000
2024-12-06,144.552653,145.652283,141.263721,142.393356,188505600.000000
2024-12-09,138.924493,139.904168,137.085099,138.764542,189308600.000000
2024-12-10,138.964453,141.773545,133.746162,135.025757,210020900.000000
2024-12-11,137.315015,140.124093,135.165726,139.264374,184905200.000000
2024-12-12,137.035089,138.394644,135.755509,137.294998,159211400.000000
2024-12-13,138.894490,139.554278,132.496578,134.206024,231514900.000000
2024-12-16,134.136035,134.355964,130.377272,131.956757,237951100.000000
2024-12-17,129.047713,131.546894,126.818448,130.347290,259410300.000000
2024-12-18,133.816158,136.655224,128.237984,128.867783,277444500.000000
2024-12-19,131.716840,133.986101,129.507572,130.637192,209719200.000000
2024-12-20,129.767471,135.235680,128.177996,134.655869,306528600.000000
2024-12-23,136.235348,139.744193,135.075725,139.624237,176053500.000000
2024-12-24,139.954143,141.853515,138.604579,140.174072,105157000.000000
2024-12-26,139.654250,140.803883,137.684894,139.884171,116205600.000000
2024-12-27,138.504623,138.974470,134.665884,136.965118,170582600.000000
2024-12-30,134.785814,140.224034,133.976082,137.444946,167734700.000000
2024-12-31,137.984798,138.024794,133.786177,134.246017,155659200.000000
2025-01-02,135.955453,138.834515,134.585907,138.264694,198247200.000000
2025-01-03,139.964138,144.852536,139.684231,144.422684,229322500.000000
2025-01-06,148.541336,152.110175,147.771600,149.381058,265377400.000000
2025-01-07,152.979879,153.079852,139.964139,140.094101,351782200.000000
2025-01-08,142.533294,143.902841,137.514934,140.064102,227349900.000000
2025-01-10,137.404983,139.874175,134.176045,135.865494,207602500.000000
2025-01-13,129.947427,133.446280,129.467573,133.186356,204808900.000000
2025-01-14,136.005430,136.335324,130.007396,131.716827,195590500.000000
2025-01-15,133.606225,136.405311,131.246998,136.195389,185217300.000000
2025-01-16,138.594576,138.704541,133.446269,133.526245,209235600.000000
2025-01-17,136.645232,138.454636,135.415639,137.664902,201188800.000000
2025-01-21,139.114423,141.783547,137.045094,140.783875,197749000.000000
2025-01-22,144.612621,147.741585,143.622940,147.021835,237651400.000000
2025-01-23,145.002496,147.181775,143.672930,147.171783,155915500.000000
2025-01-24,148.321405,148.921214,141.833540,142.573288,234657600.000000
2025-01-27,124.759125,128.357937,116.661772,118.381210,818830900.000000
2025-01-28,121.770098,128.957745,116.211921,128.947754,579666400.000000
2025-01-29,126.458563,126.848435,120.010679,123.659477,467120600.000000
2025-01-30,123.059689,124.959068,118.061326,124.609184,392925500.000000
2025-01-31,123.739454,127.808121,119.150961,120.030670,388161100.000000
2025-02-03,114.712410,118.531158,112.972982,116.621788,371235700.000000
2025-02-04,116.921681,121.160290,116.661764,118.611130,256550000.000000
2025-02-05,121.720122,124.959058,120.720449,124.789116,262230800.000000
2025-02-06,127.378281,128.727845,125.169006,128.637863,251483600.000000
2025-02-07,129.177663,130.327280,124.959044,129.797455,228186300.000000
2025-02-10,130.047374,134.955769,129.917427,133.526245,216989100.000000
2025-02-11,132.536586,134.435958,130.977100,132.756516,178902400.000000
2025-02-12,129.977418,132.196692,129.037723,131.097046,160278600.000000
2025-02-13,131.516893,136.455277,131.127021,135.245667,197430000.000000
2025-02-14,136.435286,139.204383,135.455611,138.804520,195479600.000000
2025-02-18,141.223738,143.393025,137.884820,139.354340,219176600.000000
2025-02-19,139.464310,141.313710,137.175066,139.184402,167536000.000000
2025-02-20,139.984127,140.613925,136.745182,140.064102,143903600.000000
2025-02-21,139.994119,141.413667,133.986093,134.385956,228217600.000000
2025-02-24,136.515277,138.544611,130.037404,130.237335,251381100.000000
2025-02-25,129.937425,130.157354,124.399246,126.588524,271428700.000000
2025-02-26,129.947429,133.686194,128.447920,131.237000,322553800.000000
2025-02-27,134.955784,134.965775,119.970696,120.110649,443175800.000000
2025-02-28,117.981340,125.049024,116.361876,124.879082,389091100.000000
2025-03-03,123.469546,123.659478,112.243221,114.022636,411381400.000000
2025-03-04,110.613756,119.270916,110.073932,115.952003,398163300.000000
2025-03-05,117.541488,118.241256,114.472494,117.261581,284337900.000000
2025-03-06,113.492813,115.312216,110.183899,110.533783,321181900.000000
2025-03-07,111.213568,113.442841,107.524774,112.653099,341755500.000000
2025-03-10,109.863995,111.813353,105.425448,106.944954,366487400.000000
2025-03-11,106.954948,112.203229,104.735674,108.724373,354865700.000000
2025-03-12,114.093124,116.732502,112.853411,115.712738,323857500.000000
2025-03-13,117.002428,117.732259,113.763193,115.552773,299033100.000000
2025-03-14,118.582058,121.851284,118.122167,121.641335,277593500.000000
2025-03-17,122.711082,122.861048,118.002192,119.501839,255501500.000000
2025-03-18,117.972203,118.991960,114.513019,115.402809,299686900.000000
2025-03-19,117.242368,120.421620,115.652747,117.492310,273426200.000000
2025-03-20,116.522538,120.171672,116.442555,118.502068,248829700.000000
2025-03-21,116.912449,117.962197,115.392803,117.672264,266498500.000000
2025-03-24,119.851755,122.191208,119.311881,121.381401,228452500.000000
2025-03-25,120.521601,121.261425,118.891980,120.661568,167447200.000000
2025-03-26,118.702030,118.811997,112.683444,113.733200,293463300.000000
2025-03-27,111.323765,114.423033,110.633932,111.403748,236902100.000000
2025-03-28,111.463728,112.843408,109.044300,109.644157,229872500.000000
2025-03-31,105.105227,110.933856,103.625580,108.354462,299212700.000000
2025-04-01,108.494433,110.174038,106.444921,110.124054,222614000.000000
2025-04-02,107.264722,111.953620,106.764840,110.393982,220601200.000000
2025-04-03,103.485620,105.605116,101.576066,101.776024,338769400.000000
2025-04-04,98.886703,100.106409,92.088302,94.287781,532273800.000000
2025-04-07,87.439388,101.726021,86.599590,97.616989,611041300.000000
2025-04-08,103.785538,105.825059,94.437743,96.277313,476243400.000000
2025-04-09,98.866705,115.072885,97.507024,114.303070,612918300.000000
2025-04-10,109.344234,110.833881,99.126641,107.544655,437812400.000000
2025-04-11,108.474442,111.523726,107.454685,110.903870,313417300.000000
2025-04-14,114.083122,114.263080,109.044309,110.683922,264705000.000000
2025-04-15,110.943855,113.593232,110.473965,112.173561,228966900.000000
2025-04-16,104.525376,106.764847,100.426336,104.465385,397016900.000000
2025-04-17,104.425389,104.445389,100.026432,101.466087,292517500.000000
2025-04-21,98.746731,99.416579,95.017614,96.887177,288501100.000000
2025-04-22,98.756725,99.786481,97.257078,98.866699,241004800.000000
2025-04-23,104.495370,104.775310,101.995959,102.685799,247526000.000000
2025-04-24,103.455613,106.514890,103.085698,106.404915,220815000.000000
2025-04-25,106.824832,111.893638,105.705101,110.983856,251064700.000000
2025-04-28,109.664164,110.344005,105.995023,108.704391,207708500.000000
2025-04-29,107.644636,110.174038,107.414694,108.994316,170444300.000000
2025-04-30,104.445385,108.894333,104.055477,108.894333,235044600.000000
2025-05-01,113.053357,114.912919,111.273778,111.583702,236121500.000000
2025-05-02,114.153106,115.372820,113.343299,114.473030,190194800.000000
2025-05-05,112.883408,114.642988,112.633467,113.793190,133163200.000000
2025-05-06,111.453748,114.712974,110.793899,113.513260,158525600.000000
2025-05-07,113.023375,117.652282,112.253552,117.032425,206758800.000000
2025-05-08,118.222144,118.652043,115.822708,117.342354,198428100.000000
2025-05-09,117.322352,118.202150,115.182857,116.622520,132972200.000000
2025-05-12,121.941275,122.971031,120.251671,122.971031,225023300.000000
2025-05-13,124.950560,131.189088,124.440678,129.899384,330430100.000000
2025-05-14,133.168610,135.408088,131.648964,135.308105,281180800.000000
2025-05-15,134.258367,136.267903,132.628761,134.798248,226632600.000000
2025-05-16,136.187917,136.317891,133.428573,135.368103,226542500.000000
2025-05-19,132.358797,135.837973,132.358797,135.538055,193154600.000000
2025-05-20,134.258353,134.548293,132.588748,134.348343,161514200.000000
2025-05-21,133.028649,137.367623,130.559230,131.768951,270608700.000000
2025-05-22,132.198841,134.218370,131.519009,132.798706,187344000.000000
2025-05-23,129.969374,132.648736,129.129576,131.259064,198821300.000000
2025-05-27,134.118375,135.628029,133.278577,135.468063,192953600.000000
2025-05-28,135.997958,137.217672,134.758244,134.778244,304021100.000000
2025-05-29,142.216488,143.456201,137.877514,139.157211,369241900.000000
2025-05-30,138.687326,139.587108,132.888689,135.098175,333170900.000000
2025-06-02,135.458087,138.087457,135.368096,137.347641,197663100.000000
2025-06-03,138.747294,141.966537,137.917488,141.186722,225578800.000000
2025-06-04,142.156507,142.356457,139.507122,141.886566,167120800.000000
2025-06-05,142.136510,143.966081,138.797301,139.957031,231397900.000000
2025-06-06,142.476407,143.236237,141.476643,141.686600,153986200.000000
2025-06-09,143.156271,144.965842,141.906565,142.596405,185114500.000000
2025-06-10,142.656381,144.255995,141.496651,143.926086,155881900.000000
2025-06-11,144.585962,144.965904,141.846412,142.806259,167694000.000000
2025-06-12,141.946411,144.975906,141.826436,144.975906,162365000.000000
2025-06-13,142.456306,143.556129,140.826587,141.946396,180820600.000000
2025-06-16,143.326181,146.155697,143.176197,144.665955,183133700.000000
2025-06-17,144.465988,145.195862,143.756099,144.096039,139108000.000000
2025-06-18,143.986054,145.625780,143.096202,145.455811,161494100.000000
2025-06-20,145.425820,146.175696,142.626283,143.826096,242956200.000000
2025-06-23,142.476321,144.755941,142.006398,144.146042,154308900.000000
2025-06-24,145.535790,147.935400,145.475802,147.875397,187566100.000000
2025-06-25,149.245207,154.424339,149.235199,154.284363,269146500.000000
2025-06-26,155.954064,156.693947,153.974397,154.994232,198145700.000000
2025-06-27,156.014078,158.683648,155.234209,157.723801,263234500.000000
2025-06-30,158.373681,158.633647,155.934099,157.963760,194580300.000000
2025-07-01,156.264030,157.173882,151.464839,153.274536,213143600.000000
2025-07-02,152.954567,157.573810,152.944574,157.223862,171224100.000000
2025-07-03,158.343682,160.953249,157.743791,159.313522,143716100.000000
2025-07-07,158.173713,159.283529,157.313855,158.213715,140139000.000000
2025-07-08,159.303532,160.193384,158.363686,159.973419,138133000.000000
2025-07-09,161.193208,164.392673,161.133220,162.852936,183656400.000000
2025-07-10,164.292703,164.472666,161.583147,164.072739,167704100.000000
2025-07-11,163.692796,167.862101,163.442837,164.892593,193633300.000000
2025-07-14,165.342512,165.462502,161.993078,164.042740,136975800.000000
2025-07-15,171.161555,172.371345,169.171880,170.671631,230627400.000000
2025-07-16,171.031576,171.721464,168.871931,171.341522,158831500.000000
2025-07-17,171.991420,174.131063,170.801615,172.971252,160841100.000000
2025-07-18,173.611154,174.221054,171.231545,172.381363,146456400.000000
2025-07-21,172.721299,173.351200,170.971590,171.351532,123126100.000000
2025-07-22,171.311540,171.361535,164.552668,167.002258,193114300.000000
2025-07-23,169.501825,171.231533,167.942087,170.751617,154082200.000000
2025-07-24,172.411349,173.801117,171.271539,173.711136,128984600.000000
2025-07-25,173.581158,174.690975,172.931273,173.471176,122316800.000000
2025-07-28,173.991085,176.970585,173.941090,176.720627,140023500.000000
2025-07-29,177.930440,179.350202,174.990926,175.480835,154077500.000000
2025-07-30,176.480668,179.860111,176.010745,179.240219,174312200.000000
2025-07-31,182.869602,183.269544,175.900759,177.840439,221685400.000000
2025-08-01,174.061065,176.510655,170.861600,173.691132,204529000.000000
2025-08-04,175.130901,180.170056,174.491008,179.970093,148174600.000000
2025-08-05,179.590152,180.230045,175.870769,178.230377,156407600.000000
2025-08-06,176.300700,179.870098,176.220711,179.390182,137192300.000000
2025-08-07,181.539845,183.849459,178.770301,180.739975,151878400.000000
2025-08-08,181.519844,183.269554,180.370026,182.669647,123396700.000000
2025-08-11,182.019747,183.809442,180.220043,182.029739,138323200.000000
2025-08-12,182.929599,184.449335,179.430180,183.129562,145485700.000000
2025-08-13,182.589657,183.939439,179.320212,181.559830,179871700.000000
2025-08-14,179.720119,182.989580,179.430174,181.989746,129554000.000000
2025-08-15,181.849784,181.869769,178.010410,180.420013,156602200.000000
2025-08-18,180.569982,182.909590,180.559974,181.979736,132008000.000000
2025-08-19,182.399674,182.469670,175.460840,175.610809,185229200.000000
2025-08-20,175.140892,175.970756,168.771955,175.370850,215142700.000000
2025-08-21,174.820944,176.870592,173.781109,174.950912,140040900.000000
2025-08-22,172.581323,178.560325,171.171554,177.960434,172789400.000000
2025-08-25,178.320372,181.879778,176.540669,179.780121,163012800.000000
2025-08-26,180.030069,182.359684,178.780277,181.739792,168688200.000000
2025-08-27,181.949766,182.459691,179.070255,181.569839,235518900.000000
2025-08-28,180.789962,184.439349,176.380691,180.140060,281787800.000000
2025-08-29,178.080402,178.120388,173.121219,174.151047,243257900.000000
2025-09-02,169.971748,172.351358,167.192211,170.751617,231164900.000000
2025-09-03,171.031589,172.381371,168.851958,170.591660,164424900.000000
2025-09-04,170.541670,171.831449,169.381859,171.631485,141670100.000000
2025-09-05,168.002091,169.001924,164.042757,166.992264,224441400.000000
2025-09-08,167.522160,170.931597,167.322196,168.282028,163769100.000000
2025-09-09,169.061893,170.951578,166.712292,170.731613,157548400.000000
2025-09-10,176.610649,179.260203,175.440846,177.300537,226852000.000000
2025-09-11,179.660278,180.260218,176.460632,177.150558,151159300.000000
2025-09-12,177.750479,178.580389,176.430616,177.800476,124911000.000000
2025-09-15,175.650726,178.830385,174.490849,177.730499,147061600.000000
2025-09-16,176.980572,177.480517,174.360864,174.860809,140737800.000000
2025-09-17,172.621049,173.180986,168.391518,170.271301,211843800.000000
2025-09-18,173.960896,177.080564,172.941019,176.220657,191763300.000000
2025-09-19,175.750694,178.060438,175.160747,176.650589,237182100.000000
2025-09-22,175.280758,184.529743,174.690827,183.589844,269637000.000000
2025-09-23,181.950020,182.399968,176.190658,178.410400,192559600.000000
2025-09-24,179.750257,179.760250,175.380727,176.950562,143564100.000000
2025-09-25,174.460847,180.240212,173.111005,177.670502,191586700.000000
2025-09-26,178.150439,179.750269,174.910789,178.170441,148573700.000000
2025-09-29,180.410190,183.979806,180.300217,181.830048,193063500.000000
2025-09-30,182.060004,187.329429,181.460063,186.559509,236981000.000000
2025-10-01,185.219671,188.119347,183.879807,187.219452,173844900.000000
2025-10-02,189.579191,191.029029,188.039352,188.869263,136805800.000000
2025-10-03,189.169246,190.339116,185.359667,187.599411,137596900.000000
2025-10-06,185.479634,187.209440,183.309874,185.519623,157678100.000000
2025-10-07,186.209556,189.039247,183.979805,185.019684,140088000.000000
2025-10-08,186.549519,189.579185,186.519508,189.089233,130168900.000000
2025-10-09,192.208884,195.278555,191.039015,192.548859,182997200.000000
2025-10-10,193.488747,195.598516,182.030014,183.139893,268774400.000000
2025-10-13,187.949364,190.089128,185.939590,188.299332,153482800.000000
2025-10-14,184.749708,184.779704,179.680258,180.010223,205641400.000000
2025-10-15,184.779712,184.849697,177.270527,179.810257,214450500.000000
2025-10-16,182.209991,183.259879,179.750270,181.790039,179723300.000000
2025-10-17,180.160215,184.079798,179.730270,183.199890,173135200.000000
2025-10-20,183.109901,185.179666,181.710046,182.619949,128544700.000000
2025-10-21,182.769917,182.769917,179.780255,181.140106,124240200.000000
2025-10-22,181.120114,183.419865,176.740590,180.260208,162249600.000000
2025-10-23,180.400185,183.009899,179.770249,182.139999,111363700.000000
2025-10-24,183.819800,187.449406,183.479841,186.239532,131296700.000000
2025-10-27,189.969144,191.978917,188.409302,191.468979,153452700.000000
2025-10-28,193.028815,203.127697,191.888940,201.007935,297986200.000000
2025-10-29,207.957172,212.166717,204.757526,207.017273,308829600.000000
2025-10-30,205.127468,206.137367,201.387888,202.867722,178864400.000000
2025-10-31,206.427330,207.947167,202.047821,202.467773,179802200.000000
2025-11-03,208.057150,211.316786,205.537422,206.857285,180267300.000000
2025-11-04,202.977707,203.947601,197.908256,198.668182,188919300.000000
2025-11-05,198.748190,202.897729,194.628632,195.188583,171350300.000000
2025-11-06,196.398438,197.598303,186.359546,188.059357,223029800.000000
2025-11-07,184.879705,188.299344,178.890372,188.129349,264942300.000000
2025-11-10,195.088583,199.918054,193.768720,199.028152,198897100.000000
2025-11-11,195.138574,195.398540,191.278998,193.138794,176483300.000000
2025-11-12,195.698520,195.868499,191.109027,193.778732,154935300.000000
2025-11-13,191.029020,191.418976,183.829814,186.839478,207423100.000000
2025-11-14,182.839914,190.989013,180.560166,190.149109,186591900.000000
2025-11-17,185.949578,188.979244,184.299765,186.579514,173628900.000000
2025-11-18,183.359870,184.779713,179.630269,181.340088,213598900.000000
2025-11-19,184.769706,187.839376,182.809930,186.499527,247246400.000000
2025-11-20,195.928479,195.978477,179.830256,180.620163,343504800.000000
2025-11-21,181.220108,184.539736,172.911008,178.860367,346926200.000000
2025-11-24,179.470307,183.479861,176.460627,182.529968,256618300.000000
2025-11-25,174.890792,178.140435,169.531380,177.800476,320600300.000000
2025-11-26,181.610064,182.889922,178.220437,180.240204,183852000.000000
2025-11-28,178.990334,179.270302,176.480615,176.980560,121332800.000000
2025-12-01,174.740816,180.280216,173.660933,179.900253,188131000.000000
2025-12-02,181.740034,185.639614,179.980232,181.440079,182632200.000000
2025-12-03,181.060124,182.429969,179.090339,179.570282,165138000.000000
2025-12-04,181.610172,184.510024,179.950273,183.370087,167364900.000000
2025-12-05,183.880047,184.650009,180.900212,182.400131,143971100.000000
2025-12-08,182.630117,187.989827,182.390124,185.539963,204378100.000000
2025-12-09,185.549956,185.709951,183.310087,184.959991,144719700.000000
2025-12-10,184.959988,185.469955,182.030139,183.770050,162785400.000000
2025-12-11,180.270238,181.310190,176.610432,180.920197,182136600.000000
2025-12-12,181.100195,182.810109,174.610541,175.010529,204274900.000000
2025-12-15,177.930376,178.410346,175.020530,176.280457,164775600.000000
2025-12-16,176.250460,178.480351,174.890533,177.710388,148588100.000000
2025-12-17,176.090480,176.120477,170.300785,170.930756,222775500.000000
2025-12-18,174.520548,176.140455,171.810703,174.130569,176096000.000000
2025-12-19,176.660436,181.440176,176.330452,180.980209,324925900.000000
2025-12-22,183.910037,184.150029,182.340130,183.680054,129064400.000000
2025-12-23,182.960100,189.319757,182.890097,189.199768,174873600.000000
2025-12-24,187.929831,188.899779,186.579898,188.599792,65528500.000000
2025-12-26,189.909716,192.679571,187.989822,190.519684,139740300.000000
2025-12-29,187.699841,188.749772,185.899936,188.209808,120006100.000000
2025-12-30,188.229821,188.979780,186.919879,187.529846,97687300.000000
2025-12-31,189.559755,190.549692,186.479920,186.489914,120100500.000000
2026-01-02,189.829719,192.919548,188.249803,188.839783,148240500.000000
2026-01-05,191.749620,193.619529,186.139923,188.109818,183529700.000000
2026-01-06,190.509695,192.159600,186.809898,187.229874,176862600.000000
2026-01-07,188.559798,191.359634,186.549897,189.099762,153543200.000000
2026-01-08,189.099771,189.539749,183.700069,185.029984,172457000.000000
2026-01-09,185.069980,186.329906,183.660053,184.849991,131327500.000000
2026-01-12,183.210085,187.109867,183.010098,184.929993,137968500.000000
2026-01-13,184.989988,188.099821,183.390069,185.799942,160128900.000000
2026-01-14,184.310025,184.450017,180.790212,183.130081,159586100.000000
2026-01-15,186.489913,189.689737,186.319924,187.039886,206188600.000000
2026-01-16,189.069761,190.429688,186.069924,186.219910,187967200.000000
2026-01-20,181.890143,182.370128,177.600382,178.060364,223345300.000000
2026-01-21,179.040316,185.369975,178.390342,183.310089,200381000.000000
2026-01-22,184.739995,186.159916,183.920032,184.829987,139636600.000000
2026-01-23,187.489847,189.589739,186.809891,187.659836,142748100.000000
2026-01-26,187.149880,189.109766,185.979945,186.459915,124799600.000000
2026-01-27,187.229867,189.989712,185.689942,188.509796,143711600.000000
2026-01-28,191.259657,192.339600,189.829727,191.509644,148552700.000000
2026-01-29,191.329638,193.469521,186.049925,192.499573,171764400.000000
2026-01-30,191.199657,194.479478,189.459746,191.119659,179489500.000000
2026-02-02,187.189871,190.289709,184.870004,185.599960,165794100.000000
2026-02-03,186.229920,186.259918,176.220453,180.330231,204019600.000000
2026-02-04,179.450291,179.570280,171.900697,174.180573,207014100.000000
2026-02-05,174.920520,176.810432,171.020737,171.870697,206312900.000000
2026-02-06,176.680434,186.989874,174.590551,185.399963,231346200.000000
2026-02-09,184.250023,193.649523,183.940042,190.029709,196387400.000000
2026-02-10,191.369643,192.469574,188.109810,188.529785,136764800.000000
2026-02-11,192.439583,193.249536,188.759789,190.039719,144192700.000000
2026-02-12,193.019553,193.599523,186.499901,186.929886,189932500.000000
2026-02-13,187.469855,187.489859,181.580175,182.800110,161888000.000000
2026-02-17,181.740164,187.139866,179.170296,184.959991,162276900.000000
2026-02-18,188.739781,190.359688,186.749883,187.969818,164749100.000000
2026-02-19,187.049881,188.419802,185.649962,187.889832,126554500.000000
2026-02-20,186.559914,190.319705,185.929943,189.809738,178422300.000000
2026-02-23,191.389641,193.939506,189.569748,191.539642,171584800.000000
2026-02-24,191.479642,193.759517,187.389852,192.839569,175123600.000000
2026-02-25,194.439467,197.619303,193.779500,195.549408,250637100.000000
2026-02-26,194.259487,194.279475,184.310028,184.879990,360807900.000000
2026-02-27,181.240198,182.580122,176.370466,177.180420,311636500.000000
2026-03-02,175.000526,183.450081,174.630551,182.470123,209095300.000000
2026-03-03,178.480340,180.890198,176.910417,180.040253,178099400.000000
2026-03-04,180.430240,184.690004,180.050256,183.030090,177731200.000000
2026-03-05,181.160197,184.050040,177.870382,183.330078,198779700.000000
2026-03-06,179.830259,182.750099,176.810433,177.810379,189021900.000000
2026-03-09,176.820429,182.900102,175.550494,182.640106,177213600.000000
2026-03-10,182.390128,186.429918,182.000149,184.760010,179118500.000000
2026-03-11,185.910004,187.619995,184.449997,186.029999,145280400.000000
2026-03-12,184.050003,184.940002,181.750000,183.139999,155762700.000000
2026-03-13,184.919998,186.089996,179.940002,180.250000,160988400.000000
2026-03-16,182.970001,188.880005,181.410004,183.220001,217307400.000000
2026-03-17,185.059998,185.399994,181.679993,181.929993,182497800.000000
2026-03-18,182.479996,183.380005,180.330002,180.399994,156683100.000000
2026-03-19,178.009995,179.979996,175.789993,178.559998,170968500.000000
2026-03-20,178.000000,178.259995,171.720001,172.699997,241323500.000000
2026-03-23,177.259995,178.369995,174.759995,175.639999,182836300.000000
2026-03-24,174.830002,176.220001,173.979996,175.199997,147667800.000000
2026-03-25,177.100006,181.220001,176.850006,178.679993,162602100.000000
2026-03-26,176.070007,176.509995,171.139999,171.240005,186152200.000000
2026-03-27,170.000000,170.970001,167.009995,167.520004,196212700.000000
2026-03-30,168.779999,169.449997,164.270004,165.169998,185627000.000000
2026-03-31,166.970001,174.619995,166.960007,174.399994,226181300.000000
2026-04-01,176.000000,177.369995,174.750000,175.750000,168132000.000000
2026-04-02,172.179993,177.490005,171.369995,177.389999,143143200.000000
2026-04-06,177.160004,177.789993,175.759995,177.639999,107564300.000000
2026-04-07,175.729996,178.229996,173.660004,178.100006,132534900.000000
2026-04-08,184.500000,185.259995,180.300003,182.080002,147732700.000000
2026-04-09,181.839996,184.080002,180.619995,183.910004,116428500.000000
2026-04-10,184.309998,190.000000,184.300003,188.630005,160459500.000000
2026-04-13,186.029999,189.660004,185.740005,189.309998,133648200.000000
2026-04-14,190.839996,196.509995,190.770004,196.509995,161307000.000000
2026-04-15,196.539993,200.399994,195.740005,198.869995,185338400.000000
2026-04-16,197.429993,199.850006,195.809998,198.350006,134012900.000000
2026-04-17,199.899994,201.699997,199.270004,201.679993,160324400.000000
2026-04-20,199.979996,202.169998,197.839996,202.059998,119381400.000000
2026-04-21,202.130005,202.750000,199.000000,199.880005,107945300.000000
2026-04-22,200.990005,202.500000,199.000000,202.500000,107501000.000000
2026-04-23,202.460007,203.830002,197.220001,199.639999,113561800.000000
2026-04-24,199.960007,210.949997,199.809998,208.270004,214134400.000000
2026-04-27,209.649994,216.830002,207.380005,216.610001,187172400.000000
2026-04-28,209.490005,214.729996,208.199997,213.169998,180275400.000000
2026-04-29,212.699997,212.720001,207.580002,209.250000,123711800.000000
2026-04-30,209.929993,210.300003,198.699997,199.570007,225239200.000000
2026-05-01,201.279999,203.000000,197.119995,198.449997,128647000.000000
2026-05-04,199.500000,201.729996,194.740005,198.479996,125368100.000000
2026-05-05,199.300003,200.240005,196.029999,196.500000,113406600.000000
2026-05-06,199.889999,208.270004,198.610001,207.830002,188362800.000000
2026-05-07,208.339996,214.199997,206.500000,211.500000,168307900.000000
2026-05-08,213.029999,217.800003,212.889999,215.199997,136421400.000000
2026-05-11,214.039993,222.300003,213.889999,219.440002,160685800.000000
2026-05-12,218.550003,223.750000,214.919998,220.779999,159176600.000000
2026-05-13,224.929993,227.839996,221.570007,225.830002,150405400.000000
2026-05-14,229.850006,236.539993,229.300003,235.740005,180782900.000000
2026-05-15,229.759995,231.500000,224.240005,225.320007,180977600.000000
2026-05-18,229.869995,230.000000,218.369995,222.320007,146280900.000000
2026-05-19,219.619995,224.479996,217.910004,220.610001,140948200.000000
2026-05-20,223.179993,226.130005,220.500000,223.470001,184201600.000000
2026-05-21,222.289993,227.399994,217.929993,219.509995,203381800.000000
2026-05-22,220.899994,221.009995,214.800003,215.330002,169275700.000000
2026-05-26,216.539993,218.179993,212.000000,214.860001,187202600.000000
2026-05-27,214.119995,214.149994,208.779999,212.600006,167601200.000000
2026-05-28,211.279999,215.520004,211.220001,214.250000,143996000.000000
2026-05-29,214.580002,217.860001,211.130005,211.139999,289410600.000000
2026-06-01,215.729996,224.869995,215.699997,224.360001,212850700.000000
2026-06-02,227.179993,232.279999,221.350006,222.820007,193362900.000000
2026-06-03,221.720001,222.820007,214.509995,214.750000,160907000.000000
2026-06-04,213.910004,221.600006,210.970001,218.660004,169022200.000000
2026-06-05,214.529999,214.869995,204.330002,205.100006,219655500.000000
2026-06-08,210.179993,210.470001,206.000000,208.639999,138372800.000000
2026-06-09,210.619995,211.399994,199.339996,208.190002,180962500.000000
2026-06-10,204.429993,207.220001,199.919998,200.419998,161746600.000000
2026-06-11,201.490005,205.660004,199.539993,204.869995,158643200.000000
2026-06-12,204.860001,207.070007,203.440002,205.190002,112001800.000000
2026-06-15,208.919998,212.710007,208.339996,212.449997,149936700.000000
2026-06-16,211.179993,211.490005,207.289993,207.410004,125694100.000000
2026-06-17,208.529999,209.210007,203.080002,204.649994,128363500.000000
2026-06-18,207.330002,211.389999,206.500000,210.690002,241272000.000000
2026-06-22,211.440002,213.990005,207.720001,208.649994,122041400.000000
2026-06-23,202.169998,203.770004,200.000000,200.039993,153496200.000000
2026-06-24,200.119995,201.669998,196.580002,199.000000,151810700.000000
2026-06-25,200.080002,200.800003,192.130005,195.740005,149550000.000000
2026-06-26,193.119995,195.550003,191.220001,192.529999,179304100.000000
2026-06-29,193.850006,196.179993,189.800003,194.970001,148835700.000000
2026-06-30,197.240005,200.630005,195.110001,200.089996,166476700.000000
2026-07-01,196.199997,199.850006,193.449997,197.580002,146147600.000000
2026-07-02,197.139999,200.059998,192.350006,194.830002,142068700.000000
2026-07-06,194.419998,197.550003,193.990005,195.550003,108999000.000000
2026-07-07,192.369995,198.410004,191.139999,196.929993,124154600.000000
2026-07-08,195.179993,205.160004,195.059998,204.119995,147419100.000000
2026-07-09,204.460007,204.580002,198.970001,202.779999,130728739.000000
